"Hash","Path"
"88E75E497157E4CEA934D8E8B5144205AFBBC6B45427FF7B633A35C8929E0A4A","D:\Projetos\Neoeffex\neoeffex-site\modelos\GEMINI.md"
"B288523713DECD775482B6813236235B5B94D411851431A851D71DB45C3BA01D","D:\Projetos\Neoeffex\neoeffex-site\modelos\barbearia\index.html"
"F10EDABF5F7E2588FE05637A1274DE65AB2FA9D9CA8DB825E5FCFB8391EC38D3","D:\Projetos\Neoeffex\neoeffex-site\modelos\barbearia\README.md"
"85C2F4F29475DD681116DA97391A9545A2839C7CD66C5AC76281DAE03911880B","D:\Projetos\Neoeffex\neoeffex-site\modelos\barbearia\assets\css\style.css"
"1DAC58D87A86168432270FDF532428F8CBEF6A2461C4FDDF2FECF881BE945F64","D:\Projetos\Neoeffex\neoeffex-site\modelos\barbearia\assets\img\acabamento-barba.jpg"
"233AF6ECD1B6E6668477902D57D6946A7E37B0600F13C5B603C72375F32120CD","D:\Projetos\Neoeffex\neoeffex-site\modelos\barbearia\assets\img\ambiente.jpg"
"33661474B63F8F5761C9D694D6F13F28836401A2631B73CA055B1E82DD010403","D:\Projetos\Neoeffex\neoeffex-site\modelos\barbearia\assets\img\barbeiro-hero.jpg"
"D4DA2BDE39D781D083291E5C7D16D89CE12F0526C7FD16FAA1D872194B474FFE","D:\Projetos\Neoeffex\neoeffex-site\modelos\barbearia\assets\img\cliente.jpg"
"ADEB877E66F5EBE639B97EF77A10E825FB550548849F3F009F0E3FA2E9A6D582","D:\Projetos\Neoeffex\neoeffex-site\modelos\barbearia\assets\img\ferramentas.jpg"
"FD8EEF800997357B97BD44EF0935DFA45FDCF5C28ED5558B9CD51AB71AE1E07E","D:\Projetos\Neoeffex\neoeffex-site\modelos\barbearia\assets\js\main.js"
"425ED83C2783BEC7789DBFBB067674FF5F60E18684364E93F09625A80BE4E0A7","D:\Projetos\Neoeffex\neoeffex-site\modelos\clinica-odontologica\GEMINI.md"
"292FBA4C575DF9BE4D3C2619EFD5C481070737282DE897C794CC7C34E9917554","D:\Projetos\Neoeffex\neoeffex-site\modelos\clinica-odontologica\index.html"
"91F35D7890AE8664360DF311AED62E373B0A3065C0F1990ADCAC582D2A800C16","D:\Projetos\Neoeffex\neoeffex-site\modelos\clinica-odontologica\README.md"
"D888A09F1C3C700FF40D06CF0CFBDAB5995D787A82DD08E145EDA0B890C22489","D:\Projetos\Neoeffex\neoeffex-site\modelos\clinica-odontologica\TESTES.md"
"16C5B86F2D339D431BD4BC6A0D66E1A6F3A340DB5EDF6584FA3AE1D03FDAB623","D:\Projetos\Neoeffex\neoeffex-site\modelos\clinica-odontologica\VALIDACAO.md"
"088F5F605D5E5D214F547E26E9D63A0191103881CB15A38480818DD698EEFDD2","D:\Projetos\Neoeffex\neoeffex-site\modelos\clinica-odontologica\assets\css\style.css"
"A30DDCD349703AFF7464C34BEF3FFFDFF405EE50C113440D7C8693C02D210972","D:\Projetos\Neoeffex\neoeffex-site\modelos\clinica-odontologica\assets\fonts\font-1.woff2"
"8F074624E50AB805878B26AB5F3E0FA360043D546C35B043947E96A5C7071970","D:\Projetos\Neoeffex\neoeffex-site\modelos\clinica-odontologica\assets\fonts\font-2.woff2"
"E0C764A8E9E1CCE92163C55BAC4B2AD6CD4CF8C696CE2289AB5C41565E65B7E2","D:\Projetos\Neoeffex\neoeffex-site\modelos\clinica-odontologica\assets\fonts\font-3.woff2"
"EB975E1D61C121A20C1F93F893747C72AC3DBA9884850423CDB2D9FDC30E3D78","D:\Projetos\Neoeffex\neoeffex-site\modelos\clinica-odontologica\assets\fonts\fonts.css"
"E178BFE7C691E41A2A106CE56F285F079355593DC78E918D30B39CF0714C70D3","D:\Projetos\Neoeffex\neoeffex-site\modelos\clinica-odontologica\assets\fonts\LICENSE-manrope.txt"
"FFDCFCC83D9335EC5C0BCF7BA2B2CBFBAADE71571949FD8E529F914D7045DD4C","D:\Projetos\Neoeffex\neoeffex-site\modelos\clinica-odontologica\assets\fonts\LICENSE-playfairdisplay.txt"
"424B11DDFC447B7AF7D049BF1F571C6C1F860EE8331AD0A894F25FD802936FA9","D:\Projetos\Neoeffex\neoeffex-site\modelos\clinica-odontologica\assets\img\alinhador.webp"
"96D9588D336E8CB80AAE546F86450339DB423B0EFA7DC2A8582AF83D6BD40C29","D:\Projetos\Neoeffex\neoeffex-site\modelos\clinica-odontologica\assets\img\banca.webp"
"E65F5CFB6C6A882C349C26C9520DB12AF8319B312F1A5C9B580C7F6969B104DE","D:\Projetos\Neoeffex\neoeffex-site\modelos\clinica-odontologica\assets\img\clinica-interior.webp"
"2F1D17ACCFB8173E5FDEE98B276DEB28D4CCFD444AF494F5CE04A6B139EABBF3","D:\Projetos\Neoeffex\neoeffex-site\modelos\clinica-odontologica\assets\img\clinica-mobile.webp"
"334F336F2D55F03CABEE5BE383DD0B94AD6F07FEECA7229F0009BFF5C29A595C","D:\Projetos\Neoeffex\neoeffex-site\modelos\clinica-odontologica\assets\img\favicon.svg"
"E446984C3BEB352B34A91A46A0C9FE5E8F845C2CB45DCFFB45DA745482C94E7D","D:\Projetos\Neoeffex\neoeffex-site\modelos\clinica-odontologica\assets\img\hero-clinica.webp"
"07BFBCF52003B10E4E553F27C1D796585942F96283A9FDD488C952F5F15DAD02","D:\Projetos\Neoeffex\neoeffex-site\modelos\clinica-odontologica\assets\img\hero-mobile.webp"
"169437B71FF942643CC65B739E8C687F9DC98EE8B950B9274E20574CF359A63B","D:\Projetos\Neoeffex\neoeffex-site\modelos\clinica-odontologica\assets\img\hero.webp"
"E41037C9442B5ECE39E4BA16BDAE52432F75078AE7C6E504FBDD27B5A364CA9E","D:\Projetos\Neoeffex\neoeffex-site\modelos\clinica-odontologica\assets\img\README.md"
"0E8860B91D14CB5E1E0D8ED36EBD16EF61D490C67254120F98EDA74248AFA6D9","D:\Projetos\Neoeffex\neoeffex-site\modelos\clinica-odontologica\assets\img\salada.webp"
"E6BF5FA53AFDD6BE1FB2D7279DEE13C9B76E2EA3F89B2D3F5487BB6B5F847B70","D:\Projetos\Neoeffex\neoeffex-site\modelos\clinica-odontologica\assets\img\vegetais.webp"
"84EC85BA71CE771A3628683B0AA427C44619C2021A6DCFDB12C2B7DB0E41B549","D:\Projetos\Neoeffex\neoeffex-site\modelos\clinica-odontologica\assets\js\catalog.js"
"9A958FBDC5E6BF66DC129DF63074C5E2C2A8F84822B217D48AFA1AEBE59FAE91","D:\Projetos\Neoeffex\neoeffex-site\modelos\clinica-odontologica\assets\js\config.js"
"325D9C1F40A28559B4B5DD8FBEFC3E10FF0B1D2DF9554385D185789AB946630E","D:\Projetos\Neoeffex\neoeffex-site\modelos\clinica-odontologica\assets\js\main.js"
"59F73D8B2417A51A5A41BB2C4154AAC1E7E4CA06EADFA07BCB49EE59433746C7","D:\Projetos\Neoeffex\neoeffex-site\modelos\clinica-odontologica\assets\js\theme-config.js"
"15FA3C4701CC431DFF48C700488C9BFB7D616963652A0BC2D73F490E41EF9988","D:\Projetos\Neoeffex\neoeffex-site\modelos\clinica-odontologica\assets\js\theme.js"
"E009776815D2637A7696AD56BB788D2175ECFACAD66A61766EEB50B0719FE994","D:\Projetos\Neoeffex\neoeffex-site\modelos\hamburgueria\CHANGELOG.md"
"DC95539A26DE634164ED36B147040C5BE50A4E29E98E5C1CDE86F0DCE4EFA492","D:\Projetos\Neoeffex\neoeffex-site\modelos\hamburgueria\GEMINI.md"
"7B781CC2156AA80CF062957DC805B7EE774AF9186B7493F7B0D3D6A13B7F16B5","D:\Projetos\Neoeffex\neoeffex-site\modelos\hamburgueria\index.html"
"6BEA7B4DD32BE21B093FF5098830487E173C97C9D3FE2C6BE30177612DDB0F64","D:\Projetos\Neoeffex\neoeffex-site\modelos\hamburgueria\package-lock.json"
"F6B8D73E00FDB8C11E55ECE8F998290D6BFFE1CFF034C0FA1236E4DB5E938C4F","D:\Projetos\Neoeffex\neoeffex-site\modelos\hamburgueria\package.json"
"0A60053FCB1F88624E22F7A29674154136F8004AAB94C525EC7F405ED6871CF4","D:\Projetos\Neoeffex\neoeffex-site\modelos\hamburgueria\README.md"
"BE98F0E67023F46FF8C80F0F64406D49A7B9A5B6E9576B77B86D07A4DFFD2310","D:\Projetos\Neoeffex\neoeffex-site\modelos\hamburgueria\VERSION"
"906D063A7A7E85775FD84713CCFDECBD9DA95AEDC757C263E6F419CD11E37B5D","D:\Projetos\Neoeffex\neoeffex-site\modelos\hamburgueria\vite.config.js"
"807DCD775957661A658B0D6E7C9374E440AEEC43A82864BF61F97FC416306AAE","D:\Projetos\Neoeffex\neoeffex-site\modelos\hamburgueria\assets\css\site.css"
"B3E05940CAF2D44BC1F1F9150B7DD55771BA69B871162EE0266521A1D5356FBD","D:\Projetos\Neoeffex\neoeffex-site\modelos\hamburgueria\assets\img\thumbnail.webp"
"CA84C58DA7BF2AFDAC09BC45E4748C216DCD69C2379D217CF14B3FF69CDF371D","D:\Projetos\Neoeffex\neoeffex-site\modelos\hamburgueria\assets\js\burger3d.js"
"A660C5C5F4791E98DBE281FE0A054316BBE4E88347806700AB67681BC0314AE5","D:\Projetos\Neoeffex\neoeffex-site\modelos\hamburgueria\assets\js\catalog.js"
"E045ECC1DE26EF894CC8DF4A02D7C736A5C2C1CDCA38047FBB27FBEB8C0FDCE6","D:\Projetos\Neoeffex\neoeffex-site\modelos\hamburgueria\assets\js\config.js"
"04368B18B5BD92F6AEEC2BA2E32B5DBDF11B5317B6232845A227058DF4BAC313","D:\Projetos\Neoeffex\neoeffex-site\modelos\hamburgueria\assets\js\main.js"
"D6484FFB487BB61EDA6B8FABA32B11153A440AEC9029045AFDD0635732D5F493","D:\Projetos\Neoeffex\neoeffex-site\modelos\hamburgueria\assets\js\site.js"
"84FD7DA25244EDCF60C45CA3B87906A493CDDFF456398B0CD6416C1C77E17653","D:\Projetos\Neoeffex\neoeffex-site\modelos\hamburgueria\hdr\burger-studio.hdr"
"270C6013EC4E0D7792A20B7C483779AE702DF5317E08FEB151B296BC74007532","D:\Projetos\Neoeffex\neoeffex-site\modelos\hamburgueria\models\burger.glb"
"303E9C05F1FE94F147120C4B811C0ED69AF7D629C8D3383B8ACC075782318CF3","D:\Projetos\Neoeffex\neoeffex-site\modelos\hamburgueria\node_modules\.package-lock.json"
"020B954FD13A2C5EE8AABD5A73E24C10A4750099ED5E02F07DC7265C6758A054","D:\Projetos\Neoeffex\neoeffex-site\modelos\hamburgueria\node_modules\.bin\esbuild"
"B00AFC3761267058834AB0968F58748F0422EFE0EB0321540544770CAFBF7A69","D:\Projetos\Neoeffex\neoeffex-site\modelos\hamburgueria\node_modules\.bin\esbuild.cmd"
"9A24EFC13FB6EF9DEF6C5AAF7787E7203D0982E2AB8627B64A41EB033945B7F5","D:\Projetos\Neoeffex\neoeffex-site\modelos\hamburgueria\node_modules\.bin\esbuild.ps1"
"49446FA7E9EA1B36B205BAB243F2928F1230D8DBEB09881EEF1D039149AD3238","D:\Projetos\Neoeffex\neoeffex-site\modelos\hamburgueria\node_modules\.bin\nanoid"
"65F7AFB9E8BF7FD4FF2087803C18E8818334768BFE92B9C1F28346050678C0CA","D:\Projetos\Neoeffex\neoeffex-site\modelos\hamburgueria\node_modules\.bin\nanoid.cmd"
"C2B48C0422548661C689493B3249B16F93599CA15FC3AF5E821F9E6BCCBE2AAD","D:\Projetos\Neoeffex\neoeffex-site\modelos\hamburgueria\node_modules\.bin\nanoid.ps1"
"5CC55C2746B1A59C588127263B254384B08DD08DE5B170C52796453F8A762B46","D:\Projetos\Neoeffex\neoeffex-site\modelos\hamburgueria\node_modules\.bin\rollup"
"F3A19226BEDBF80C0CDFE75EEAADC21C74C7A58E04BFF23A134F809F71AE2210","D:\Projetos\Neoeffex\neoeffex-site\modelos\hamburgueria\node_modules\.bin\rollup.cmd"
"095EA547E7DBA18C0F9679B21C8237D776916D61CC56967B34CEF1CEA7BC592B","D:\Projetos\Neoeffex\neoeffex-site\modelos\hamburgueria\node_modules\.bin\rollup.ps1"
"FDF31CF5E7B6CBFA65C2111D4FEC53A7484C038AEAC028F3718AB565C171B7ED","D:\Projetos\Neoeffex\neoeffex-site\modelos\hamburgueria\node_modules\.bin\vite"
"E865893C8F57FF153C66CF80AAC687F436B457922D9585495BECEE81C927E910","D:\Projetos\Neoeffex\neoeffex-site\modelos\hamburgueria\node_modules\.bin\vite.cmd"
"FB22A675C5BF414D459A8B07172D5CC073C7D51520BED1D7D6F1652E3FD1F3EA","D:\Projetos\Neoeffex\neoeffex-site\modelos\hamburgueria\node_modules\.bin\vite.ps1"
"10BE7C5BAE47E8AD88458C884BC6607484FABEE72C2B3E7DD47A4F67C674EC8A","D:\Projetos\Neoeffex\neoeffex-site\modelos\hamburgueria\node_modules\.vite\deps\chunk-IT3TP6RZ.js"
"F813505C4CDD38DDE8EEC1D27925CDD7A6D37B1274CA2756A308BF52157E411F","D:\Projetos\Neoeffex\neoeffex-site\modelos\hamburgueria\node_modules\.vite\deps\chunk-IT3TP6RZ.js.map"
"8C723A7C38BC36D47E7CE46CF14E647CDD9C30C8EB52E129D8B6EC5F19A7D098","D:\Projetos\Neoeffex\neoeffex-site\modelos\hamburgueria\node_modules\.vite\deps\gsap.js"
"F20C8B0CA7DD2B9FBC850270C9722026D369E01304E61ACCB1A7E5AE016A5BB1","D:\Projetos\Neoeffex\neoeffex-site\modelos\hamburgueria\node_modules\.vite\deps\gsap.js.map"
"69B4960FA6530AA8AEC79E41F6D5C7D06D7E1E29E8CEF2EAAAAA5AF7856B4489","D:\Projetos\Neoeffex\neoeffex-site\modelos\hamburgueria\node_modules\.vite\deps\gsap_ScrollTrigger.js"
"1D984A56F813C09BB104A3DBF31240EC41824FFFB99122EFB58B1FEEA7209493","D:\Projetos\Neoeffex\neoeffex-site\modelos\hamburgueria\node_modules\.vite\deps\gsap_ScrollTrigger.js.map"
"3CA9D4AFD21425087CF31893B8F9F63C81B0B8408DB5E343CA76E5F8AA26AB9A","D:\Projetos\Neoeffex\neoeffex-site\modelos\hamburgueria\node_modules\.vite\deps\package.json"
"F867F2C646B74019918D1280A4B9B1BFEF9251C4F64CEF672EB4700FB27B4E95","D:\Projetos\Neoeffex\neoeffex-site\modelos\hamburgueria\node_modules\.vite\deps\three.js"
"ED562B0BBA7EE7214E56AC7F728054B3496BEC4597C94A4EB7B4179E6F5CB1C9","D:\Projetos\Neoeffex\neoeffex-site\modelos\hamburgueria\node_modules\.vite\deps\three.js.map"
"45F04782CF56F544594FBE3D3F0E0944F2837F7956574187F67476244085543E","D:\Projetos\Neoeffex\neoeffex-site\modelos\hamburgueria\node_modules\.vite\deps\three_examples_jsm_loaders_GLTFLoader__js.js"
"FB7366D7D80E166A6DA02702843A592096BC4CFB18D86B12FA9B7D94DDB11F9D","D:\Projetos\Neoeffex\neoeffex-site\modelos\hamburgueria\node_modules\.vite\deps\three_examples_jsm_loaders_GLTFLoader__js.js.map"
"6C85802C0FD0509C036CDCFE8CB2103A5E85B64F58C2F3F0BF538C85B66176A6","D:\Projetos\Neoeffex\neoeffex-site\modelos\hamburgueria\node_modules\.vite\deps\three_examples_jsm_loaders_RGBELoader__js.js"
"4F919E68BF2413A82D765879ED5483CACDF2A93E2DDF48040126365268E672D7","D:\Projetos\Neoeffex\neoeffex-site\modelos\hamburgueria\node_modules\.vite\deps\three_examples_jsm_loaders_RGBELoader__js.js.map"
"30782F9B1F0EDA827E0C03A9F5FE52F7969A4F0DE6CF7A0B93517F49E0C24A9E","D:\Projetos\Neoeffex\neoeffex-site\modelos\hamburgueria\node_modules\.vite\deps\_metadata.json"
"C7BEE37877D0AA6A046E52783FA0A2CF1A9CE5579D68BB3083BDA99D4BFF18EF","D:\Projetos\Neoeffex\neoeffex-site\modelos\hamburgueria\node_modules\@esbuild\win32-x64\esbuild.exe"
"89382DF45735EDCD917C492A810AB514920FA07D36C653CDC122BDFD8F526964","D:\Projetos\Neoeffex\neoeffex-site\modelos\hamburgueria\node_modules\@esbuild\win32-x64\package.json"
"29CF512FA580B72392176BF694933AE0DECAF18116FDEEE917511B445411CE16","D:\Projetos\Neoeffex\neoeffex-site\modelos\hamburgueria\node_modules\@esbuild\win32-x64\README.md"
"E69C8484D9BDEA8F79E7ECC19E4B0873ECD54DE8CFFBDDFA096AC99368A62892","D:\Projetos\Neoeffex\neoeffex-site\modelos\hamburgueria\node_modules\@rollup\rollup-win32-x64-gnu\package.json"
"BBA1939DB0BF57B3866E2BE5E626A492EEBBBD3A33F1DC22E1488ED407CF918F","D:\Projetos\Neoeffex\neoeffex-site\modelos\hamburgueria\node_modules\@rollup\rollup-win32-x64-gnu\README.md"
"00D113E96CF6AADA34CF8EC25CDA7AAC42D4FD21747E19D2D6F976AEC9D6F7EB","D:\Projetos\Neoeffex\neoeffex-site\modelos\hamburgueria\node_modules\@rollup\rollup-win32-x64-gnu\rollup.win32-x64-gnu.node"
"F131C88FA5EBC9E1471694920EC4DD2C5F7B603AEDB97E33B273E67CA4E8421F","D:\Projetos\Neoeffex\neoeffex-site\modelos\hamburgueria\node_modules\@rollup\rollup-win32-x64-msvc\package.json"
"9606170B2FB075C71267AC5463D2D93F9198A6D29FDA49F5F342F99E676BC06B","D:\Projetos\Neoeffex\neoeffex-site\modelos\hamburgueria\node_modules\@rollup\rollup-win32-x64-msvc\README.md"
"41C70CB8A18E7C576FFA5E8304C790225258E874D6BBD1476C8666BA270D7D63","D:\Projetos\Neoeffex\neoeffex-site\modelos\hamburgueria\node_modules\@rollup\rollup-win32-x64-msvc\rollup.win32-x64-msvc.node"
"5E7C558636932E615EFA25B9ECDEFF5E80436E646B16084C7554B66AE1FE9103","D:\Projetos\Neoeffex\neoeffex-site\modelos\hamburgueria\node_modules\@types\estree\flow.d.ts"
"751764BB94219B4CE8F5475DC35D3DE2E432FEA01A0C9610CD7F69AD05E398C6","D:\Projetos\Neoeffex\neoeffex-site\modelos\hamburgueria\node_modules\@types\estree\index.d.ts"
"C2CFCCB812FE482101A8F04597DFC5A9991A6B2748266C47AC91B6A5AAE15383","D:\Projetos\Neoeffex\neoeffex-site\modelos\hamburgueria\node_modules\@types\estree\LICENSE"
"3537A6A503F57901111D8A29DF81962887653DEB199B9A795C7FB50BBFDD1BDC","D:\Projetos\Neoeffex\neoeffex-site\modelos\hamburgueria\node_modules\@types\estree\package.json"
"284DAA8EE1DEB294176001D299E950B7AF96026497C7147E000F15C00EE6F541","D:\Projetos\Neoeffex\neoeffex-site\modelos\hamburgueria\node_modules\@types\estree\README.md"
"612294E278914443BDCF81CB17F54AFEC34DBDD2EBD999A6EE187912320CC315","D:\Projetos\Neoeffex\neoeffex-site\modelos\hamburgueria\node_modules\esbuild\install.js"
"B40EC5BAEC7BB34FA5B1C09521FA3CD52D5FAD7ADAFED74932A2010D3612A681","D:\Projetos\Neoeffex\neoeffex-site\modelos\hamburgueria\node_modules\esbuild\LICENSE.md"
"9D0BC453F4E791553C4CC2298BA023B409241FD9801E494741666EB0F6051490","D:\Projetos\Neoeffex\neoeffex-site\modelos\hamburgueria\node_modules\esbuild\package.json"
"6D481CD60EC3C679E5E395F547AB4221147F35642894F6B95A8DF38FD25C87BD","D:\Projetos\Neoeffex\neoeffex-site\modelos\hamburgueria\node_modules\esbuild\README.md"
"183D6EAD2DBC3AF51AEC767D5395F86FE54FBBC2D2AA8E54FEB4E31D76A62F7E","D:\Projetos\Neoeffex\neoeffex-site\modelos\hamburgueria\node_modules\esbuild\bin\esbuild"
"E078310F23F0CCFA28A6AC81B5FAD81F27150E921F92AB6E648CAAB42E2D9A14","D:\Projetos\Neoeffex\neoeffex-site\modelos\hamburgueria\node_modules\esbuild\lib\main.d.ts"
"61EC0BA144FF93F4BF0E96AD6FAB6F430EDE0AA13E27ACE8063ED63BA416B3CD","D:\Projetos\Neoeffex\neoeffex-site\modelos\hamburgueria\node_modules\esbuild\lib\main.js"
"9A39F2AADAB11A3697EDD668FF2D8AD885B649737B7AB4D3BF12B34E5ADA0C86","D:\Projetos\Neoeffex\neoeffex-site\modelos\hamburgueria\node_modules\fdir\LICENSE"
"ACA49395D61EF383A09F74555C66ED45817CA2B5724E710A4DC9E0471B83D8F5","D:\Projetos\Neoeffex\neoeffex-site\modelos\hamburgueria\node_modules\fdir\package.json"
"99BA9A269BF78C24621C0EAAEE2978FD2DEEA1680C147EDE89EB2F900EA1D562","D:\Projetos\Neoeffex\neoeffex-site\modelos\hamburgueria\node_modules\fdir\README.md"
"EC92C1FDD78905A7B6D1EA3391AECA2CF19D10E6BBD04DB0DE158FBFC8B6CFF4","D:\Projetos\Neoeffex\neoeffex-site\modelos\hamburgueria\node_modules\fdir\dist\index.cjs"
"84E9A7A30ADFBE64E51DE98C71CC5B8403F6C1AF16301C6F40FC2FEBC4BE6FD3","D:\Projetos\Neoeffex\neoeffex-site\modelos\hamburgueria\node_modules\fdir\dist\index.d.cts"
"84E9A7A30ADFBE64E51DE98C71CC5B8403F6C1AF16301C6F40FC2FEBC4BE6FD3","D:\Projetos\Neoeffex\neoeffex-site\modelos\hamburgueria\node_modules\fdir\dist\index.d.mts"
"4A0266BF60373BC08BCAC35A813587EAD767864B3A80B5DCA10BFF999E05E32D","D:\Projetos\Neoeffex\neoeffex-site\modelos\hamburgueria\node_modules\fdir\dist\index.mjs"
"4A95A34C57663C4EB972968A5E535DD7D5ABE8ACDD5A2B45A57826778172E715","D:\Projetos\Neoeffex\neoeffex-site\modelos\hamburgueria\node_modules\gsap\all.js"
"41D061E8B0A2DDFDB647F8F85DA690EC6D19194403021ACCA7088926105FE6BD","D:\Projetos\Neoeffex\neoeffex-site\modelos\hamburgueria\node_modules\gsap\CSSPlugin.js"
"A8C3B8298EA2EC4F8302DCD0C7A1A1452FBD73AEBAB869485332D8A84C3EBE5B","D:\Projetos\Neoeffex\neoeffex-site\modelos\hamburgueria\node_modules\gsap\CSSRulePlugin.js"
"C995A44AFD897935D989ECEABA6A8C6C91DDBBF9199B0126E3495B72C5344222","D:\Projetos\Neoeffex\neoeffex-site\modelos\hamburgueria\node_modules\gsap\CustomBounce.js"
"7E1413B85F7EF9BA686B6B3F6E520183B6AE452663170B3B2850A7D78E81FB44","D:\Projetos\Neoeffex\neoeffex-site\modelos\hamburgueria\node_modules\gsap\CustomEase.js"
"858BCE598B9B54A1A0EB3D0DD9F2CDA8E77CF3D998EEBA838647EB0BFCF175A1","D:\Projetos\Neoeffex\neoeffex-site\modelos\hamburgueria\node_modules\gsap\CustomWiggle.js"
"E26A72758A0C5E936CDF4B352AEF896F8255953AEF0630DA6D522947EF2D514D","D:\Projetos\Neoeffex\neoeffex-site\modelos\hamburgueria\node_modules\gsap\Draggable.js"
"D7B09B9BF261B61FC9EE7AE6827BC68C1C4BA10EC94ADC18BE036329AA1D5833","D:\Projetos\Neoeffex\neoeffex-site\modelos\hamburgueria\node_modules\gsap\DrawSVGPlugin.js"
"DD56B0D93E9BEF01D992B21B2C99AA2F50F14347A057E8E9946E0FA930197CAA","D:\Projetos\Neoeffex\neoeffex-site\modelos\hamburgueria\node_modules\gsap\EaselPlugin.js"
"0B61C6799B73DABA352219CE7AA0F69BC9BCFD6C6C012DE097987FEBC8972367","D:\Projetos\Neoeffex\neoeffex-site\modelos\hamburgueria\node_modules\gsap\EasePack.js"
"C4E141A3F9DB25EE8A887D618F66E57EDB09A3C0FE2DC03AB1965FB2818C59DB","D:\Projetos\Neoeffex\neoeffex-site\modelos\hamburgueria\node_modules\gsap\Flip.js"
"83C4B6C0B020BEBA737B90896181560B76747342B0F7BAA5BA1B185A75F65B65","D:\Projetos\Neoeffex\neoeffex-site\modelos\hamburgueria\node_modules\gsap\gsap-core.js"
"7A195041D37CB1EA8D8178A50928E0763E12721FC76257C66173F4B1016CDCD2","D:\Projetos\Neoeffex\neoeffex-site\modelos\hamburgueria\node_modules\gsap\GSDevTools.js"
"070038235BA75EC2186D054EBD83AE94E6DE6A971F5D3F3D6CD1037551F94FAA","D:\Projetos\Neoeffex\neoeffex-site\modelos\hamburgueria\node_modules\gsap\index.js"
"C19AB54FA7615A40BA7551D1467F1FF81A9B076A8868C22D4C92643DFEDA8C17","D:\Projetos\Neoeffex\neoeffex-site\modelos\hamburgueria\node_modules\gsap\InertiaPlugin.js"
"2EEE2195D6C65FE04BEF728C0A4A309DA676E5BFA2379806E232E7368D74654A","D:\Projetos\Neoeffex\neoeffex-site\modelos\hamburgueria\node_modules\gsap\MorphSVGPlugin.js"
"9AA33565ABE3C44A3B2D05790B04268A2BBCCFEC96079BE16074063A412F6E33","D:\Projetos\Neoeffex\neoeffex-site\modelos\hamburgueria\node_modules\gsap\MotionPathHelper.js"
"88ED0EA8CF44BE3D03811C15FE0F9C2210F5C8932B6C10AB66C66FCF62CB8304","D:\Projetos\Neoeffex\neoeffex-site\modelos\hamburgueria\node_modules\gsap\MotionPathPlugin.js"
"271290A56877BD331A35C214E0C172419E69A7852B6D3738CDDA935A5715B557","D:\Projetos\Neoeffex\neoeffex-site\modelos\hamburgueria\node_modules\gsap\Observer.js"
"85CC13E31F7A3CD124B587A40F545F265F47D0DFB9A556BB122D70FC0FCA3459","D:\Projetos\Neoeffex\neoeffex-site\modelos\hamburgueria\node_modules\gsap\package.json"
"887B56DE17D54F0339E982240755DC31A08895B9F96C12EBF9C335B532112710","D:\Projetos\Neoeffex\neoeffex-site\modelos\hamburgueria\node_modules\gsap\Physics2DPlugin.js"
"373E399DFEF548E1DBF9F781C2763281D8BDE48B5CAED9C4F908806067E8031A","D:\Projetos\Neoeffex\neoeffex-site\modelos\hamburgueria\node_modules\gsap\PhysicsPropsPlugin.js"
"19C11146D65A05121D72AAF94D5616864398E599B1CD0DC8FB750E2042F82B7F","D:\Projetos\Neoeffex\neoeffex-site\modelos\hamburgueria\node_modules\gsap\PixiPlugin.js"
"66A79667B0538B19634B5A000A9A3DEBE588C98D390424E73E5D4DE847270828","D:\Projetos\Neoeffex\neoeffex-site\modelos\hamburgueria\node_modules\gsap\README.md"
"2241FA7E9DE77ED529DF4887F02C59F9FB5A4FA45CAB07CAC9CC3157675130F0","D:\Projetos\Neoeffex\neoeffex-site\modelos\hamburgueria\node_modules\gsap\ScrambleTextPlugin.js"
"374AC1476BD56222CDA5693020BC029C3CF7D1FE70DDF9802FBC20C92F8C6F24","D:\Projetos\Neoeffex\neoeffex-site\modelos\hamburgueria\node_modules\gsap\ScrollSmoother.js"
"A14E7211C2E4469952615368E3869F8F2B736BD6F8283C6F0B29EE262EED6970","D:\Projetos\Neoeffex\neoeffex-site\modelos\hamburgueria\node_modules\gsap\ScrollToPlugin.js"
"F7FB324357512127DA10D304EF1B0BF39FF7B141F5EF5058CF1D360DF9E25E27","D:\Projetos\Neoeffex\neoeffex-site\modelos\hamburgueria\node_modules\gsap\ScrollTrigger.js"
"5F847CB9F6362062AF4E3361BCCCF7D2E5E19479DD7DB9315B2177372D25B8BE","D:\Projetos\Neoeffex\neoeffex-site\modelos\hamburgueria\node_modules\gsap\SECURITY.md"
"0CE8224A11EB959D434DD02F4354DD7DF57A283217D2D20EC76192C25FF9AB89","D:\Projetos\Neoeffex\neoeffex-site\modelos\hamburgueria\node_modules\gsap\SplitText.js"
"5E0416E143F3E1EA5861CE54D76C1C30384DC2386B02D48E924D95AF6100BFD2","D:\Projetos\Neoeffex\neoeffex-site\modelos\hamburgueria\node_modules\gsap\TextPlugin.js"
"CF0A1A9DDED0AC5F5CAA64208AF0CEC045A0F2EF79E6BFD47967EAF6F707B421","D:\Projetos\Neoeffex\neoeffex-site\modelos\hamburgueria\node_modules\gsap\dist\all.js"
"B0CFB82071BF042EDA31F59D37554B44C12A3B5B8F0AB90FF184414D315F153A","D:\Projetos\Neoeffex\neoeffex-site\modelos\hamburgueria\node_modules\gsap\dist\CSSRulePlugin.js"
"36062A2D5187A17560EB60219DCE5E893E71EDC7D2A2296F6C05F383E303A09A","D:\Projetos\Neoeffex\neoeffex-site\modelos\hamburgueria\node_modules\gsap\dist\CSSRulePlugin.min.js"
"577CB8734A4BEEA896462FB5C891DF4B9D76FF1979616AB87D50AC8B7FE9201B","D:\Projetos\Neoeffex\neoeffex-site\modelos\hamburgueria\node_modules\gsap\dist\CSSRulePlugin.min.js.map"
"B1B8841ECBA537D8461B96B818DFA794F8C6D18B95F01C2491840152B6D031C8","D:\Projetos\Neoeffex\neoeffex-site\modelos\hamburgueria\node_modules\gsap\dist\CustomBounce.js"
"E6C138934BBF4C25A0BFDBA616AA6114DA2641F86C9EE1FFFDBF6B6F57FF0608","D:\Projetos\Neoeffex\neoeffex-site\modelos\hamburgueria\node_modules\gsap\dist\CustomBounce.min.js"
"066C0F23F0398563BFEB3B0863768C04C004399909102E0F9F50C2F06C3F5DE9","D:\Projetos\Neoeffex\neoeffex-site\modelos\hamburgueria\node_modules\gsap\dist\CustomBounce.min.js.map"
"1E6A9B4C3A7E3610C1C9E88812E35A647BA7C93B2F92936DB87A0FA691E7E3D9","D:\Projetos\Neoeffex\neoeffex-site\modelos\hamburgueria\node_modules\gsap\dist\CustomEase.js"
"466E426A5C60C21C94B15A30A3DFFACAC9BB39CE8F4E07D071D7D4BB1BE43390","D:\Projetos\Neoeffex\neoeffex-site\modelos\hamburgueria\node_modules\gsap\dist\CustomEase.min.js"
"81E3C3E9FA4FAA94A1FFE6618AF28EC92CD879A1379BD6A97FE3C7EEBB417BA9","D:\Projetos\Neoeffex\neoeffex-site\modelos\hamburgueria\node_modules\gsap\dist\CustomEase.min.js.map"
"7FAD9B71C7AC4F34CC2F8411ECA64F1846B1C9CC6DE29F5E73D021E40566A844","D:\Projetos\Neoeffex\neoeffex-site\modelos\hamburgueria\node_modules\gsap\dist\CustomWiggle.js"
"606FA03B6E37DBF4D12C3237A1967C3ED9A016BBD1AC600BBE6621673C7935D6","D:\Projetos\Neoeffex\neoeffex-site\modelos\hamburgueria\node_modules\gsap\dist\CustomWiggle.min.js"
"AFD7853E55426AE6F10D5B9346B480B8A6E595F79C6AF83765835AC220A17859","D:\Projetos\Neoeffex\neoeffex-site\modelos\hamburgueria\node_modules\gsap\dist\CustomWiggle.min.js.map"
"283193680BC9488E76465B9876C463A680637E73958F45FBFCCE8BB5F448BB7C","D:\Projetos\Neoeffex\neoeffex-site\modelos\hamburgueria\node_modules\gsap\dist\Draggable.js"
"EB28FF7AC2D320BA24A5C065563FCD8F61F2DF9D7574B175B9B30942E5867E8C","D:\Projetos\Neoeffex\neoeffex-site\modelos\hamburgueria\node_modules\gsap\dist\Draggable.min.js"
"545BB07FB46B3C71FDAD5A8755C90787BC42667EC8ADF695ED908537B6C46BCD","D:\Projetos\Neoeffex\neoeffex-site\modelos\hamburgueria\node_modules\gsap\dist\Draggable.min.js.map"
"D0FB4B0BE473E5D65BD912E9A349B21FF5CBF59D502A4C29BF1C42D695C5A4FA","D:\Projetos\Neoeffex\neoeffex-site\modelos\hamburgueria\node_modules\gsap\dist\DrawSVGPlugin.js"
"BEB19529F54C1212F1F5117D027BE01AFDA2F363A4926D32AA979BC11140EDC1","D:\Projetos\Neoeffex\neoeffex-site\modelos\hamburgueria\node_modules\gsap\dist\DrawSVGPlugin.min.js"
"5798353516D4BF25D561389D5254F648035BBD521276362E03B9572092210DEC","D:\Projetos\Neoeffex\neoeffex-site\modelos\hamburgueria\node_modules\gsap\dist\DrawSVGPlugin.min.js.map"
"9200AE721D1AC2A917CD7FB4162CCBFD507E0756D15F40EE5242B9E70B612047","D:\Projetos\Neoeffex\neoeffex-site\modelos\hamburgueria\node_modules\gsap\dist\EaselPlugin.js"
"1E76447233D1F68F3A11E6353326FCF34287F1EC3694F36DFEABBB35F007D771","D:\Projetos\Neoeffex\neoeffex-site\modelos\hamburgueria\node_modules\gsap\dist\EaselPlugin.min.js"
"4043FF7A24589CA1C4AE308C879C3A86B019BEB2D739AA1FB229AF4C283A44C3","D:\Projetos\Neoeffex\neoeffex-site\modelos\hamburgueria\node_modules\gsap\dist\EaselPlugin.min.js.map"
"FDF1986352E1D040097EDFF27B21E977AF7AD177A823C54CE7C95D0F16504CE7","D:\Projetos\Neoeffex\neoeffex-site\modelos\hamburgueria\node_modules\gsap\dist\EasePack.js"
"2505B29F402A33A0978836BF9A640F86505B1CC542F91A1FE733D9437AD123C8","D:\Projetos\Neoeffex\neoeffex-site\modelos\hamburgueria\node_modules\gsap\dist\EasePack.min.js"
"DF8C21BEC0827A4ADF6C0671F49DB0EF7BF5B093706CEE23889EC3239D0EB0C7","D:\Projetos\Neoeffex\neoeffex-site\modelos\hamburgueria\node_modules\gsap\dist\EasePack.min.js.map"
"3C732C2AB4B5BCAF1B9835B1722376019B743F7641280ACC342040623B248D75","D:\Projetos\Neoeffex\neoeffex-site\modelos\hamburgueria\node_modules\gsap\dist\Flip.js"
"CBE3CA726350F8D230DA38A14CE2384E7772E05A45CEE6144DD7FE6DDE868C2F","D:\Projetos\Neoeffex\neoeffex-site\modelos\hamburgueria\node_modules\gsap\dist\Flip.min.js"
"851068C60668B6DF11D819E8BC8456C1AB4CA2BC3FB921263A9DCD12211E99A8","D:\Projetos\Neoeffex\neoeffex-site\modelos\hamburgueria\node_modules\gsap\dist\Flip.min.js.map"
"01EFFE0E121C22BA0F885A3F091F3DC6D1F0D445C4FBA37DCB298E314ECA5CFB","D:\Projetos\Neoeffex\neoeffex-site\modelos\hamburgueria\node_modules\gsap\dist\gsap.js"
"92BB9A96476F983D212A2BC4F54C889039C1696DD4461D40A736860938570FBB","D:\Projetos\Neoeffex\neoeffex-site\modelos\hamburgueria\node_modules\gsap\dist\gsap.min.js"
"E7D2B24254462552BB2ACDCA4FB31D44184BA57DCD72B8F265513E44E62D5156","D:\Projetos\Neoeffex\neoeffex-site\modelos\hamburgueria\node_modules\gsap\dist\gsap.min.js.map"
"39EC9835433E052F1816E9AB2531485C9C05F7AA6F78D7C3E8B86A4B0A6A5C7D","D:\Projetos\Neoeffex\neoeffex-site\modelos\hamburgueria\node_modules\gsap\dist\GSDevTools.js"
"65148AB37FE6B22AE17DCDB5802A1BF57ADD87894BAA2EBCD43C1CE6453DE8DE","D:\Projetos\Neoeffex\neoeffex-site\modelos\hamburgueria\node_modules\gsap\dist\GSDevTools.min.js"
"903533287EEB6DA7EB432683052B5937071220B9A8CAEE63C3805B1FF0F3A6A1","D:\Projetos\Neoeffex\neoeffex-site\modelos\hamburgueria\node_modules\gsap\dist\GSDevTools.min.js.map"
"8EDA4DA31F2ECAD254EB5765CC1FA818E8E11E157AFEF528C0C6D61201249832","D:\Projetos\Neoeffex\neoeffex-site\modelos\hamburgueria\node_modules\gsap\dist\InertiaPlugin.js"
"5DDBC518FE02E79D66713B8AF6FAB0B91EE5EB58EF3BEAF589B70FDFB824733F","D:\Projetos\Neoeffex\neoeffex-site\modelos\hamburgueria\node_modules\gsap\dist\InertiaPlugin.min.js"
"E7470E9E5886F9F840B7CAF4E2D8F8B47D6BE817F66B7A7D472277662B56F68D","D:\Projetos\Neoeffex\neoeffex-site\modelos\hamburgueria\node_modules\gsap\dist\InertiaPlugin.min.js.map"
"786B51FFE878FA747BB7E115815D438EC9113BDE1303967172C34B129F5472EF","D:\Projetos\Neoeffex\neoeffex-site\modelos\hamburgueria\node_modules\gsap\dist\MorphSVGPlugin.js"
"19C891A412240D8521B13330813D9B551EA5B0F707907C365FFECAF1DFA0F5CF","D:\Projetos\Neoeffex\neoeffex-site\modelos\hamburgueria\node_modules\gsap\dist\MorphSVGPlugin.min.js"
"242380E5B698F8A80229F7AFBD9D4FFBB0BA45C03EEBDCC1B06811D744383D5F","D:\Projetos\Neoeffex\neoeffex-site\modelos\hamburgueria\node_modules\gsap\dist\MorphSVGPlugin.min.js.map"
"09F91116791F7557B5858E251E8A89C6717E6DB4B8A19F5A22F4918C09A622AC","D:\Projetos\Neoeffex\neoeffex-site\modelos\hamburgueria\node_modules\gsap\dist\MotionPathHelper.js"
"3D1A9F63736C643DD825DE23C0892136816A59B3FFB47171D112F2C4D6B51D28","D:\Projetos\Neoeffex\neoeffex-site\modelos\hamburgueria\node_modules\gsap\dist\MotionPathHelper.min.js"
"71DB0915D568000E48E9269FBBA79853A0440B982CAEC061B18E41641A8D69D4","D:\Projetos\Neoeffex\neoeffex-site\modelos\hamburgueria\node_modules\gsap\dist\MotionPathHelper.min.js.map"
"6BEA987BDF6C929FB12F6441CD440E55E36ADC06B95733CC51795029283B5764","D:\Projetos\Neoeffex\neoeffex-site\modelos\hamburgueria\node_modules\gsap\dist\MotionPathPlugin.js"
"ACE44A07C6C179F5347D9B46A152D468E4C9F272EE0D68BF0354E00D60000693","D:\Projetos\Neoeffex\neoeffex-site\modelos\hamburgueria\node_modules\gsap\dist\MotionPathPlugin.min.js"
"BDCA79923B8CE554B2EB7E5354B8635EF33A063EC46AF8527C54A5DE53D2DD86","D:\Projetos\Neoeffex\neoeffex-site\modelos\hamburgueria\node_modules\gsap\dist\MotionPathPlugin.min.js.map"
"072FA780CCD49B764319DD7B0200176A67C702B8537439F5A5D30E5A3D975748","D:\Projetos\Neoeffex\neoeffex-site\modelos\hamburgueria\node_modules\gsap\dist\Observer.js"
"5844287373280BD40D7B29251F7772264F615AA6E714E4FF71C75415DF02DA40","D:\Projetos\Neoeffex\neoeffex-site\modelos\hamburgueria\node_modules\gsap\dist\Observer.min.js"
"231DC6B5FE36110E8EF4E793FBA5A0497AF6F0B4490FC63AC581354DD7E0D24C","D:\Projetos\Neoeffex\neoeffex-site\modelos\hamburgueria\node_modules\gsap\dist\Observer.min.js.map"
"9995BEC8CF3ADECFA23795D9FD21ED55CAB2633685B4278F747CAB9F5DA8422F","D:\Projetos\Neoeffex\neoeffex-site\modelos\hamburgueria\node_modules\gsap\dist\Physics2DPlugin.js"
"F41D23011F0B89A66DB8DC79AA32E564E82884276CA00B97326130974F5167B9","D:\Projetos\Neoeffex\neoeffex-site\modelos\hamburgueria\node_modules\gsap\dist\Physics2DPlugin.min.js"
"AC9D4C1A860F284E2B831FFC2E7ECAD1B6C7650CAE99A1CE398AAE21A1244A69","D:\Projetos\Neoeffex\neoeffex-site\modelos\hamburgueria\node_modules\gsap\dist\Physics2DPlugin.min.js.map"
"48B3D1A481988CC240F3EABB61AA97FF88A1A6237D8A251176DBB4446446955E","D:\Projetos\Neoeffex\neoeffex-site\modelos\hamburgueria\node_modules\gsap\dist\PhysicsPropsPlugin.js"
"446BD441ECC582DA76AF13C878E71E4927E52BDA189569063DDA89721312CC08","D:\Projetos\Neoeffex\neoeffex-site\modelos\hamburgueria\node_modules\gsap\dist\PhysicsPropsPlugin.min.js"
"E1773C9D6E3426DD8B7F245649D4FBA47D133FB8874C026FFB1EB0C7271C853B","D:\Projetos\Neoeffex\neoeffex-site\modelos\hamburgueria\node_modules\gsap\dist\PhysicsPropsPlugin.min.js.map"
"5D49B494ECA6F60927DD88724CBBA963E7674B3880FA8AB6E7ACA686B7FF8194","D:\Projetos\Neoeffex\neoeffex-site\modelos\hamburgueria\node_modules\gsap\dist\PixiPlugin.js"
"D0CC63B16E03C3343B567B54BE4B8BEA226F4ED4C4D594C271F36ACBFD7C803F","D:\Projetos\Neoeffex\neoeffex-site\modelos\hamburgueria\node_modules\gsap\dist\PixiPlugin.min.js"
"8111EEF35A421B8541088ADC4E67B0F7C18CA586292E7A4E6C92A66632BA6872","D:\Projetos\Neoeffex\neoeffex-site\modelos\hamburgueria\node_modules\gsap\dist\PixiPlugin.min.js.map"
"17DCEAA4BD5170551E7872B9E184DCE6A3EF8FB0C46EA9BDE0D66F706AC3AF1B","D:\Projetos\Neoeffex\neoeffex-site\modelos\hamburgueria\node_modules\gsap\dist\ScrambleTextPlugin.js"
"A2CFAA7223231459DFDE37E9385413EE6DF065F18121E946FFDDE694F8B11F01","D:\Projetos\Neoeffex\neoeffex-site\modelos\hamburgueria\node_modules\gsap\dist\ScrambleTextPlugin.min.js"
"3BC7F941B0A8E3B5998EE40185B0E238048F3911394382FBB2BA172A077E365D","D:\Projetos\Neoeffex\neoeffex-site\modelos\hamburgueria\node_modules\gsap\dist\ScrambleTextPlugin.min.js.map"
"16D6115259CE5F4A5AE35D4E18B62B4E0C4A9AA080997B154B4B0649CF134042","D:\Projetos\Neoeffex\neoeffex-site\modelos\hamburgueria\node_modules\gsap\dist\ScrollSmoother.js"
"1956015299D15F86CD819AA432F9B886B704FD7B3ED408B02D7B63F994AA1504","D:\Projetos\Neoeffex\neoeffex-site\modelos\hamburgueria\node_modules\gsap\dist\ScrollSmoother.min.js"
"1F66DF6422E5901375BB8825A75E2161426E84457D2F6B2E4F829792B8A9AF90","D:\Projetos\Neoeffex\neoeffex-site\modelos\hamburgueria\node_modules\gsap\dist\ScrollSmoother.min.js.map"
"00B87A30A1B76921A6386EEF2D8CF22C91588EC85B1FFEDBD1582EC29E0C3C59","D:\Projetos\Neoeffex\neoeffex-site\modelos\hamburgueria\node_modules\gsap\dist\ScrollToPlugin.js"
"07CFD328E41012AE60B5614C2E58399FC13AF8B1AEC765FEBE770D4EB3E62FCD","D:\Projetos\Neoeffex\neoeffex-site\modelos\hamburgueria\node_modules\gsap\dist\ScrollToPlugin.min.js"
"0041BAAE33BA5992C6E38F1E11FAE72FA3368FBF6A4E133F49AED4C09814AA1B","D:\Projetos\Neoeffex\neoeffex-site\modelos\hamburgueria\node_modules\gsap\dist\ScrollToPlugin.min.js.map"
"98E0AB6D6876A62BA3FB8504609CB5647176BB8A1BCB3140BD95793D4EE2548B","D:\Projetos\Neoeffex\neoeffex-site\modelos\hamburgueria\node_modules\gsap\dist\ScrollTrigger.js"
"B0B14D67B55B0C43C756AC0B106CFCB09D0879945F6EAD64451065B0672916A2","D:\Projetos\Neoeffex\neoeffex-site\modelos\hamburgueria\node_modules\gsap\dist\ScrollTrigger.min.js"
"581F87809B7B588E498C20430AA760BA1E4C870DFE8ACCCF421A1381174C717A","D:\Projetos\Neoeffex\neoeffex-site\modelos\hamburgueria\node_modules\gsap\dist\ScrollTrigger.min.js.map"
"E25CDE4005072AD2BE67924D721709B881F7E122D4756EE4D1C2CBAAE43E3F41","D:\Projetos\Neoeffex\neoeffex-site\modelos\hamburgueria\node_modules\gsap\dist\SplitText.js"
"419F7027A5F086A12CB7988736D8FDD3A6ED2200229661DE25B6628CA7CED344","D:\Projetos\Neoeffex\neoeffex-site\modelos\hamburgueria\node_modules\gsap\dist\SplitText.min.js"
"5DE68D2761939215FBCBA3745FE7A1C688B8BEB78213546036569B7F5B844A8D","D:\Projetos\Neoeffex\neoeffex-site\modelos\hamburgueria\node_modules\gsap\dist\SplitText.min.js.map"
"83D479690E25F2D2464C7D7C14DB2414C1EC3F5F47C50ACEE1485AAFCA33D1BF","D:\Projetos\Neoeffex\neoeffex-site\modelos\hamburgueria\node_modules\gsap\dist\TextPlugin.js"
"A24984FA1A33517B4C54C8B25B0BFD7AAF3DF9FA7EDBA661E3BD496A671A2429","D:\Projetos\Neoeffex\neoeffex-site\modelos\hamburgueria\node_modules\gsap\dist\TextPlugin.min.js"
"AC1085919AFDD048A5AAC3982A5BB197704A2889E57A746A9C9531EC06674A3D","D:\Projetos\Neoeffex\neoeffex-site\modelos\hamburgueria\node_modules\gsap\dist\TextPlugin.min.js.map"
"4C526A2636C2C991EA34C1571C92601C661CEB5F9E15FA367E927AB37DA72CCA","D:\Projetos\Neoeffex\neoeffex-site\modelos\hamburgueria\node_modules\gsap\src\all.js"
"8E141F02D26F00F0D3259AA480E3EDDFF55AD25E0363272321B883602AF1F824","D:\Projetos\Neoeffex\neoeffex-site\modelos\hamburgueria\node_modules\gsap\src\CSSPlugin.js"
"66D4A0262550F34913699B8D3FEF6CF3760E0BF04B77F8F0DE36381FC12D2D5E","D:\Projetos\Neoeffex\neoeffex-site\modelos\hamburgueria\node_modules\gsap\src\CSSRulePlugin.js"
"C70C9B27A3028FB39F9E0D94D77A9F5AFF99969A4B922A8EC8102208DFD646A8","D:\Projetos\Neoeffex\neoeffex-site\modelos\hamburgueria\node_modules\gsap\src\CustomBounce.js"
"5770E157B384D4A1EC3C4354A1964CCE0606EDC0ACC2A64E33A1CEBF584F9674","D:\Projetos\Neoeffex\neoeffex-site\modelos\hamburgueria\node_modules\gsap\src\CustomEase.js"
"3B8120CDFD50A6FF4370DF94D830FF638A4882FF115DD7C531FE790D3BFD7235","D:\Projetos\Neoeffex\neoeffex-site\modelos\hamburgueria\node_modules\gsap\src\CustomWiggle.js"
"13F6AFA462028BA8F3964B935743A821D8F6038E858119938AFC3B52A05752ED","D:\Projetos\Neoeffex\neoeffex-site\modelos\hamburgueria\node_modules\gsap\src\Draggable.js"
"9C53480063F3BE9AC2D991849A8BF2CDE032DD79F59737D252E48D9549B1EDBD","D:\Projetos\Neoeffex\neoeffex-site\modelos\hamburgueria\node_modules\gsap\src\DrawSVGPlugin.js"
"7B1CC7030522FD0553C32200DA16F88C2AFDB05E499F906F638D1091FD193C86","D:\Projetos\Neoeffex\neoeffex-site\modelos\hamburgueria\node_modules\gsap\src\EaselPlugin.js"
"101C4E1512D88CD2D8F60E102DBCDF9C57A68A0A8A3CCA4DC98B2F7108B8B002","D:\Projetos\Neoeffex\neoeffex-site\modelos\hamburgueria\node_modules\gsap\src\EasePack.js"
"02D87B469498BADF49957F4E8AD0D1B5EB9689742CB4BDB06E2C7DC53554D918","D:\Projetos\Neoeffex\neoeffex-site\modelos\hamburgueria\node_modules\gsap\src\Flip.js"
"8063816E0E7C3E6C07970FB06FEAFB06146FD266DB5D8346419176B3D496E284","D:\Projetos\Neoeffex\neoeffex-site\modelos\hamburgueria\node_modules\gsap\src\gsap-core.js"
"BCAD090ACF9B4A16BC186031BA5BA481F59723F6F09173699466C9EEDE2DE8ED","D:\Projetos\Neoeffex\neoeffex-site\modelos\hamburgueria\node_modules\gsap\src\GSDevTools.js"
"42762DA509BFFC6D759E694CCBD88E8451C031835592F915DC86BB0B14E9406A","D:\Projetos\Neoeffex\neoeffex-site\modelos\hamburgueria\node_modules\gsap\src\index.js"
"278BF08BB649EDA49E1DA22167915DE36EBB6A1FCC7FEC2C3A4DC1ADAAF9A7F2","D:\Projetos\Neoeffex\neoeffex-site\modelos\hamburgueria\node_modules\gsap\src\InertiaPlugin.js"
"ED1A050EA542E5F7918B079F1A9D7094BAA7CA2EEF4A03C9700FC975F330859B","D:\Projetos\Neoeffex\neoeffex-site\modelos\hamburgueria\node_modules\gsap\src\MorphSVGPlugin.js"
"F6CF4C8972E062CDB015B92427B256CB5BB98CB40E4AB798B05421FF8A6329DC","D:\Projetos\Neoeffex\neoeffex-site\modelos\hamburgueria\node_modules\gsap\src\MotionPathHelper.js"
"EF4042C7A7629D9737CA213D0E145C9DE66127F022A9112F9B7815F63AAB2081","D:\Projetos\Neoeffex\neoeffex-site\modelos\hamburgueria\node_modules\gsap\src\MotionPathPlugin.js"
"43B6C65E66D24BE74F10BF54C8A6171351E81D39CDFCC99C554CA9AAA3C940D7","D:\Projetos\Neoeffex\neoeffex-site\modelos\hamburgueria\node_modules\gsap\src\Observer.js"
"40E075E41E9CA771424ED85509B63C12B69740D0DFDE99359FE5004486505284","D:\Projetos\Neoeffex\neoeffex-site\modelos\hamburgueria\node_modules\gsap\src\Physics2DPlugin.js"
"8F927D565BFFEBBF58044D3D4CBDF17649376087404A70518842EF960D2FCEFF","D:\Projetos\Neoeffex\neoeffex-site\modelos\hamburgueria\node_modules\gsap\src\PhysicsPropsPlugin.js"
"AD66B69295D5E1A44AFC545FF53B2003B646E951C62A3B3B621E66953DF09189","D:\Projetos\Neoeffex\neoeffex-site\modelos\hamburgueria\node_modules\gsap\src\PixiPlugin.js"
"9E6F74E5CA3D1412A777268C411E59F925067CE7DA807F9135BED87555BC9385","D:\Projetos\Neoeffex\neoeffex-site\modelos\hamburgueria\node_modules\gsap\src\ScrambleTextPlugin.js"
"201415C385AE0FA063C13EBEBB4315E3EF7556B94382F24E52A5486268C465FF","D:\Projetos\Neoeffex\neoeffex-site\modelos\hamburgueria\node_modules\gsap\src\ScrollSmoother.js"
"41A030ED3FD7D3F3E5E42A6E854F35B976C83EB9DC3494CF20E7220158A920DC","D:\Projetos\Neoeffex\neoeffex-site\modelos\hamburgueria\node_modules\gsap\src\ScrollToPlugin.js"
"CCDC8591B7FF86370570C4D236A54FF9810B21A8C0B29F2D3B5391BB7EE44AD5","D:\Projetos\Neoeffex\neoeffex-site\modelos\hamburgueria\node_modules\gsap\src\ScrollTrigger.js"
"0CE8224A11EB959D434DD02F4354DD7DF57A283217D2D20EC76192C25FF9AB89","D:\Projetos\Neoeffex\neoeffex-site\modelos\hamburgueria\node_modules\gsap\src\SplitText.js"
"BCF0035D4F2002822098086564C39CB4B6E5D13AB2920D95AADACB747AEC3B3D","D:\Projetos\Neoeffex\neoeffex-site\modelos\hamburgueria\node_modules\gsap\src\SplitText.ts"
"C38BD69DF3DDA10136A839A222D386A53B3CF359D4E933C41F188266C41D57EE","D:\Projetos\Neoeffex\neoeffex-site\modelos\hamburgueria\node_modules\gsap\src\TextPlugin.js"
"5117C770801401E993C81AA64FA4F07D04EDEAAF43D3ACEFE2148A73843C3EBC","D:\Projetos\Neoeffex\neoeffex-site\modelos\hamburgueria\node_modules\gsap\src\utils\matrix.js"
"FDAD197B80F038EE0DFF67E7A40F6ECAC6B27D183D9EC686F62EC283C588DB62","D:\Projetos\Neoeffex\neoeffex-site\modelos\hamburgueria\node_modules\gsap\src\utils\PathEditor.js"
"37A33AA0685B114DD21562C7EC348095ABAF7BE022103B481947A011C1EB42FB","D:\Projetos\Neoeffex\neoeffex-site\modelos\hamburgueria\node_modules\gsap\src\utils\paths.js"
"3B7FAF52361F18784DD2E0586865C1453C875063A5D3392763C8CE5249753E58","D:\Projetos\Neoeffex\neoeffex-site\modelos\hamburgueria\node_modules\gsap\src\utils\strings.js"
"87C6A37B8F695D82968063B0B1BF00490A44B97476A4E505398D03054978F60D","D:\Projetos\Neoeffex\neoeffex-site\modelos\hamburgueria\node_modules\gsap\src\utils\VelocityTracker.js"
"0E98BDCA6B2F656FF783ECCB891AD5B18B5E39D36A231B94BB407F46185A035F","D:\Projetos\Neoeffex\neoeffex-site\modelos\hamburgueria\node_modules\gsap\types\animation.d.ts"
"033CC8D0CF4529BC62746A9A026E43454F06F86D560B533E2726E677CAF43C5F","D:\Projetos\Neoeffex\neoeffex-site\modelos\hamburgueria\node_modules\gsap\types\css-plugin.d.ts"
"56ED2FC77C5587ED572B52C0C679AB284A84254875628D39D63A1AD84AA47993","D:\Projetos\Neoeffex\neoeffex-site\modelos\hamburgueria\node_modules\gsap\types\css-rule-plugin.d.ts"
"2B8241EE9D522539245316C7D9EFBA3A7F7FB67E89EDB6B8375841C5204323C1","D:\Projetos\Neoeffex\neoeffex-site\modelos\hamburgueria\node_modules\gsap\types\custom-bounce.d.ts"
"6DC855128DF7AA80C5D937B26D853EC76375B9BE022C8476735A82BCB205B582","D:\Projetos\Neoeffex\neoeffex-site\modelos\hamburgueria\node_modules\gsap\types\custom-ease.d.ts"
"2E38ADF1D08FED1932323468C084F22F3B0FF96DA903C213A52DCE96E7C5314C","D:\Projetos\Neoeffex\neoeffex-site\modelos\hamburgueria\node_modules\gsap\types\custom-wiggle.d.ts"
"DA04A353AE1F194880392596C1C65BD16039D7CB7D8C95394C8CC833BBEB5600","D:\Projetos\Neoeffex\neoeffex-site\modelos\hamburgueria\node_modules\gsap\types\Draggable.d.ts"
"7F0B457714A6A7DC40D51506CF9E5AB38AEC893D78D10DC853D51E4ECE6C8A86","D:\Projetos\Neoeffex\neoeffex-site\modelos\hamburgueria\node_modules\gsap\types\draw-svg-plugin.d.ts"
"42DC1C1FB9A082BFC981EDB18B50E12F7FDA5009A15468EF6E6F939E86300FBD","D:\Projetos\Neoeffex\neoeffex-site\modelos\hamburgueria\node_modules\gsap\types\ease.d.ts"
"4B36AC8539E453915EAD7DDF25653D6A7691E6DAC52003372C12244965480DF2","D:\Projetos\Neoeffex\neoeffex-site\modelos\hamburgueria\node_modules\gsap\types\easel-plugin.d.ts"
"B98109E756E7E1ADF0F305B3F1E9D65A40DA0C71EC6D23FFDDD9C0EA75CB312A","D:\Projetos\Neoeffex\neoeffex-site\modelos\hamburgueria\node_modules\gsap\types\Flip.d.ts"
"B3BEE285D6A28772ABA2633B6BCD9CD53A517F7A4862CF7893197222E73CFDDC","D:\Projetos\Neoeffex\neoeffex-site\modelos\hamburgueria\node_modules\gsap\types\gs-dev-tools.d.ts"
"F699D663C17E6BAD3D2860B6E03A09C79AFC248D159E6F1CC1594B2489CC4E89","D:\Projetos\Neoeffex\neoeffex-site\modelos\hamburgueria\node_modules\gsap\types\gsap-core.d.ts"
"122C612162CB2E09D70EBDD670941441E902A26EE79B37F006C5B9D38868ED32","D:\Projetos\Neoeffex\neoeffex-site\modelos\hamburgueria\node_modules\gsap\types\gsap-plugins.d.ts"
"28D03F63A7A5931C8225059693C41A102B52B8E39CA2A034BCA11DF726D06FDA","D:\Projetos\Neoeffex\neoeffex-site\modelos\hamburgueria\node_modules\gsap\types\gsap-utils.d.ts"
"BAACE3D380A208EBD640BDFDB70748CA60FBAEAD011B4A92900ABF334188F6CD","D:\Projetos\Neoeffex\neoeffex-site\modelos\hamburgueria\node_modules\gsap\types\index.d.ts"
"F98E2B5FCF96686F2432D1823F195A2AD443762006D7FBDA7B4D8D25EFD0E384","D:\Projetos\Neoeffex\neoeffex-site\modelos\hamburgueria\node_modules\gsap\types\inertia-plugin.d.ts"
"D3F5B5ECD76CD87EE280A5E72E69F941481E62F12430DB4F27AA885C3ADDFDC7","D:\Projetos\Neoeffex\neoeffex-site\modelos\hamburgueria\node_modules\gsap\types\morph-svg-plugin.d.ts"
"5DABDD06CDB220B33A81312A965F8CAB510044CCC522DFAC4704BAF7AE8AAA79","D:\Projetos\Neoeffex\neoeffex-site\modelos\hamburgueria\node_modules\gsap\types\motion-path-helper.d.ts"
"598710556D7994BADB8C5C72D65A602121488D233B70E1C1318FAF476A3A76D6","D:\Projetos\Neoeffex\neoeffex-site\modelos\hamburgueria\node_modules\gsap\types\motion-path-plugin.d.ts"
"29C8673E8A6FE0116035C345438591056032A76CAD5744C81B5FEB039D26789A","D:\Projetos\Neoeffex\neoeffex-site\modelos\hamburgueria\node_modules\gsap\types\Observer.d.ts"
"9569B7FDC41E43E971CDD193685B085D682A3F2C7243C9A41360521CB21265FA","D:\Projetos\Neoeffex\neoeffex-site\modelos\hamburgueria\node_modules\gsap\types\physics-2d-plugin.d.ts"
"A66A81B1B7E9582442C41807D62A7BAEE789E65A8CE6951E6A0B2553A94859A1","D:\Projetos\Neoeffex\neoeffex-site\modelos\hamburgueria\node_modules\gsap\types\physics-props-plugin.d.ts"
"F4A2170E218A95EA4352470799614733E6AC9576E9F2D10B57A986DC26763936","D:\Projetos\Neoeffex\neoeffex-site\modelos\hamburgueria\node_modules\gsap\types\pixi-plugin.d.ts"
"1EB62BCCDB763DED6F74A2CCD5EB939E3D63FC2A25677409D9C45BD982DEC75E","D:\Projetos\Neoeffex\neoeffex-site\modelos\hamburgueria\node_modules\gsap\types\scramble-text-plugin.d.ts"
"8F54DFAC75C73A9E55BB938D2DAB1B48FB6FA8FC677DC7A21C3F90E92DAE38B0","D:\Projetos\Neoeffex\neoeffex-site\modelos\hamburgueria\node_modules\gsap\types\scroll-smoother.d.ts"
"4BCB4739EBAA38C7C8BB85A5B40971AB83809C6F1F217E4D26C4418D9B9B07AD","D:\Projetos\Neoeffex\neoeffex-site\modelos\hamburgueria\node_modules\gsap\types\scroll-to-plugin.d.ts"
"F4F9F2B412304F6A4664DD395380965E704A66D10490AC990C398691E7C69823","D:\Projetos\Neoeffex\neoeffex-site\modelos\hamburgueria\node_modules\gsap\types\scroll-trigger.d.ts"
"D48C79E8502A2FB6274D2F41E12FBF5E3C51E53E770994AF88B42BF0C53333F0","D:\Projetos\Neoeffex\neoeffex-site\modelos\hamburgueria\node_modules\gsap\types\split-text.d.ts"
"3BAC8C62839BADB7CF43D2A507D8DF73E61A5313BB6BF0EB0E373B51B1D94E1B","D:\Projetos\Neoeffex\neoeffex-site\modelos\hamburgueria\node_modules\gsap\types\text-plugin.d.ts"
"5D94554E80C2392A2B51BE4BAAD4619268158ECCB18D23E5D7107849BC409485","D:\Projetos\Neoeffex\neoeffex-site\modelos\hamburgueria\node_modules\gsap\types\timeline.d.ts"
"CEB1A78B91D40A8CEF51B498546780D8842CD42811597AF2C5584FA68DEFE048","D:\Projetos\Neoeffex\neoeffex-site\modelos\hamburgueria\node_modules\gsap\types\tween.d.ts"
"07CC2729A92E8293F16FA19E56AAEB9F350B4442A24724D358073131222E0BAE","D:\Projetos\Neoeffex\neoeffex-site\modelos\hamburgueria\node_modules\gsap\types\utils\VelocityTracker.d.ts"
"A8D0A9A32FA5E1855DB0DB64EA191F999223AB8A3B7A4F286C349E35447C5052","D:\Projetos\Neoeffex\neoeffex-site\modelos\hamburgueria\node_modules\gsap\utils\matrix.js"
"CB9CA90B048654C7B84C7CEAA59CD5A91189638C8FA91BED6BBD0D527D0C574F","D:\Projetos\Neoeffex\neoeffex-site\modelos\hamburgueria\node_modules\gsap\utils\PathEditor.js"
"1EDF5FC9EA8238207BCA333A0A66984E39F71B7EB6030851F7A2FBF0357EB701","D:\Projetos\Neoeffex\neoeffex-site\modelos\hamburgueria\node_modules\gsap\utils\paths.js"
"A635DF68A0DE168394E8D4F2950B71F1BB9E0DD0E4522B827FCA4C8362B4DF1F","D:\Projetos\Neoeffex\neoeffex-site\modelos\hamburgueria\node_modules\gsap\utils\strings.js"
"1A7271D14A35E894A3937EAD3C23A13AFBDB09DC5052C9F3959D25D5398FE13F","D:\Projetos\Neoeffex\neoeffex-site\modelos\hamburgueria\node_modules\gsap\utils\VelocityTracker.js"
"512A7626D7AE6B08BEADD901C3468133B547181BAF2EC58F05ADF5BCD5D95751","D:\Projetos\Neoeffex\neoeffex-site\modelos\hamburgueria\node_modules\nanoid\index.browser.cjs"
"765C95CBCE86E6597D153FE41F315C5126C9A62D53A83264A742362D5F5AEE91","D:\Projetos\Neoeffex\neoeffex-site\modelos\hamburgueria\node_modules\nanoid\index.browser.js"
"D345287B9F05A55B79C4E74B9A0F0D87E3ACAD5B01160E307B3345AD0E654918","D:\Projetos\Neoeffex\neoeffex-site\modelos\hamburgueria\node_modules\nanoid\index.cjs"
"A45EE7555D019A67FBE092898D1AEF0B1D02A9F6679AB84461FF515B4460D706","D:\Projetos\Neoeffex\neoeffex-site\modelos\hamburgueria\node_modules\nanoid\index.d.cts"
"A45EE7555D019A67FBE092898D1AEF0B1D02A9F6679AB84461FF515B4460D706","D:\Projetos\Neoeffex\neoeffex-site\modelos\hamburgueria\node_modules\nanoid\index.d.ts"
"8A991054401CA588465275D07A68F31217648DCFFE7E2202F03B40A47A640792","D:\Projetos\Neoeffex\neoeffex-site\modelos\hamburgueria\node_modules\nanoid\index.js"
"DA4DB1480D9BEEA3483A2EDA5C53B22238D0827D57DA162B48F122E04D2D9987","D:\Projetos\Neoeffex\neoeffex-site\modelos\hamburgueria\node_modules\nanoid\LICENSE"
"8D11A2A154F892B392C0C84DBE3CF9515413E1976103E1827E1A90685B78AE32","D:\Projetos\Neoeffex\neoeffex-site\modelos\hamburgueria\node_modules\nanoid\nanoid.js"
"18673EB0D7ED43DD871D59DC22A5670303F5D4EB9B17783B1F698F5840CE1FFF","D:\Projetos\Neoeffex\neoeffex-site\modelos\hamburgueria\node_modules\nanoid\package.json"
"54449254570E72B9EAC5E3FAFA9232ECCFFCC2F1DE403A4DAE02B2FFABEE720F","D:\Projetos\Neoeffex\neoeffex-site\modelos\hamburgueria\node_modules\nanoid\README.md"
"27B1E51270FFAA0DDD7640EA72603526763A627C2522A32520BB87CEE187A7B0","D:\Projetos\Neoeffex\neoeffex-site\modelos\hamburgueria\node_modules\nanoid\async\index.browser.cjs"
"3C2F3A015FFF84DB08195101D5A20AFB194AF46B9A57CFF2D5244D7C2B57837E","D:\Projetos\Neoeffex\neoeffex-site\modelos\hamburgueria\node_modules\nanoid\async\index.browser.js"
"BD73029973939D5D958E132A181DA2A62FBB0676428D3F425AC615CBB8B1C7EF","D:\Projetos\Neoeffex\neoeffex-site\modelos\hamburgueria\node_modules\nanoid\async\index.cjs"
"6EED88CE45C41746DEE34D61027633A63A9EAD098BF4FE8005667E1CF655CB02","D:\Projetos\Neoeffex\neoeffex-site\modelos\hamburgueria\node_modules\nanoid\async\index.d.ts"
"2194DF84A854623BD3DADFE67AA9AC045EE382C101427DCA654D67999D42F843","D:\Projetos\Neoeffex\neoeffex-site\modelos\hamburgueria\node_modules\nanoid\async\index.js"
"99400149E96A2A4D92ABF07F9B5E156FE047532B5201DC7D70C421C7982ECA4D","D:\Projetos\Neoeffex\neoeffex-site\modelos\hamburgueria\node_modules\nanoid\async\index.native.js"
"0E02B9178F3638EBA65E96C8643F3BF08EA192DCEF7FAADAF3C38C50A829B301","D:\Projetos\Neoeffex\neoeffex-site\modelos\hamburgueria\node_modules\nanoid\async\package.json"
"E4EB9BE1A3E3FEB3F8979EF08C3BF3EF8430F4F22DF9C4E427353A1577ACCBE8","D:\Projetos\Neoeffex\neoeffex-site\modelos\hamburgueria\node_modules\nanoid\bin\nanoid.cjs"
"73B3DC5BF17D98FC9B9894748907E338C536F47412AE495A5F8052565381DDB2","D:\Projetos\Neoeffex\neoeffex-site\modelos\hamburgueria\node_modules\nanoid\non-secure\index.cjs"
"F001CC8FD6BD0CE527923F124A5D7309ABCAB5927852EBADC0EF71D2B1F3AE7C","D:\Projetos\Neoeffex\neoeffex-site\modelos\hamburgueria\node_modules\nanoid\non-secure\index.d.ts"
"C899E2811F0C0B89624F11370DA64D381EF3F96BE2937C1414130895F5622325","D:\Projetos\Neoeffex\neoeffex-site\modelos\hamburgueria\node_modules\nanoid\non-secure\index.js"
"2F9B8C4BEE9312538F388B49C13987F4565AC25D6756FABDBBB771D339945E3E","D:\Projetos\Neoeffex\neoeffex-site\modelos\hamburgueria\node_modules\nanoid\non-secure\package.json"
"FDB8EFAFE73E611C45D1FFFB25360888E139D5BE3AB7982783DB22ABA2F21518","D:\Projetos\Neoeffex\neoeffex-site\modelos\hamburgueria\node_modules\nanoid\url-alphabet\index.cjs"
"6C605B83F3D32F76692741ED948E678B8092EA7D2E1B8B637C4982AFF35E6E9E","D:\Projetos\Neoeffex\neoeffex-site\modelos\hamburgueria\node_modules\nanoid\url-alphabet\index.js"
"2F9B8C4BEE9312538F388B49C13987F4565AC25D6756FABDBBB771D339945E3E","D:\Projetos\Neoeffex\neoeffex-site\modelos\hamburgueria\node_modules\nanoid\url-alphabet\package.json"
"6582629E2979466878F6014313DCC2F3756C9616148682227CE3063DDE310750","D:\Projetos\Neoeffex\neoeffex-site\modelos\hamburgueria\node_modules\picocolors\LICENSE"
"EF2AC226C4811D312E12C64214C453878653E834482125AE475F27CEA60DE737","D:\Projetos\Neoeffex\neoeffex-site\modelos\hamburgueria\node_modules\picocolors\package.json"
"A2E045BA16013E35C7045797AE940E3EA1C0E0ADA13467BC73F7538690EA091A","D:\Projetos\Neoeffex\neoeffex-site\modelos\hamburgueria\node_modules\picocolors\picocolors.browser.js"
"8C5F0739F00F89F89B03A1FE6658C6D78000D7EBD7F556F0F8D6908FA679DE35","D:\Projetos\Neoeffex\neoeffex-site\modelos\hamburgueria\node_modules\picocolors\picocolors.d.ts"
"213BB870FCAAD4DEF0215FE34FBB0F529836CC4D2462E02F14F1A49D09781625","D:\Projetos\Neoeffex\neoeffex-site\modelos\hamburgueria\node_modules\picocolors\picocolors.js"
"5027B2836551EA0F91FA27B97335DE905E24E1459D590EACFA45C0156962B70C","D:\Projetos\Neoeffex\neoeffex-site\modelos\hamburgueria\node_modules\picocolors\README.md"
"590595C1230EBB7C43EBAC51B2B2DA956A719B213355B4358E2A6B16A8B5936C","D:\Projetos\Neoeffex\neoeffex-site\modelos\hamburgueria\node_modules\picocolors\types.d.ts"
"02AE26406508E28F9BA0865BE16CF77F0B33DE6C4D4D49C212C4176DF1D5625A","D:\Projetos\Neoeffex\neoeffex-site\modelos\hamburgueria\node_modules\picomatch\index.js"
"D0CD141B0C322FDED5DFAD1D4645BB2FEDFC05B7321FE1009469638190D59EF9","D:\Projetos\Neoeffex\neoeffex-site\modelos\hamburgueria\node_modules\picomatch\LICENSE"
"479B70B87AA7B44344D62C8A459AE7E53DD2BCA6C61F1396BD55E63E9DE73FC6","D:\Projetos\Neoeffex\neoeffex-site\modelos\hamburgueria\node_modules\picomatch\package.json"
"5695FF5DFCD5A338A40630BD506056F2950BCB08FE1CC068519CBBFE60ADD480","D:\Projetos\Neoeffex\neoeffex-site\modelos\hamburgueria\node_modules\picomatch\posix.js"
"A69B87120FE2B9CB8F9057EAEF6B9F9887F803E02185CA2F431E8162F6312220","D:\Projetos\Neoeffex\neoeffex-site\modelos\hamburgueria\node_modules\picomatch\README.md"
"C28F952D2758261FE5428A121ADD485CC25B03E0193633F649DE903DC0E5E222","D:\Projetos\Neoeffex\neoeffex-site\modelos\hamburgueria\node_modules\picomatch\lib\constants.js"
"4E1E05447668AA1E94366C5516A2BCD8F5FFF800CC92B1D0CD7D77703B8618C4","D:\Projetos\Neoeffex\neoeffex-site\modelos\hamburgueria\node_modules\picomatch\lib\parse.js"
"FDD249D7FFFF853F3BB1C77EAFC8BAA1A437BEA85A94C35877B83C6A40D9CA94","D:\Projetos\Neoeffex\neoeffex-site\modelos\hamburgueria\node_modules\picomatch\lib\picomatch.js"
"6457A1764E5C2E543CC3A0C00CE12EBB3764097628868198370B64D4E642AAAE","D:\Projetos\Neoeffex\neoeffex-site\modelos\hamburgueria\node_modules\picomatch\lib\scan.js"
"F04604F70CD1A3F6ACE80B84766468674FF38B4BB83818D2EF1D81FC6355F935","D:\Projetos\Neoeffex\neoeffex-site\modelos\hamburgueria\node_modules\picomatch\lib\utils.js"
"5BE1F3465BBA68A626777F984878814AAF35E7EF8E9FD314D469BCF887050FB8","D:\Projetos\Neoeffex\neoeffex-site\modelos\hamburgueria\node_modules\postcss\LICENSE"
"F5C32824E407AADF9D306CB36370330109F017A7590E4F10C4FE0FF61831E436","D:\Projetos\Neoeffex\neoeffex-site\modelos\hamburgueria\node_modules\postcss\package.json"
"92B501AFB100C2E7F186DC3E45D5064EE47EFEED91705C2CBF2F9FFD1FA7C6EB","D:\Projetos\Neoeffex\neoeffex-site\modelos\hamburgueria\node_modules\postcss\README.md"
"17F2922D41DDD032830A91371C948CD9CE903B35C95ADCA72271A54584F19B0B","D:\Projetos\Neoeffex\neoeffex-site\modelos\hamburgueria\node_modules\postcss\lib\at-rule.d.ts"
"33B932BDA8F304E9838A70232673326B6C0FD5FA030DF35071BF36C127042A0B","D:\Projetos\Neoeffex\neoeffex-site\modelos\hamburgueria\node_modules\postcss\lib\at-rule.js"
"6332F565867CF4A740A70E30F31CEFBA37EF7CEBCF74F22EAB8D744FDE6D193E","D:\Projetos\Neoeffex\neoeffex-site\modelos\hamburgueria\node_modules\postcss\lib\comment.d.ts"
"674385438F42526F2C05C19DFB66FCC521F5CF180CCC85B3215AD5C07AC21A40","D:\Projetos\Neoeffex\neoeffex-site\modelos\hamburgueria\node_modules\postcss\lib\comment.js"
"9A195D8476F48523446ECE812E5450B5B1EC8C3B6ABF99EFB8EE2479524F6F56","D:\Projetos\Neoeffex\neoeffex-site\modelos\hamburgueria\node_modules\postcss\lib\container.d.ts"
"E2FC6A559238AC8186EF56D13D340B7C62C04BA9551E2EDC027E761EB393DDD0","D:\Projetos\Neoeffex\neoeffex-site\modelos\hamburgueria\node_modules\postcss\lib\container.js"
"E16DC2A81595736024A206C7D5C8A39BFE2E6039208EF29981D0D95434BA8FCF","D:\Projetos\Neoeffex\neoeffex-site\modelos\hamburgueria\node_modules\postcss\lib\css-syntax-error.d.ts"
"904B4BB371539A6303E4E211F0A8991FDE7BC94D8674253D627389FF291D0EC1","D:\Projetos\Neoeffex\neoeffex-site\modelos\hamburgueria\node_modules\postcss\lib\css-syntax-error.js"
"38CB107048CD8BA54A70014EF9A30CF57BEE0D9F10A0CA4CEFA974056E1EE460","D:\Projetos\Neoeffex\neoeffex-site\modelos\hamburgueria\node_modules\postcss\lib\declaration.d.ts"
"2CCB78406C7A45AAB26FC463A0FE5E3E855CAF3AB1BA283616AE867046AA3B54","D:\Projetos\Neoeffex\neoeffex-site\modelos\hamburgueria\node_modules\postcss\lib\declaration.js"
"E392E8FB5B514EAFC585601C1D781485AA6DD6A320E75DAF1064A4C6918A1B45","D:\Projetos\Neoeffex\neoeffex-site\modelos\hamburgueria\node_modules\postcss\lib\document.d.ts"
"F66F02FDE48389FE1A361A8F71DA7EE0236A49C94CF22378E70BA6A2E9F4FAB1","D:\Projetos\Neoeffex\neoeffex-site\modelos\hamburgueria\node_modules\postcss\lib\document.js"
"97BCCF79859464FCD23EE7F3F3D00C4287089E420B77FF395068EB2B209C3E22","D:\Projetos\Neoeffex\neoeffex-site\modelos\hamburgueria\node_modules\postcss\lib\fromJSON.d.ts"
"2D9EFB16F305C45F05D30E6727AD3D475C89E08EF893D913C3839F5CE899DB17","D:\Projetos\Neoeffex\neoeffex-site\modelos\hamburgueria\node_modules\postcss\lib\fromJSON.js"
"E5BAB5F871EF708D52D47B3E5D0AA72A08EE7A152F33931D9A60809711A2A9A3","D:\Projetos\Neoeffex\neoeffex-site\modelos\hamburgueria\node_modules\postcss\lib\input.d.ts"
"52358502E6EA455D421D21A98FC0A3BE3B974CA624B96F43B318780F3E150BC2","D:\Projetos\Neoeffex\neoeffex-site\modelos\hamburgueria\node_modules\postcss\lib\input.js"
"A039DC21F045919F3CBEE2EC13812CC6CC3EEBC99DAE4BE00973230F468D19A6","D:\Projetos\Neoeffex\neoeffex-site\modelos\hamburgueria\node_modules\postcss\lib\lazy-result.d.ts"
"2D716DEA3A99836276C67E6D74DC587571A8B7498683044BA3DDC57E3DB87104","D:\Projetos\Neoeffex\neoeffex-site\modelos\hamburgueria\node_modules\postcss\lib\lazy-result.js"
"3EED76EDE2A1A14D7C9BB0A642041282DCC264811139D3DD275C9FE14EFC9840","D:\Projetos\Neoeffex\neoeffex-site\modelos\hamburgueria\node_modules\postcss\lib\list.d.ts"
"BB6755D48F05B908B12F5817603C3ADE5F2964B2BD6E2CBF289704AF7D73C7F8","D:\Projetos\Neoeffex\neoeffex-site\modelos\hamburgueria\node_modules\postcss\lib\list.js"
"7728CDD06905756441587A8355A108C3AC2613B08B30287CB2107267F07CD788","D:\Projetos\Neoeffex\neoeffex-site\modelos\hamburgueria\node_modules\postcss\lib\map-generator.js"
"3FBE57AF01460E49DCD29DF55D6931E1672BC6F1BE0FB073D11410BC16F9037D","D:\Projetos\Neoeffex\neoeffex-site\modelos\hamburgueria\node_modules\postcss\lib\no-work-result.d.ts"
"11E06A9B30AB844B877F489AD7870E2A319507AED4554A58A757B7DFD7699505","D:\Projetos\Neoeffex\neoeffex-site\modelos\hamburgueria\node_modules\postcss\lib\no-work-result.js"
"3CC8A3D123B6B232D48D34B51B785F9DA8D193F5B5817FA521FCD2F3B9315C55","D:\Projetos\Neoeffex\neoeffex-site\modelos\hamburgueria\node_modules\postcss\lib\node.d.ts"
"1CC8D56D0C77783FA7FECF702321129936EFA3DC504EB4528042A103FE54770D","D:\Projetos\Neoeffex\neoeffex-site\modelos\hamburgueria\node_modules\postcss\lib\node.js"
"526D4D924F94E938D5C81EC74EB0ADA1067A31321DCDD830AEE4D66D08BD8BFF","D:\Projetos\Neoeffex\neoeffex-site\modelos\hamburgueria\node_modules\postcss\lib\parse.d.ts"
"7662C5AD1FD5F97A7C1615F0E5E7BC268E762916BCF6FB7BF9DDA45537493764","D:\Projetos\Neoeffex\neoeffex-site\modelos\hamburgueria\node_modules\postcss\lib\parse.js"
"8BB6E0FFC48C19F56431017A119AE32B11F5413D29584A36E105886EE71C6E46","D:\Projetos\Neoeffex\neoeffex-site\modelos\hamburgueria\node_modules\postcss\lib\parser.js"
"8D369483F0C2B9EE388129CFDB6A43BC8112B377E86A41884BD06E19CE04F4C1","D:\Projetos\Neoeffex\neoeffex-site\modelos\hamburgueria\node_modules\postcss\lib\postcss.d.mts"
"354A7F8E1287D9D6B7561BC97FDD8CBC2F7C1DD79E4CB37B942E8A5CFAFF1085","D:\Projetos\Neoeffex\neoeffex-site\modelos\hamburgueria\node_modules\postcss\lib\postcss.d.ts"
"80304467231D94293A4C1CA5549D6D5A6FE9985171F3E64B98C3C1C22D08A4F9","D:\Projetos\Neoeffex\neoeffex-site\modelos\hamburgueria\node_modules\postcss\lib\postcss.js"
"986EBC2D661A3E93B6E026DD2E1925E18167EFDCC963F4043A65E1859974664F","D:\Projetos\Neoeffex\neoeffex-site\modelos\hamburgueria\node_modules\postcss\lib\postcss.mjs"
"52DCC257DF5119FB66D864625112CE5033AC51A4C2AFE376A0B299D2F7F76E4A","D:\Projetos\Neoeffex\neoeffex-site\modelos\hamburgueria\node_modules\postcss\lib\previous-map.d.ts"
"87E1C0148D0BE6CFDB835C531347C43B52BD64F193275F167093DAE75ADC1394","D:\Projetos\Neoeffex\neoeffex-site\modelos\hamburgueria\node_modules\postcss\lib\previous-map.js"
"F760BE449E8562EC5C09BB5187E8E1EABF3C113C0C58CDDDA53EF8C69F3E2131","D:\Projetos\Neoeffex\neoeffex-site\modelos\hamburgueria\node_modules\postcss\lib\processor.d.ts"
"2770F24604DC61A6B346073933C2EF2E242A617048EB99A939223B2754A6A21D","D:\Projetos\Neoeffex\neoeffex-site\modelos\hamburgueria\node_modules\postcss\lib\processor.js"
"44325ED13294FCE6AB825B82947BBEED2611DB7DAD9D9135260192F375E5A189","D:\Projetos\Neoeffex\neoeffex-site\modelos\hamburgueria\node_modules\postcss\lib\result.d.ts"
"B4239438538D41187FC9A572C83BB89B09524301764EBD4F46C71FE31EDD04DD","D:\Projetos\Neoeffex\neoeffex-site\modelos\hamburgueria\node_modules\postcss\lib\result.js"
"19EE8416E6473ED6C7ADB868FA796B5653CF0FA2A337658E677EAA0D134388C3","D:\Projetos\Neoeffex\neoeffex-site\modelos\hamburgueria\node_modules\postcss\lib\root.d.ts"
"872A512FA232B23F5231070BD981D3EB390316D8776BA5CCB64F723E4B7088BB","D:\Projetos\Neoeffex\neoeffex-site\modelos\hamburgueria\node_modules\postcss\lib\root.js"
"46E4A36E8DDBDFB4E7330E11C81C970DC8B218611DF9183D39C41C5F8C653B55","D:\Projetos\Neoeffex\neoeffex-site\modelos\hamburgueria\node_modules\postcss\lib\rule.d.ts"
"216CA23A33B1A0145C7925DAA442A34E33A9EA41C6F3BB58FCA7C4FB355E0166","D:\Projetos\Neoeffex\neoeffex-site\modelos\hamburgueria\node_modules\postcss\lib\rule.js"
"0807E4031561395FAA159CA7FF21991D63F3F7DF894907EC447D4A62A8E66214","D:\Projetos\Neoeffex\neoeffex-site\modelos\hamburgueria\node_modules\postcss\lib\stringifier.d.ts"
"D80592F252149F6F21D891F56C5948B876E25A55E5AAE7E4343D2A6CC654FA99","D:\Projetos\Neoeffex\neoeffex-site\modelos\hamburgueria\node_modules\postcss\lib\stringifier.js"
"5ED0AB0FC1719C68007CF670ABD22F78C7767A3B9F4465AD5A29A255ADC0C939","D:\Projetos\Neoeffex\neoeffex-site\modelos\hamburgueria\node_modules\postcss\lib\stringify.d.ts"
"99229CDDA200513F88F7FEE46004D5C39C1492A73451509E66164D26DFF34ABC","D:\Projetos\Neoeffex\neoeffex-site\modelos\hamburgueria\node_modules\postcss\lib\stringify.js"
"EB8AB8B9648D400EC3E8E37E75DC159734B97BA21137F12DA11B4AFC2547A1B4","D:\Projetos\Neoeffex\neoeffex-site\modelos\hamburgueria\node_modules\postcss\lib\symbols.js"
"27F1EB6CC633F3947E053C96F16B1754BCFFCDA2742ECC9A1E11CC2A75D70D9B","D:\Projetos\Neoeffex\neoeffex-site\modelos\hamburgueria\node_modules\postcss\lib\terminal-highlight.js"
"DDFCAAA01F5EAC9E4E8652044DF1401CE6CC70295FD3F9FBB214CA66FB2BEC72","D:\Projetos\Neoeffex\neoeffex-site\modelos\hamburgueria\node_modules\postcss\lib\tokenize.js"
"5683FF69EEB8E77373A4BD0E0B9DA611C7575EE434BA3C458C0552AB4806464A","D:\Projetos\Neoeffex\neoeffex-site\modelos\hamburgueria\node_modules\postcss\lib\warn-once.js"
"1328AB4E442614B28CDB3D4B414CF68325C0DA0DCA07287A338D0654B7A00261","D:\Projetos\Neoeffex\neoeffex-site\modelos\hamburgueria\node_modules\postcss\lib\warning.d.ts"
"EB7656E1B8501C7B7C3B925B3875363E30B5D23477424BC444DC6289993C16B7","D:\Projetos\Neoeffex\neoeffex-site\modelos\hamburgueria\node_modules\postcss\lib\warning.js"
"FA1BD040C5BDEEFE65B3821CEBF474F2733CE65DF13089BD151DDA1778E62FE8","D:\Projetos\Neoeffex\neoeffex-site\modelos\hamburgueria\node_modules\rollup\LICENSE.md"
"21E36E65D4D5A80E4C9A271D4E1FC6CD1B5842ECA46BABBA3E6FDF4ECE5429B9","D:\Projetos\Neoeffex\neoeffex-site\modelos\hamburgueria\node_modules\rollup\package.json"
"509A34B064A1698F3F1AC659B9630ED9663059DDB6C4D5D033449B0FB2540DA9","D:\Projetos\Neoeffex\neoeffex-site\modelos\hamburgueria\node_modules\rollup\README.md"
"E7CBF7017D77EFD5099E08D85BF58C7658F29EDFCE5AB0DB8FACCB86FE9736FA","D:\Projetos\Neoeffex\neoeffex-site\modelos\hamburgueria\node_modules\rollup\dist\getLogFilter.d.ts"
"5EA535B724CE69F1E4264AE9930ABD64A5DA368824AE94F30BED766739B1B1DB","D:\Projetos\Neoeffex\neoeffex-site\modelos\hamburgueria\node_modules\rollup\dist\getLogFilter.js"
"DA9F07C6BE066D7B02671EE64AC78BD56CD1A57D98F1AD6B2EF54F685CA146CF","D:\Projetos\Neoeffex\neoeffex-site\modelos\hamburgueria\node_modules\rollup\dist\loadConfigFile.d.ts"
"E3A1946F81C043276D37CBA76454D66A4B60534AAB6C8C6BCB18B27DBEC1B4EF","D:\Projetos\Neoeffex\neoeffex-site\modelos\hamburgueria\node_modules\rollup\dist\loadConfigFile.js"
"8F91208795CE224B196754FFF229BBC108C10746A24BA5ACDA84FC0D550CB919","D:\Projetos\Neoeffex\neoeffex-site\modelos\hamburgueria\node_modules\rollup\dist\native.js"
"A660AA95476042D3FDCC1343CF6BB8FDF24772D31712B1DB321C5A4DCC325434","D:\Projetos\Neoeffex\neoeffex-site\modelos\hamburgueria\node_modules\rollup\dist\parseAst.d.ts"
"F07848434DB4CFF85C505D0840FAE907FA3F96B9572C7D9740D8BF15845255F8","D:\Projetos\Neoeffex\neoeffex-site\modelos\hamburgueria\node_modules\rollup\dist\parseAst.js"
"21944C138A48DC23382CB6558B1D4498908FAAD2104BA7FF390BA8B27C06F3C0","D:\Projetos\Neoeffex\neoeffex-site\modelos\hamburgueria\node_modules\rollup\dist\rollup.d.ts"
"57A9AA1D27D1F84BDF1DAD19FA8ED74F7BC560BFD7A4A096BFB8EB9D4BC9B8A7","D:\Projetos\Neoeffex\neoeffex-site\modelos\hamburgueria\node_modules\rollup\dist\rollup.js"
"7B752B39ED1F85BFE7406CC607DF6E3F44D5584EBB46B651440D04329AB40F0A","D:\Projetos\Neoeffex\neoeffex-site\modelos\hamburgueria\node_modules\rollup\dist\bin\rollup"
"12F407E733AB70D811975099D2EB3E41AAAD66EA1A9117AD778FFC39EDA0A7AF","D:\Projetos\Neoeffex\neoeffex-site\modelos\hamburgueria\node_modules\rollup\dist\es\getLogFilter.js"
"6DC1B06D6B093E9CCCB20BEE06A93836EEE0420AE26803CA2CE4065D82F070D1","D:\Projetos\Neoeffex\neoeffex-site\modelos\hamburgueria\node_modules\rollup\dist\es\package.json"
"A31701A0D9D5F6DCA32FC78E5A7D7F8C3081FAD29807FC0FCBCD7148F0360BDF","D:\Projetos\Neoeffex\neoeffex-site\modelos\hamburgueria\node_modules\rollup\dist\es\parseAst.js"
"BBAD273D3793CD0A5641464ECEAE20C5735E69E7236CCF6D25CB2AC04ADDD622","D:\Projetos\Neoeffex\neoeffex-site\modelos\hamburgueria\node_modules\rollup\dist\es\rollup.js"
"2A39822C169105ACB59E680F25B465FA540B894FA2281D4F47840877E2AAC6E1","D:\Projetos\Neoeffex\neoeffex-site\modelos\hamburgueria\node_modules\rollup\dist\es\shared\node-entry.js"
"FA59E8ED6603E23C659F14E6BCD2E20046C390BEC7D4414A41BAC57318669ABD","D:\Projetos\Neoeffex\neoeffex-site\modelos\hamburgueria\node_modules\rollup\dist\es\shared\parseAst.js"
"CD55E77D9BE20E1320EFE45FFA31ADB0C9B05E123B02E45D8A3B91C0C022239E","D:\Projetos\Neoeffex\neoeffex-site\modelos\hamburgueria\node_modules\rollup\dist\es\shared\watch.js"
"EAF5BB04DE215E1E8011F28EA616BDB437B15DCFD3097203C3D9F51E3288F318","D:\Projetos\Neoeffex\neoeffex-site\modelos\hamburgueria\node_modules\rollup\dist\shared\fsevents-importer.js"
"EB4D0A4F4B8C9E54A9F1CF0CD314B1D2E896BD7F0C4EFDE54B4A0B26D8C9B0F3","D:\Projetos\Neoeffex\neoeffex-site\modelos\hamburgueria\node_modules\rollup\dist\shared\index.js"
"A6612215EEE3F1AA0C9827179A6A815C3BF15149BF8866E1B8BD4C62F80848F6","D:\Projetos\Neoeffex\neoeffex-site\modelos\hamburgueria\node_modules\rollup\dist\shared\loadConfigFile.js"
"CD19A776786BF71A636E441B5D605DAD84B94F574E432FE33985DE73E1143DDA","D:\Projetos\Neoeffex\neoeffex-site\modelos\hamburgueria\node_modules\rollup\dist\shared\parseAst.js"
"6641EB3E03C1D29BA90D56A381E259A256D238B43A86DECB03971E640A63338E","D:\Projetos\Neoeffex\neoeffex-site\modelos\hamburgueria\node_modules\rollup\dist\shared\rollup.js"
"549875A3F899636CCF65A7329A053AB7DA247338957BF98DBA9D33989E62B57E","D:\Projetos\Neoeffex\neoeffex-site\modelos\hamburgueria\node_modules\rollup\dist\shared\watch-cli.js"
"F7C63E693E86E611BDC4B7350018ED69F9B8D1E3AAC5C73753EB91B660C22783","D:\Projetos\Neoeffex\neoeffex-site\modelos\hamburgueria\node_modules\rollup\dist\shared\watch.js"
"6CB0631F71C7749763FD3DD1D5BEE52DD1070EC17F2EDC1710079AD070BD2FBD","D:\Projetos\Neoeffex\neoeffex-site\modelos\hamburgueria\node_modules\source-map-js\LICENSE"
"58F8E94A461A5E461E0CB2BB2BE681CBD89B9181989FD26FCEB858E67711469A","D:\Projetos\Neoeffex\neoeffex-site\modelos\hamburgueria\node_modules\source-map-js\package.json"
"8E1A57DAF01CD2FC8969ECD0AFEAE51D1C05C7C79E9413EA82016A0F65E97646","D:\Projetos\Neoeffex\neoeffex-site\modelos\hamburgueria\node_modules\source-map-js\README.md"
"402E5C534FB2B85FA771170595DB3AC0DD532112C8FA44FC23F233BC6967488B","D:\Projetos\Neoeffex\neoeffex-site\modelos\hamburgueria\node_modules\source-map-js\source-map.d.ts"
"DC098456C2D9AB90A4C0A17CCA9BE16665B9813DF20906553A98B0088A157BE7","D:\Projetos\Neoeffex\neoeffex-site\modelos\hamburgueria\node_modules\source-map-js\source-map.js"
"163BB3055AAEA7140167740036A83161FD912C344B14F992754B80F21477D754","D:\Projetos\Neoeffex\neoeffex-site\modelos\hamburgueria\node_modules\source-map-js\lib\array-set.js"
"F3407E528F54EC0787BD0A71EEAC0C99FFFD98445916FCBE116DC69CA3BE928B","D:\Projetos\Neoeffex\neoeffex-site\modelos\hamburgueria\node_modules\source-map-js\lib\base64-vlq.js"
"651BF433CF05E9EC8CEE0B94639483236A605D48279E83D3D5C5DE81C21D6599","D:\Projetos\Neoeffex\neoeffex-site\modelos\hamburgueria\node_modules\source-map-js\lib\base64.js"
"C7F4A47A125AF0BD860443DFD71D2F412D1A97DCB53AB7038189D63B91DC32BD","D:\Projetos\Neoeffex\neoeffex-site\modelos\hamburgueria\node_modules\source-map-js\lib\binary-search.js"
"35DDB82861F11A70AB84CB47D620FCB28D7F884BB444644E06BDE815B836EF9E","D:\Projetos\Neoeffex\neoeffex-site\modelos\hamburgueria\node_modules\source-map-js\lib\mapping-list.js"
"72ED4911CDC72232CAC53CAC995E28E865CD4302186173BBA74FF6436C089915","D:\Projetos\Neoeffex\neoeffex-site\modelos\hamburgueria\node_modules\source-map-js\lib\quick-sort.js"
"2CA1C32E3BD72C64662ADF034D97DF8606BA1E1399CAFC75567809ECFF4BCA95","D:\Projetos\Neoeffex\neoeffex-site\modelos\hamburgueria\node_modules\source-map-js\lib\source-map-consumer.d.ts"
"78F7A8F6D20F51A99A9CBD8D552321B1A72DE9B9FB9C39DBEB27DC84EB2EADE5","D:\Projetos\Neoeffex\neoeffex-site\modelos\hamburgueria\node_modules\source-map-js\lib\source-map-consumer.js"
"11F9B1E28747CA9CF5F4F7D41A7F261AC98ECDE6BE7DC146824FA275AC1F169D","D:\Projetos\Neoeffex\neoeffex-site\modelos\hamburgueria\node_modules\source-map-js\lib\source-map-generator.d.ts"
"645482E8D23FD49CD025A0AD07C2E2BEB173995138370D6A73E596E18E889BD8","D:\Projetos\Neoeffex\neoeffex-site\modelos\hamburgueria\node_modules\source-map-js\lib\source-map-generator.js"
"E4A2E40E293158FB2AB29AADB9EAA6400C8D9BE5851D45A95A76F9E2A4BB7C8B","D:\Projetos\Neoeffex\neoeffex-site\modelos\hamburgueria\node_modules\source-map-js\lib\source-node.d.ts"
"B45DB8183550CA1E6259976F6CEEE89F6764360C56CF206701BD2F7471144E31","D:\Projetos\Neoeffex\neoeffex-site\modelos\hamburgueria\node_modules\source-map-js\lib\source-node.js"
"0629F3AE2F3049CDA3A2E87EA651DCF0CC71108F4681795AB989A8AC1573FC03","D:\Projetos\Neoeffex\neoeffex-site\modelos\hamburgueria\node_modules\source-map-js\lib\util.js"
"BFE119EA4FD413F5F7CA3FCD63ADB0C4A073ED39DAA2FE7D3E6B769E21272601","D:\Projetos\Neoeffex\neoeffex-site\modelos\hamburgueria\node_modules\three\LICENSE"
"AA42494664DBA4CF76D89C6975EE38321A402F09A048672E190BAD6F13BEEC93","D:\Projetos\Neoeffex\neoeffex-site\modelos\hamburgueria\node_modules\three\package.json"
"5FEEDC7F86B36E55DFCB8BCB23B2B45C15EB627732DEA0E5181DEE5228723AB8","D:\Projetos\Neoeffex\neoeffex-site\modelos\hamburgueria\node_modules\three\README.md"
"2980C5831824F46D79A39A93FEB70DD851538CE5B5480A6463883B319022C51F","D:\Projetos\Neoeffex\neoeffex-site\modelos\hamburgueria\node_modules\three\build\three.cjs"
"EB077D2417F61D3E6D9264C317CABC4EA35769ED6B0AB533067292A550784C20","D:\Projetos\Neoeffex\neoeffex-site\modelos\hamburgueria\node_modules\three\build\three.core.js"
"61BA0DF005B05991361D040D8FF670E1AADFD0CE7AEEBD1FDB0725957A8957DE","D:\Projetos\Neoeffex\neoeffex-site\modelos\hamburgueria\node_modules\three\build\three.core.min.js"
"C8211C69345D2E9949DC7A8AC969380497AA0600A5A8AC6A459C8CD02DD9CB8A","D:\Projetos\Neoeffex\neoeffex-site\modelos\hamburgueria\node_modules\three\build\three.module.js"
"E2B5EE6BCCD38FD6D8A2428546B83C5F2426D84B152EF82BE8055556E3B40EB6","D:\Projetos\Neoeffex\neoeffex-site\modelos\hamburgueria\node_modules\three\build\three.module.min.js"
"AC2C7CD43CE90D006C12E2ACE3E0AF98A1BD538162C661E4199B50EDCF508D92","D:\Projetos\Neoeffex\neoeffex-site\modelos\hamburgueria\node_modules\three\build\three.tsl.js"
"D1DA99ED9D68CF5EC7D80D80B0BA7660BCD023296B98422E44B69CE29AFC98B0","D:\Projetos\Neoeffex\neoeffex-site\modelos\hamburgueria\node_modules\three\build\three.tsl.min.js"
"C6B225365368FC052BD96EBFAE1363324EA526E59F15A60E201E1257C3ADC12F","D:\Projetos\Neoeffex\neoeffex-site\modelos\hamburgueria\node_modules\three\build\three.webgpu.js"
"4164104213767DCF6933F86096A8F25D93B95723DAB2CF420E2CB3209067698F","D:\Projetos\Neoeffex\neoeffex-site\modelos\hamburgueria\node_modules\three\build\three.webgpu.min.js"
"88D20A278CF15AFF9A7389672F79C8E89FB51CA2C0438D1C208A852DB1C65600","D:\Projetos\Neoeffex\neoeffex-site\modelos\hamburgueria\node_modules\three\build\three.webgpu.nodes.js"
"9244B2BC2CC0A7033044EB74EEF63536493FC457182F5B051F9B6CD0F675B1FE","D:\Projetos\Neoeffex\neoeffex-site\modelos\hamburgueria\node_modules\three\build\three.webgpu.nodes.min.js"
"C028FD9C4017E34F1BF46694E4C23479CD22B812D0308F5DFC7446412C41D88C","D:\Projetos\Neoeffex\neoeffex-site\modelos\hamburgueria\node_modules\three\examples\fonts\gentilis_bold.typeface.json"
"7ED95F2FAA30F59DBE7CFB145B97C42A6BA1188CD2EEC01CA61485E8C83EE9DE","D:\Projetos\Neoeffex\neoeffex-site\modelos\hamburgueria\node_modules\three\examples\fonts\gentilis_regular.typeface.json"
"BD68159EE0B8D10FE24B9DAA2E32F19686F9D8269A79DC8D44203A66298BFA2F","D:\Projetos\Neoeffex\neoeffex-site\modelos\hamburgueria\node_modules\three\examples\fonts\helvetiker_bold.typeface.json"
"D5C5467690F74061179A292AF83BD85C4C551E0F106B2AF99714F11184C96981","D:\Projetos\Neoeffex\neoeffex-site\modelos\hamburgueria\node_modules\three\examples\fonts\helvetiker_regular.typeface.json"
"35E8279356D7890871C4FCE804D157E3F21456A7311EF2CAAB5CB4705C71B6BD","D:\Projetos\Neoeffex\neoeffex-site\modelos\hamburgueria\node_modules\three\examples\fonts\LICENSE"
"D690A5F45706DB0C15C39313CC36F8CE62EF154C6A21923809814A89F6DF7C98","D:\Projetos\Neoeffex\neoeffex-site\modelos\hamburgueria\node_modules\three\examples\fonts\optimer_bold.typeface.json"
"17E5E14D94D66E0E60EED3BFDE403FCFA3E677F3C914E4CBED264C0C0BA95175","D:\Projetos\Neoeffex\neoeffex-site\modelos\hamburgueria\node_modules\three\examples\fonts\optimer_regular.typeface.json"
"502A6CAB7895E6132F0A6946C6979933D3959B1D769DE04B85682B30626B4340","D:\Projetos\Neoeffex\neoeffex-site\modelos\hamburgueria\node_modules\three\examples\fonts\README.md"
"EC40F077E0695E4CE9F74E9953034312EB6D1D5A9EB6C584B1EB0FD84077FB81","D:\Projetos\Neoeffex\neoeffex-site\modelos\hamburgueria\node_modules\three\examples\fonts\droid\droid_sans_bold.typeface.json"
"C60F23330C5911F5F3640901F0DEDF0C02CFC9982E0B5A99E2F1EF30EEBC4E6F","D:\Projetos\Neoeffex\neoeffex-site\modelos\hamburgueria\node_modules\three\examples\fonts\droid\droid_sans_mono_regular.typeface.json"
"8F0570E6CBB9B0230DC8A19B1942FD414191F0F3BFC76E3F413C2F9CFCCD2EAC","D:\Projetos\Neoeffex\neoeffex-site\modelos\hamburgueria\node_modules\three\examples\fonts\droid\droid_sans_regular.typeface.json"
"E9A71DE592E239ACC3DA3601CFBAD53836931F498F409AB68535140F2045F29D","D:\Projetos\Neoeffex\neoeffex-site\modelos\hamburgueria\node_modules\three\examples\fonts\droid\droid_serif_bold.typeface.json"
"99FF855B8C18BCEC3428745F576A75BFB0DA5F63FE52C23F2484C2E655C2C64A","D:\Projetos\Neoeffex\neoeffex-site\modelos\hamburgueria\node_modules\three\examples\fonts\droid\droid_serif_regular.typeface.json"
"38751245389E1E23F73E6F5384B5CBE7FA972CC4410C5ADC9C04B082A0B9561A","D:\Projetos\Neoeffex\neoeffex-site\modelos\hamburgueria\node_modules\three\examples\fonts\droid\NOTICE"
"C8B88077052FED912B3F724C0ED230C501CF4E18833AF7CA44338D3CD0B093E2","D:\Projetos\Neoeffex\neoeffex-site\modelos\hamburgueria\node_modules\three\examples\fonts\droid\README.txt"
"FD42226067FC44707D41EF9F43597574C6A0FD415249416B38CF93371A7A611A","D:\Projetos\Neoeffex\neoeffex-site\modelos\hamburgueria\node_modules\three\examples\fonts\ttf\kenpixel.ttf"
"839A0690EE62D559779BD978FA28828F1686DB0071F46B5FEBCA8C553AF16039","D:\Projetos\Neoeffex\neoeffex-site\modelos\hamburgueria\node_modules\three\examples\fonts\ttf\README.md"
"979673DE5762BE09C14A1CB57D591FFD4657564BD9E5B27F03E8FA2319AE4BDE","D:\Projetos\Neoeffex\neoeffex-site\modelos\hamburgueria\node_modules\three\examples\jsm\Addons.js"
"0AFB4C1B147420E7104A2C1D7F0E2CA19FEF030572E95A10F53EBC09397C4DC5","D:\Projetos\Neoeffex\neoeffex-site\modelos\hamburgueria\node_modules\three\examples\jsm\animation\AnimationClipCreator.js"
"1963816DBDB97BA9D330A209BF8A02A125DD52A0E0AB7F58E8F8B359131A97F2","D:\Projetos\Neoeffex\neoeffex-site\modelos\hamburgueria\node_modules\three\examples\jsm\animation\CCDIKSolver.js"
"02D6F471F7CFE5F70B27FCEF39E0BA236229A79365C45071E193D4A32495E8A1","D:\Projetos\Neoeffex\neoeffex-site\modelos\hamburgueria\node_modules\three\examples\jsm\capabilities\WebGL.js"
"CDF50407D9FA4CE1AF66FD380B030069262EE896EEE64DDE233BD22339556B5A","D:\Projetos\Neoeffex\neoeffex-site\modelos\hamburgueria\node_modules\three\examples\jsm\capabilities\WebGPU.js"
"DA2699E2D18C89C89EB8819CA5C33BE066B92098BCC0DBB14B2B4E522B1A349F","D:\Projetos\Neoeffex\neoeffex-site\modelos\hamburgueria\node_modules\three\examples\jsm\controls\ArcballControls.js"
"D0FDB1C9E05B9AA8ED05FCFAD91765EA4C5F2C9CB3BF3B5047BF8265CD256AD1","D:\Projetos\Neoeffex\neoeffex-site\modelos\hamburgueria\node_modules\three\examples\jsm\controls\DragControls.js"
"DE17F83CB367173936A163C14DD1D2FFF245E81E0B936169B95EE107EB440E5F","D:\Projetos\Neoeffex\neoeffex-site\modelos\hamburgueria\node_modules\three\examples\jsm\controls\FirstPersonControls.js"
"18578F439F1CBF6EB9135687C846AD54F025F9DB9CFFB077A92A1D9324A67526","D:\Projetos\Neoeffex\neoeffex-site\modelos\hamburgueria\node_modules\three\examples\jsm\controls\FlyControls.js"
"864E2F414975958CE90A029783A5E010877954E53EB8F5ED11221B41C09756F9","D:\Projetos\Neoeffex\neoeffex-site\modelos\hamburgueria\node_modules\three\examples\jsm\controls\MapControls.js"
"B97879C748170BAADEB3FB84CEA1FFDF4674E283DC06042F34E2ACB95A76042C","D:\Projetos\Neoeffex\neoeffex-site\modelos\hamburgueria\node_modules\three\examples\jsm\controls\OrbitControls.js"
"AAD3F59B92727FC9741B8E4CCDC9D2290BB5CA05562BAAA3EFF78D1DD92B18B7","D:\Projetos\Neoeffex\neoeffex-site\modelos\hamburgueria\node_modules\three\examples\jsm\controls\PointerLockControls.js"
"34E097B83260D8F40D23473BC7511889909660F89DE9734E46928DF9128FD2A8","D:\Projetos\Neoeffex\neoeffex-site\modelos\hamburgueria\node_modules\three\examples\jsm\controls\TrackballControls.js"
"621FB8894C0F748C2BE2A6FF8A6BDD72C18A22B24DDFE21D506514544DF5C84E","D:\Projetos\Neoeffex\neoeffex-site\modelos\hamburgueria\node_modules\three\examples\jsm\controls\TransformControls.js"
"42DA3B2E5FFB737797511A246BCF94A0B873E695CBF413A4FDA1DB55C0D4A284","D:\Projetos\Neoeffex\neoeffex-site\modelos\hamburgueria\node_modules\three\examples\jsm\csm\CSM.js"
"33EF4CE3F310DF0532120F564EB392CE3936148D54628A8D2F713FCD347BAA52","D:\Projetos\Neoeffex\neoeffex-site\modelos\hamburgueria\node_modules\three\examples\jsm\csm\CSMFrustum.js"
"77DDC71C67D2ADC334510AD3D9AF1C3DDA443D4BECF15EF891713ABF441FDF81","D:\Projetos\Neoeffex\neoeffex-site\modelos\hamburgueria\node_modules\three\examples\jsm\csm\CSMHelper.js"
"9DFE9B052F75607919AFB05F0109CDB1CBA54138552CBEC574052BE26105BAE2","D:\Projetos\Neoeffex\neoeffex-site\modelos\hamburgueria\node_modules\three\examples\jsm\csm\CSMShader.js"
"C232F690ABD92AA7CAE90BB1EAEB4062E273E958ED705D016CAF0C058B764E8A","D:\Projetos\Neoeffex\neoeffex-site\modelos\hamburgueria\node_modules\three\examples\jsm\csm\CSMShadowNode.js"
"4F2A7FE5BC59CCEA70576C24CD9845CF41EA2C358E006057C007C4E34CF95A88","D:\Projetos\Neoeffex\neoeffex-site\modelos\hamburgueria\node_modules\three\examples\jsm\curves\CurveExtras.js"
"BEF2607618A7778455E71A1F0BD206951C382D313E2E245808CC7D3533D60FB6","D:\Projetos\Neoeffex\neoeffex-site\modelos\hamburgueria\node_modules\three\examples\jsm\curves\NURBSCurve.js"
"A7FF303ADDD765DA8C85CEABB2E3248A970144021CD52B2CB8F177E34AEAA244","D:\Projetos\Neoeffex\neoeffex-site\modelos\hamburgueria\node_modules\three\examples\jsm\curves\NURBSSurface.js"
"C6BD7C4137D585098923F189687898EA3E8762EA3ECBE255D749A56353894379","D:\Projetos\Neoeffex\neoeffex-site\modelos\hamburgueria\node_modules\three\examples\jsm\curves\NURBSUtils.js"
"C51DB69B23DB33911D4E9B666B33143A71F41554C56B7D4F6DD60974BEE5CB4A","D:\Projetos\Neoeffex\neoeffex-site\modelos\hamburgueria\node_modules\three\examples\jsm\curves\NURBSVolume.js"
"793FAAD57FEFB15EA69B6DF50F7D44FA73307A122F6EDD2EE68CB23F0F41419C","D:\Projetos\Neoeffex\neoeffex-site\modelos\hamburgueria\node_modules\three\examples\jsm\effects\AnaglyphEffect.js"
"7C00D4A71515C3EBB7C04BD6A3E37D34D9D9F9805211F910B03F64E039A5B4E3","D:\Projetos\Neoeffex\neoeffex-site\modelos\hamburgueria\node_modules\three\examples\jsm\effects\AsciiEffect.js"
"DE63C6FB974DB81C9E919F8FBA8005158AB4B0D17EF18E15A7C0544BB81CCB98","D:\Projetos\Neoeffex\neoeffex-site\modelos\hamburgueria\node_modules\three\examples\jsm\effects\OutlineEffect.js"
"AA52A8C6B1464548F7FAB21A7A272E23311273093462DCC209C39019FC1C1055","D:\Projetos\Neoeffex\neoeffex-site\modelos\hamburgueria\node_modules\three\examples\jsm\effects\ParallaxBarrierEffect.js"
"A4A510D7A8C3513054BD7FD72F9B6D48FD688748D8D31E0CCF725ED2D18B9972","D:\Projetos\Neoeffex\neoeffex-site\modelos\hamburgueria\node_modules\three\examples\jsm\effects\StereoEffect.js"
"E311CE2332FC924087BEAEDAC01BA8E1F5B1FF7971F138FCDD5DB96DF0A15ABD","D:\Projetos\Neoeffex\neoeffex-site\modelos\hamburgueria\node_modules\three\examples\jsm\environments\DebugEnvironment.js"
"C20F0B4677F6128A138D7152B85CBEF9091F4F45CDFA05ADCA04D40C1697C7AE","D:\Projetos\Neoeffex\neoeffex-site\modelos\hamburgueria\node_modules\three\examples\jsm\environments\RoomEnvironment.js"
"AC47C5A121169029098BB2DBB2D682F94B674DF05D588C06D1ADFCD60E952539","D:\Projetos\Neoeffex\neoeffex-site\modelos\hamburgueria\node_modules\three\examples\jsm\exporters\DRACOExporter.js"
"39C9B80EAE62993666E42A7B9A850DB528F339750D1524DCE848C9A21EA8084D","D:\Projetos\Neoeffex\neoeffex-site\modelos\hamburgueria\node_modules\three\examples\jsm\exporters\EXRExporter.js"
"E7C29444454EB321B39E4C8B3062944F4FD5299A0E7483E9CB8C0594CDEC829F","D:\Projetos\Neoeffex\neoeffex-site\modelos\hamburgueria\node_modules\three\examples\jsm\exporters\GLTFExporter.js"
"17B70D30641A9AA2C191FBE5FC37651458AA882780E22D9F7823E555CAC24781","D:\Projetos\Neoeffex\neoeffex-site\modelos\hamburgueria\node_modules\three\examples\jsm\exporters\KTX2Exporter.js"
"2DF529483EEC685EC5C9A52F6A370ACC654592AEEB495A8E862D8BB6D3D5063E","D:\Projetos\Neoeffex\neoeffex-site\modelos\hamburgueria\node_modules\three\examples\jsm\exporters\OBJExporter.js"
"96C99104D93303D0DC3679A9F873F86E7A22FA827F4C896C152D36496E57DF88","D:\Projetos\Neoeffex\neoeffex-site\modelos\hamburgueria\node_modules\three\examples\jsm\exporters\PLYExporter.js"
"6508E5F79D120C7FDB677430342179609B27F59942DD6A2E215EEF3FF60A7E60","D:\Projetos\Neoeffex\neoeffex-site\modelos\hamburgueria\node_modules\three\examples\jsm\exporters\STLExporter.js"
"68E6E23074420B6BDEB49264389957FA351AA9042636187B34A6B1247971E5D5","D:\Projetos\Neoeffex\neoeffex-site\modelos\hamburgueria\node_modules\three\examples\jsm\exporters\USDZExporter.js"
"9010CA7E6D5C5277096DB75960001BA774862B89731A4DD8B2E98D54F717EBF3","D:\Projetos\Neoeffex\neoeffex-site\modelos\hamburgueria\node_modules\three\examples\jsm\geometries\BoxLineGeometry.js"
"F52F4C5F0CC42EAEF25D7330E912693AE1D7A9B0DF0A599CD35F5854E9ECB34E","D:\Projetos\Neoeffex\neoeffex-site\modelos\hamburgueria\node_modules\three\examples\jsm\geometries\ConvexGeometry.js"
"0C6893CCD5A5D3E3AA95A92DB4C30172D03D89E97E146DE334244C8476FD20B2","D:\Projetos\Neoeffex\neoeffex-site\modelos\hamburgueria\node_modules\three\examples\jsm\geometries\DecalGeometry.js"
"7D533863EDDA651735AF91C613927B7681BBE5179FCE1141FCFE6592EA3F88D9","D:\Projetos\Neoeffex\neoeffex-site\modelos\hamburgueria\node_modules\three\examples\jsm\geometries\ParametricFunctions.js"
"9ADE22D2268F975ED5D3E3C2437E8999D532B7FDB8465C72AA46953AB760FAFE","D:\Projetos\Neoeffex\neoeffex-site\modelos\hamburgueria\node_modules\three\examples\jsm\geometries\ParametricGeometry.js"
"C1B7C9BD2CDDFF2E3F3A0723F618A3D364A47450E3D25771D21FAED88410BEC8","D:\Projetos\Neoeffex\neoeffex-site\modelos\hamburgueria\node_modules\three\examples\jsm\geometries\RoundedBoxGeometry.js"
"31CE94A5EFE7FF4DBDA886B258BCAB5A16E2D0E329C9F041EDDF3007D2783401","D:\Projetos\Neoeffex\neoeffex-site\modelos\hamburgueria\node_modules\three\examples\jsm\geometries\TeapotGeometry.js"
"2585A4ECD9718E32FA862AF729F75819D4021CE17501C99265889623F2791554","D:\Projetos\Neoeffex\neoeffex-site\modelos\hamburgueria\node_modules\three\examples\jsm\geometries\TextGeometry.js"
"4132065826D84FBC326F37E0E5B44899F84CE1C7B08FBB905795ECA8005259D3","D:\Projetos\Neoeffex\neoeffex-site\modelos\hamburgueria\node_modules\three\examples\jsm\helpers\LightProbeHelper.js"
"4DF215C5721890B6B53BCEBE790F6800C0CF78754937D589817412EAED6FB0EA","D:\Projetos\Neoeffex\neoeffex-site\modelos\hamburgueria\node_modules\three\examples\jsm\helpers\LightProbeHelperGPU.js"
"328F298A83AD77209BA4E18A52B3BBD8597DA1A1E89B1443736CE2CB0581067F","D:\Projetos\Neoeffex\neoeffex-site\modelos\hamburgueria\node_modules\three\examples\jsm\helpers\OctreeHelper.js"
"027531F7208BEA6C63281465CB95CA9A1246CD0B7EA3E1E9D605AE813ABDF67B","D:\Projetos\Neoeffex\neoeffex-site\modelos\hamburgueria\node_modules\three\examples\jsm\helpers\PositionalAudioHelper.js"
"DBA49036B1B4019E545A41EBCFCD7B7C7F5BA1C0A5F3F32737B4960D093304A4","D:\Projetos\Neoeffex\neoeffex-site\modelos\hamburgueria\node_modules\three\examples\jsm\helpers\RapierHelper.js"
"72B07967BCC24220FC5D5ED018F810C4A8C64A073D97C38F2160CE5EC389C1A4","D:\Projetos\Neoeffex\neoeffex-site\modelos\hamburgueria\node_modules\three\examples\jsm\helpers\RectAreaLightHelper.js"
"2367537802CB353BB20D5233FDCF01C4CDEFA3629BB5740BBF0767922CA0220F","D:\Projetos\Neoeffex\neoeffex-site\modelos\hamburgueria\node_modules\three\examples\jsm\helpers\TextureHelper.js"
"9D268939AA8EB43CB786880172A9B2C4EA9FA870427477DF91B291A156B0DAC2","D:\Projetos\Neoeffex\neoeffex-site\modelos\hamburgueria\node_modules\three\examples\jsm\helpers\TextureHelperGPU.js"
"666A1219D95010E4D5D290F08774AF2C327B7BCD368EBDEC29A111805C8B7ECC","D:\Projetos\Neoeffex\neoeffex-site\modelos\hamburgueria\node_modules\three\examples\jsm\helpers\VertexNormalsHelper.js"
"B0D38D36AF91EB8F5A119CAE0A12861F2D0D27F35A1BDF70462FB53976A752EB","D:\Projetos\Neoeffex\neoeffex-site\modelos\hamburgueria\node_modules\three\examples\jsm\helpers\VertexTangentsHelper.js"
"7C5D31EDF44B1D5B7FB56B4AC7256A4FC62C445CCC964569FF072A39B002D32F","D:\Projetos\Neoeffex\neoeffex-site\modelos\hamburgueria\node_modules\three\examples\jsm\helpers\ViewHelper.js"
"30D8B009F09D065F44D964A53A78DDC239F81CA204BB457B6F0777DB59EEEF15","D:\Projetos\Neoeffex\neoeffex-site\modelos\hamburgueria\node_modules\three\examples\jsm\interactive\HTMLMesh.js"
"E475297351472F48052DBEC790611ABE34B12F8EBF82DDA5FA118197851DA43A","D:\Projetos\Neoeffex\neoeffex-site\modelos\hamburgueria\node_modules\three\examples\jsm\interactive\InteractiveGroup.js"
"F464368EE27B55B5F7EFE073DCFC70A25E1E13B58414C7F0881B6FE601EE99DF","D:\Projetos\Neoeffex\neoeffex-site\modelos\hamburgueria\node_modules\three\examples\jsm\interactive\SelectionBox.js"
"0FA9844F28AC464913D0A3DDBBE9045E466863E0E4BF71E5FDCB33E0D47ECE2A","D:\Projetos\Neoeffex\neoeffex-site\modelos\hamburgueria\node_modules\three\examples\jsm\interactive\SelectionHelper.js"
"3FA63C584D4732F72B954C5EA105F1FACA99559C95C57CE7BB738D3497F98228","D:\Projetos\Neoeffex\neoeffex-site\modelos\hamburgueria\node_modules\three\examples\jsm\libs\ammo.wasm.js"
"16BE07B989963BDDEBFEF66EAB28A4387536EB37014D9DF1531DAB380BD96A93","D:\Projetos\Neoeffex\neoeffex-site\modelos\hamburgueria\node_modules\three\examples\jsm\libs\ammo.wasm.wasm"
"026047366A9BDD0961EB79857FD5D84DB204589942193012AABE7E3BEE381045","D:\Projetos\Neoeffex\neoeffex-site\modelos\hamburgueria\node_modules\three\examples\jsm\libs\chevrotain.module.min.js"
"8DCE48FC3EF10E2459FE127CBC2AC7A9B51D22C6B42E4C31A6377EAEEFEDA318","D:\Projetos\Neoeffex\neoeffex-site\modelos\hamburgueria\node_modules\three\examples\jsm\libs\demuxer_mp4.js"
"F3AD24A3C35AFAA75B0D84898AB8F25E86DDC3F48A7ADB05432A3E506518CB32","D:\Projetos\Neoeffex\neoeffex-site\modelos\hamburgueria\node_modules\three\examples\jsm\libs\ecsy.module.js"
"209A4412EB48CE609EDB4391992A792FFCC3983D30EE7E2B0B89A8C470F3CD8A","D:\Projetos\Neoeffex\neoeffex-site\modelos\hamburgueria\node_modules\three\examples\jsm\libs\fflate.module.js"
"F40C491F6C44DDE511268121F778A0050E73B1A15FD844C1AE2C78C73213EAFC","D:\Projetos\Neoeffex\neoeffex-site\modelos\hamburgueria\node_modules\three\examples\jsm\libs\ktx-parse.module.js"
"5E31E7FC4D3A1268550B948463EABE06C7A6C03C158CCB99C78616D2C9682518","D:\Projetos\Neoeffex\neoeffex-site\modelos\hamburgueria\node_modules\three\examples\jsm\libs\lil-gui.module.min.js"
"4F83B7691F4BA3C4E4C7EEC45AF7C55814012CAB3683811DC5EDA088E12CBE5A","D:\Projetos\Neoeffex\neoeffex-site\modelos\hamburgueria\node_modules\three\examples\jsm\libs\lottie_canvas.module.js"
"784315B6959C85459EAB77F51776158CC381D7E7D77B919FF7C4935F088A7C5C","D:\Projetos\Neoeffex\neoeffex-site\modelos\hamburgueria\node_modules\three\examples\jsm\libs\meshopt_decoder.module.js"
"A27A8E3C71D2D47EAB93C57E84D9190925DF42CDBD820E07BE15C8EDC789C7CA","D:\Projetos\Neoeffex\neoeffex-site\modelos\hamburgueria\node_modules\three\examples\jsm\libs\mikktspace.module.js"
"4BF534B98DBB0F3E90B1332AC4D49C7D7747253768970ABC7E4133B7700B75B1","D:\Projetos\Neoeffex\neoeffex-site\modelos\hamburgueria\node_modules\three\examples\jsm\libs\motion-controllers.module.js"
"6897287898532EC3B9E33E1DB73BDD9FD3C6131101EA0C0F62DA000A0584B2FB","D:\Projetos\Neoeffex\neoeffex-site\modelos\hamburgueria\node_modules\three\examples\jsm\libs\opentype.module.js"
"F69A7F3173B088188A936EF203DA9FC74175DEE3443CA7804A060B3F19EFC6C8","D:\Projetos\Neoeffex\neoeffex-site\modelos\hamburgueria\node_modules\three\examples\jsm\libs\potpack.module.js"
"2C71A2F70E89C69E46C2E285FB171BAC3DCFD498A85400E94AD5AAF6044FFC06","D:\Projetos\Neoeffex\neoeffex-site\modelos\hamburgueria\node_modules\three\examples\jsm\libs\stats.module.js"
"A3B63A8038ED712471310583D91BA8C0AFB29DFD99AB80E41AFCA354F69ED4FF","D:\Projetos\Neoeffex\neoeffex-site\modelos\hamburgueria\node_modules\three\examples\jsm\libs\surfaceNet.js"
"B61C18C59BFF9810F43D5750849FDE620B225FF4E9013DC51BCECE4B027D69A9","D:\Projetos\Neoeffex\neoeffex-site\modelos\hamburgueria\node_modules\three\examples\jsm\libs\tween.module.js"
"728B196CB49F7349ABC4055DF9AD8E1E99F93FDDEB22E1FB2334436C9997ADEB","D:\Projetos\Neoeffex\neoeffex-site\modelos\hamburgueria\node_modules\three\examples\jsm\libs\utif.module.js"
"5CBF818E842628A4464E748594A6DEAE18CEDDDA3C2F541E7B3A0FF5FC7611E2","D:\Projetos\Neoeffex\neoeffex-site\modelos\hamburgueria\node_modules\three\examples\jsm\libs\zstddec.module.js"
"8478B5B6D6B74E7D3082B89F6417321D8D1DC0307F2B30D4484BB11B441696A1","D:\Projetos\Neoeffex\neoeffex-site\modelos\hamburgueria\node_modules\three\examples\jsm\libs\basis\basis_transcoder.js"
"6CF17DC889352C42E9ACF8897107978D127005FE3386C36A0E3845E27967630A","D:\Projetos\Neoeffex\neoeffex-site\modelos\hamburgueria\node_modules\three\examples\jsm\libs\basis\basis_transcoder.wasm"
"930B11BBBB742B2525491B0964F0462D63D8B21383C0623EC4C98C43D53723C6","D:\Projetos\Neoeffex\neoeffex-site\modelos\hamburgueria\node_modules\three\examples\jsm\libs\basis\README.md"
"30E4D486FA020737AF10E3C56197693E5B904BDC05B8BFA5D7B06751DEC6DA04","D:\Projetos\Neoeffex\neoeffex-site\modelos\hamburgueria\node_modules\three\examples\jsm\libs\draco\draco_decoder.js"
"C55A594E8FFD18426D36B27FEA9618AF3DF5E173640A3E56D46F09D76F0574F2","D:\Projetos\Neoeffex\neoeffex-site\modelos\hamburgueria\node_modules\three\examples\jsm\libs\draco\draco_decoder.wasm"
"D5C653CAF242556DDFF9370E86979B8B5C6131BC196BE388698A85DC2E1BB59B","D:\Projetos\Neoeffex\neoeffex-site\modelos\hamburgueria\node_modules\three\examples\jsm\libs\draco\draco_encoder.js"
"E8049906EF3F8F75D3456C22A3F31BFDFE5B5B5BD09CCDEC613B9E9A49D554D8","D:\Projetos\Neoeffex\neoeffex-site\modelos\hamburgueria\node_modules\three\examples\jsm\libs\draco\draco_wasm_wrapper.js"
"8B9D277BF5743F4CE8D85D63C16690071B53F81796E877D4D395AF943BDE02A0","D:\Projetos\Neoeffex\neoeffex-site\modelos\hamburgueria\node_modules\three\examples\jsm\libs\draco\README.md"
"8625489DA79A805F4F2A7D511C3E52D8B4085608A9D2A4D5F4F9DE5DB0AEA04F","D:\Projetos\Neoeffex\neoeffex-site\modelos\hamburgueria\node_modules\three\examples\jsm\libs\draco\gltf\draco_decoder.js"
"A680D927BED9CB864DDBD63521868891AF2BFBE755092761B4837487618DF8AC","D:\Projetos\Neoeffex\neoeffex-site\modelos\hamburgueria\node_modules\three\examples\jsm\libs\draco\gltf\draco_decoder.wasm"
"6D4132D7B68D26D20A43A1ED59FF4B4A694FBAAD41B339158DB050DBD0E68F56","D:\Projetos\Neoeffex\neoeffex-site\modelos\hamburgueria\node_modules\three\examples\jsm\libs\draco\gltf\draco_encoder.js"
"8BB2952D2BA7D67E1414F8DF819410CB0434A666BE53F671FFF75F68843D76F6","D:\Projetos\Neoeffex\neoeffex-site\modelos\hamburgueria\node_modules\three\examples\jsm\libs\draco\gltf\draco_wasm_wrapper.js"
"D596C47905B9C5B63C418DE158F26E3F71B1957AED19478E135E05801C6FCB85","D:\Projetos\Neoeffex\neoeffex-site\modelos\hamburgueria\node_modules\three\examples\jsm\libs\rhino3dm\rhino3dm.js"
"62EE449C1F24327FB0B68FC550E261EA5379C844C079A4CD643438001CC97837","D:\Projetos\Neoeffex\neoeffex-site\modelos\hamburgueria\node_modules\three\examples\jsm\libs\rhino3dm\rhino3dm.module.js"
"6B2DB3E30F39828D53AEDCD8D55DEF981C2AD438747CC2CACD6A2F2D0F77ACFC","D:\Projetos\Neoeffex\neoeffex-site\modelos\hamburgueria\node_modules\three\examples\jsm\libs\rhino3dm\rhino3dm.wasm"
"35194907B01DA350968C16226FB59225EA7EFD9A88340F0AE6BCDC72D41D2E32","D:\Projetos\Neoeffex\neoeffex-site\modelos\hamburgueria\node_modules\three\examples\jsm\lighting\TiledLighting.js"
"E609630D1F399C79DCF4A3F8063C81CB2344A0765DF1DDF6335CCCA3B40FFA98","D:\Projetos\Neoeffex\neoeffex-site\modelos\hamburgueria\node_modules\three\examples\jsm\lights\LightProbeGenerator.js"
"8ACC50043AEBC3FF0F63E21607EF2394CDA41D634F92093BCB7AD6F1D1E2EB11","D:\Projetos\Neoeffex\neoeffex-site\modelos\hamburgueria\node_modules\three\examples\jsm\lights\RectAreaLightTexturesLib.js"
"494FEF2D731FF1689050CC6040AD78D927C22B9125A12F532BEB0374C2811C6E","D:\Projetos\Neoeffex\neoeffex-site\modelos\hamburgueria\node_modules\three\examples\jsm\lights\RectAreaLightUniformsLib.js"
"69DD2120D4DF14208796ACF199F80A64D37E042CFA65DC2B98286694B2954194","D:\Projetos\Neoeffex\neoeffex-site\modelos\hamburgueria\node_modules\three\examples\jsm\lines\Line2.js"
"B7EC6B0011E3B09DC72E17CFD8E8945295CB2BC8C8AA9AA19E47119680BDAD7E","D:\Projetos\Neoeffex\neoeffex-site\modelos\hamburgueria\node_modules\three\examples\jsm\lines\LineGeometry.js"
"8450D827153D2509E43513CD123DF786D7C8C7CDBFD4C7EEA4C9E1621F2A7FB5","D:\Projetos\Neoeffex\neoeffex-site\modelos\hamburgueria\node_modules\three\examples\jsm\lines\LineMaterial.js"
"5D707B4E6056945B3B34CD8291B6AFE16C913F6B1E8EAC7B6D6892F41C45C26D","D:\Projetos\Neoeffex\neoeffex-site\modelos\hamburgueria\node_modules\three\examples\jsm\lines\LineSegments2.js"
"471F0A954A0C9C59D3D151392F424142A9164A722802F63B371971378A84A1B1","D:\Projetos\Neoeffex\neoeffex-site\modelos\hamburgueria\node_modules\three\examples\jsm\lines\LineSegmentsGeometry.js"
"0F8B84215E857F83E8CE0E106DF0F605469D9B6ACF4D72BDBB3AE887F71F8EA6","D:\Projetos\Neoeffex\neoeffex-site\modelos\hamburgueria\node_modules\three\examples\jsm\lines\Wireframe.js"
"B540CA152B38DE6197849E9CC51A669F93B3AE4822C6030C589E9914320CED50","D:\Projetos\Neoeffex\neoeffex-site\modelos\hamburgueria\node_modules\three\examples\jsm\lines\WireframeGeometry2.js"
"3169CB8DC3D5DB876F59907851DFD5E50235585D7B4B8FF127823F9A54F7A56B","D:\Projetos\Neoeffex\neoeffex-site\modelos\hamburgueria\node_modules\three\examples\jsm\lines\webgpu\Line2.js"
"1FFBCD998F32F8DBC96AE7FB72404E6DC6F513E2978819CBED31ED00E9D112C3","D:\Projetos\Neoeffex\neoeffex-site\modelos\hamburgueria\node_modules\three\examples\jsm\lines\webgpu\LineSegments2.js"
"AE2AC3AAAA7CC00E68075E21A34663CEE9EA84231EEC84EDB2021CEB1D438061","D:\Projetos\Neoeffex\neoeffex-site\modelos\hamburgueria\node_modules\three\examples\jsm\lines\webgpu\Wireframe.js"
"4B352A95652BE521500514E0429A3AA7B7E63BB2735E1AAB52A6F218BB2D8284","D:\Projetos\Neoeffex\neoeffex-site\modelos\hamburgueria\node_modules\three\examples\jsm\loaders\3DMLoader.js"
"6349856A12E93C791BF2F53CFC988F96D7C33E16ADB027F51E3E73116D2471A5","D:\Projetos\Neoeffex\neoeffex-site\modelos\hamburgueria\node_modules\three\examples\jsm\loaders\3MFLoader.js"
"BFB1A2463AE0B0286A90EF44F16D4AC7F81C654F334BA296E1415DEDD3FFC99B","D:\Projetos\Neoeffex\neoeffex-site\modelos\hamburgueria\node_modules\three\examples\jsm\loaders\AMFLoader.js"
"597E148C7AFB516DB8522AC0D0CB05F775C13AAF665623FA25B17ABBCD55E3BA","D:\Projetos\Neoeffex\neoeffex-site\modelos\hamburgueria\node_modules\three\examples\jsm\loaders\BVHLoader.js"
"A778A6886874E5EFF0A6CF1E4A15EC3C38D675D13AD3DCD04C3094EECFAF80D2","D:\Projetos\Neoeffex\neoeffex-site\modelos\hamburgueria\node_modules\three\examples\jsm\loaders\ColladaLoader.js"
"95A2B4FA7B6FC19CC1B10F3EBD9D5B063B422EB8648AF6832145D4320F7BA3DA","D:\Projetos\Neoeffex\neoeffex-site\modelos\hamburgueria\node_modules\three\examples\jsm\loaders\DDSLoader.js"
"7A4A51C694A6C9F983BE452CC82B365E69CE08424654E3F245B4115E6EFEF258","D:\Projetos\Neoeffex\neoeffex-site\modelos\hamburgueria\node_modules\three\examples\jsm\loaders\DRACOLoader.js"
"02D79CB49016456DE55A4B3D5B2C5A7D687BA13F1E959F00536A6B1C57C5A607","D:\Projetos\Neoeffex\neoeffex-site\modelos\hamburgueria\node_modules\three\examples\jsm\loaders\EXRLoader.js"
"D97724A6BEA228003E02C64651D969A9A62003A00BE314EF6995C390116F547D","D:\Projetos\Neoeffex\neoeffex-site\modelos\hamburgueria\node_modules\three\examples\jsm\loaders\FBXLoader.js"
"CF6D6CA53B326C7C97207E5D77EFE21735BB1FB1C74C0FBAE3D4DEE655CDED85","D:\Projetos\Neoeffex\neoeffex-site\modelos\hamburgueria\node_modules\three\examples\jsm\loaders\FontLoader.js"
"AF94D2DA3DC1145B2A8DC93B7427BD451DB0A2C833DFC741B48FD7D9129B3EE8","D:\Projetos\Neoeffex\neoeffex-site\modelos\hamburgueria\node_modules\three\examples\jsm\loaders\GCodeLoader.js"
"67AC5551FDAFA6E349BD80C8F8E5E39C136D6B2FB1AD647DB9ABB21DC86F9E4A","D:\Projetos\Neoeffex\neoeffex-site\modelos\hamburgueria\node_modules\three\examples\jsm\loaders\GLTFLoader.js"
"D67FCB9EC88E27736B55CFD591F86ED8529E61FC5A923328EE52CB499C753407","D:\Projetos\Neoeffex\neoeffex-site\modelos\hamburgueria\node_modules\three\examples\jsm\loaders\HDRCubeTextureLoader.js"
"D7053CFC4019F520335AE07E0FE82B4EF5A66B6766E8B253D066616184995E89","D:\Projetos\Neoeffex\neoeffex-site\modelos\hamburgueria\node_modules\three\examples\jsm\loaders\HDRLoader.js"
"7EEBC9CDC4020FAFCA85BEA7D1B26877E9CCF7D3D8928F7AE4344F379D33DE57","D:\Projetos\Neoeffex\neoeffex-site\modelos\hamburgueria\node_modules\three\examples\jsm\loaders\IESLoader.js"
"A050E6B8A09F01315CCE31F3DCD09B32C662B4814CCB97FDA8E4C3B108789E73","D:\Projetos\Neoeffex\neoeffex-site\modelos\hamburgueria\node_modules\three\examples\jsm\loaders\KMZLoader.js"
"C43052B95310199D50935BDC41FCD0FC347F25EAC3B4F0245E6E4DE1EF6E1D93","D:\Projetos\Neoeffex\neoeffex-site\modelos\hamburgueria\node_modules\three\examples\jsm\loaders\KTX2Loader.js"
"341FB85C57336832774697E0BD3DB4CF7A0C747A1F975F8C87C0CC750DD27B9A","D:\Projetos\Neoeffex\neoeffex-site\modelos\hamburgueria\node_modules\three\examples\jsm\loaders\KTXLoader.js"
"AF4CEB50966E1D45AD9620924AFF95821FB0AED0A38173A0F7E0E9E786E8B02B","D:\Projetos\Neoeffex\neoeffex-site\modelos\hamburgueria\node_modules\three\examples\jsm\loaders\LDrawLoader.js"
"C2C54890D397602D7E0818284A7D65A6B41CF8105203B2B3E293970A541D36EC","D:\Projetos\Neoeffex\neoeffex-site\modelos\hamburgueria\node_modules\three\examples\jsm\loaders\LottieLoader.js"
"85FDB086DE69A1AC1629C8585F454F8540FA10DC9420A29FD08DAA788125DE5F","D:\Projetos\Neoeffex\neoeffex-site\modelos\hamburgueria\node_modules\three\examples\jsm\loaders\LUT3dlLoader.js"
"FA9437999D91F98467D9B8B876B76C9CD450EBF2742BCCC74E9A39539120EDD4","D:\Projetos\Neoeffex\neoeffex-site\modelos\hamburgueria\node_modules\three\examples\jsm\loaders\LUTCubeLoader.js"
"C8040476E51BF948317B8161A1C3F8E795EBCDBCDD70055C2F00619841760CF4","D:\Projetos\Neoeffex\neoeffex-site\modelos\hamburgueria\node_modules\three\examples\jsm\loaders\LUTImageLoader.js"
"E049FD86DDCF3F26592C104B2FC0F50DC948AC56819E222A819BC3804ED47BD5","D:\Projetos\Neoeffex\neoeffex-site\modelos\hamburgueria\node_modules\three\examples\jsm\loaders\LWOLoader.js"
"8CE4415BDDFFCC1BDE4624A8E9A7E63970F9B05985D66F9CCAB99D3665C9551E","D:\Projetos\Neoeffex\neoeffex-site\modelos\hamburgueria\node_modules\three\examples\jsm\loaders\MaterialXLoader.js"
"6B63E78BA7C109030BC341442A4704AAACF599E50F47524CA15EFF92D94FF7A7","D:\Projetos\Neoeffex\neoeffex-site\modelos\hamburgueria\node_modules\three\examples\jsm\loaders\MD2Loader.js"
"6A3F8494E46D636C6A874B789D9BBC80DAFD9FC1594E06ABDA0D1F6FFE94065E","D:\Projetos\Neoeffex\neoeffex-site\modelos\hamburgueria\node_modules\three\examples\jsm\loaders\MDDLoader.js"
"F1F8F0C6FCFA09671CB609954EA436521D835606853C110C5AFF2DC8188F5E61","D:\Projetos\Neoeffex\neoeffex-site\modelos\hamburgueria\node_modules\three\examples\jsm\loaders\MTLLoader.js"
"415470F2E5A183AEA1E84645D3E87B0477CC3793C3CAEB53836A513560CC4BE4","D:\Projetos\Neoeffex\neoeffex-site\modelos\hamburgueria\node_modules\three\examples\jsm\loaders\NRRDLoader.js"
"E3CEB6A8ED48CA146049A8F0879C7ACBF884D430F2E728779AF26C6EA3A57C65","D:\Projetos\Neoeffex\neoeffex-site\modelos\hamburgueria\node_modules\three\examples\jsm\loaders\OBJLoader.js"
"034A155605E9AC328598AE2574EBFFE9A49B29AD3B64D2E848A1031A8550262B","D:\Projetos\Neoeffex\neoeffex-site\modelos\hamburgueria\node_modules\three\examples\jsm\loaders\PCDLoader.js"
"A7125E0AC73BED9D7CFACEAA13C10551E74CEF1FF1318501AFF82017BAF9C83C","D:\Projetos\Neoeffex\neoeffex-site\modelos\hamburgueria\node_modules\three\examples\jsm\loaders\PDBLoader.js"
"B824A6DDA90CBFB37CABF8E5462ED1673E7693852BC1A6A7BAB0465D7B634DFB","D:\Projetos\Neoeffex\neoeffex-site\modelos\hamburgueria\node_modules\three\examples\jsm\loaders\PLYLoader.js"
"4E61E0DA18CCD3B3AEE323320C44270A0EB1B52ABF68BF364DFEE6AC5FE676EC","D:\Projetos\Neoeffex\neoeffex-site\modelos\hamburgueria\node_modules\three\examples\jsm\loaders\PVRLoader.js"
"6C08F9C441040A61A188AD7711078DA4DF48F8C5AC3B3725DD6F10AC9FF81162","D:\Projetos\Neoeffex\neoeffex-site\modelos\hamburgueria\node_modules\three\examples\jsm\loaders\RGBELoader.js"
"023ED97F848B633D8BCD53D4DB3B996D29D0C644088700691297C552257D480B","D:\Projetos\Neoeffex\neoeffex-site\modelos\hamburgueria\node_modules\three\examples\jsm\loaders\STLLoader.js"
"90AA8D9C60B4F93F2A482669F5761A530479049A5C42F4BCD32575A43D7A119E","D:\Projetos\Neoeffex\neoeffex-site\modelos\hamburgueria\node_modules\three\examples\jsm\loaders\SVGLoader.js"
"48E12278385785C313268F7A71B47B49F4BC06E72B8E89B46D6C1758FCBC9E7C","D:\Projetos\Neoeffex\neoeffex-site\modelos\hamburgueria\node_modules\three\examples\jsm\loaders\TDSLoader.js"
"7560C445146ED4432A340E312672155D86CF54AD3FC7F5571DA12CBA9512B5C8","D:\Projetos\Neoeffex\neoeffex-site\modelos\hamburgueria\node_modules\three\examples\jsm\loaders\TGALoader.js"
"C166FF39D8FF1C4BF6C38D2D355F5D5E29516CDE712EEBEE827A0A131CEE57A0","D:\Projetos\Neoeffex\neoeffex-site\modelos\hamburgueria\node_modules\three\examples\jsm\loaders\TIFFLoader.js"
"1DCF427B59394D48C20F85D88E744B0F7D2C81F37614E8A81AE82CBFCA91849A","D:\Projetos\Neoeffex\neoeffex-site\modelos\hamburgueria\node_modules\three\examples\jsm\loaders\TTFLoader.js"
"C534DBD9A8514CE3A6959ED6DA141B413E2E7F1DBE940E27C8F17E697999FB59","D:\Projetos\Neoeffex\neoeffex-site\modelos\hamburgueria\node_modules\three\examples\jsm\loaders\UltraHDRLoader.js"
"183949651C516888A55AE6A68077FC93AE2F1FC5F18071891CF80DCC5CAE24E4","D:\Projetos\Neoeffex\neoeffex-site\modelos\hamburgueria\node_modules\three\examples\jsm\loaders\USDLoader.js"
"15F6A71479324D99AC12BD9951EE718178C091985559C3C0563225FD911F764B","D:\Projetos\Neoeffex\neoeffex-site\modelos\hamburgueria\node_modules\three\examples\jsm\loaders\USDZLoader.js"
"997070B488831D072636CF00092261CC95CAD94194B3DEB622AC7A579594D6D3","D:\Projetos\Neoeffex\neoeffex-site\modelos\hamburgueria\node_modules\three\examples\jsm\loaders\VOXLoader.js"
"4E7AEB7BBE78809B43F2A357BD4096CD218F7827F8EA529A041A33E0D9FBBA41","D:\Projetos\Neoeffex\neoeffex-site\modelos\hamburgueria\node_modules\three\examples\jsm\loaders\VRMLLoader.js"
"F458762E5D078E2828C235AAA9DDF55A2989064EE2BF3409DE90D58A406BA97D","D:\Projetos\Neoeffex\neoeffex-site\modelos\hamburgueria\node_modules\three\examples\jsm\loaders\VTKLoader.js"
"E19780545EA436DE1848DEA2B6B54A226E82657C9C167ED91584E6BD6B3DCB8E","D:\Projetos\Neoeffex\neoeffex-site\modelos\hamburgueria\node_modules\three\examples\jsm\loaders\XYZLoader.js"
"0908627856138EB83F97E2453BADC51C2DFADE4034E06AB0DB6EC8D6056163BA","D:\Projetos\Neoeffex\neoeffex-site\modelos\hamburgueria\node_modules\three\examples\jsm\loaders\lwo\IFFParser.js"
"8FD8159C6A4C91A421A667660ABBAA83244EAD6581586B65ABBBE2AB4AF5DEC6","D:\Projetos\Neoeffex\neoeffex-site\modelos\hamburgueria\node_modules\three\examples\jsm\loaders\lwo\LWO2Parser.js"
"6B56D4B581D40A1525F687273231B67C8BC6A4DBDEDF7D544E6C8925E63C17C0","D:\Projetos\Neoeffex\neoeffex-site\modelos\hamburgueria\node_modules\three\examples\jsm\loaders\lwo\LWO3Parser.js"
"0C67AC7553AA8D2FC3B0ECF2CB68D378F8EF658217ADF13DEB7A9B8F3BE1E962","D:\Projetos\Neoeffex\neoeffex-site\modelos\hamburgueria\node_modules\three\examples\jsm\loaders\usd\USDAParser.js"
"E4190B1E48EDF8AD7D1D3563176694650C0767BB10E6D3886986EEC39393E4CE","D:\Projetos\Neoeffex\neoeffex-site\modelos\hamburgueria\node_modules\three\examples\jsm\loaders\usd\USDCParser.js"
"EFC0B194F69D2CB9E364F203754181E28C6DD645604A0B3D282C56C0F0C7FE40","D:\Projetos\Neoeffex\neoeffex-site\modelos\hamburgueria\node_modules\three\examples\jsm\materials\LDrawConditionalLineMaterial.js"
"ACC34CFE0C221DB1377B007E37972F2077A084B2044728ED377AC3F5E036BE3D","D:\Projetos\Neoeffex\neoeffex-site\modelos\hamburgueria\node_modules\three\examples\jsm\materials\LDrawConditionalLineNodeMaterial.js"
"B6173F3F832965D0AB8A9F4C10378B0BE70DDB03E0DDE6EC2FC0040DFA1DB139","D:\Projetos\Neoeffex\neoeffex-site\modelos\hamburgueria\node_modules\three\examples\jsm\materials\MeshGouraudMaterial.js"
"1521F7362F78B9189CBDA41668EDB7CCDA30CCD702BBB225D4AB55633BD09119","D:\Projetos\Neoeffex\neoeffex-site\modelos\hamburgueria\node_modules\three\examples\jsm\materials\MeshPostProcessingMaterial.js"
"453E01ED1A615FFC78FF0FBE7764BA1FE3C9028768C101B2E0417B288C328EA3","D:\Projetos\Neoeffex\neoeffex-site\modelos\hamburgueria\node_modules\three\examples\jsm\materials\WoodNodeMaterial.js"
"BE54C3C58483A7F6B0184DBC6FFDCEA58AC13515A7D9FD19ED675B9EDFC5F319","D:\Projetos\Neoeffex\neoeffex-site\modelos\hamburgueria\node_modules\three\examples\jsm\math\Capsule.js"
"316925ABF09F332AB8F1D55DCB6F55BF491E199360A46AB8F60D721C0904CF5A","D:\Projetos\Neoeffex\neoeffex-site\modelos\hamburgueria\node_modules\three\examples\jsm\math\ColorConverter.js"
"CC35C01C793CD17CCDED7BC8142ABFFD3CE0D60DD6DE8D5D216983BD05AEE262","D:\Projetos\Neoeffex\neoeffex-site\modelos\hamburgueria\node_modules\three\examples\jsm\math\ColorSpaces.js"
"D5E2E44CF567BA9DF37F21C7D2C47336D20F5984CCBE50D063AD50407B32D967","D:\Projetos\Neoeffex\neoeffex-site\modelos\hamburgueria\node_modules\three\examples\jsm\math\ConvexHull.js"
"125B6AE120DC991556D345669C5D078FCECF6A26C2FF282FCF52110507439C0F","D:\Projetos\Neoeffex\neoeffex-site\modelos\hamburgueria\node_modules\three\examples\jsm\math\ImprovedNoise.js"
"04D047D96F17302F2D7A20F439C0583A3E037BC0E7E40C276C1DEE618DC9533C","D:\Projetos\Neoeffex\neoeffex-site\modelos\hamburgueria\node_modules\three\examples\jsm\math\Lut.js"
"A70AB7A8F28B96CD51F09B7C4D5987167BDC23B91B2A26134766A180751AEE43","D:\Projetos\Neoeffex\neoeffex-site\modelos\hamburgueria\node_modules\three\examples\jsm\math\MeshSurfaceSampler.js"
"3297DB79BDF0A33525EF06FE7478FD921DCFFB7699DF1059E189BBDF2C0FAE58","D:\Projetos\Neoeffex\neoeffex-site\modelos\hamburgueria\node_modules\three\examples\jsm\math\OBB.js"
"F71364B8D033E03ACEF6D33C81198E11595F8053CDCEFFAF77D3040C541EB536","D:\Projetos\Neoeffex\neoeffex-site\modelos\hamburgueria\node_modules\three\examples\jsm\math\Octree.js"
"DD1F3C42C1BC9FA1B76C1C0796D352521ACCF0A3A95CC7D0CAF479ABC5A444A2","D:\Projetos\Neoeffex\neoeffex-site\modelos\hamburgueria\node_modules\three\examples\jsm\math\SimplexNoise.js"
"2EF2E5DD32DA4F1AF6ED66218675273AC40BDA0D69DEE8AFD5C05ED42DFEEA1A","D:\Projetos\Neoeffex\neoeffex-site\modelos\hamburgueria\node_modules\three\examples\jsm\misc\ConvexObjectBreaker.js"
"478B7F1E782FFB1282923B445EBA530EBE9BCF15095EDDE907D5B54281051608","D:\Projetos\Neoeffex\neoeffex-site\modelos\hamburgueria\node_modules\three\examples\jsm\misc\GPUComputationRenderer.js"
"28B9FD4A34F369860C459A8ACBAA0FEE774681498DB48506740C6A0C6E3D3918","D:\Projetos\Neoeffex\neoeffex-site\modelos\hamburgueria\node_modules\three\examples\jsm\misc\Gyroscope.js"
"4F95D34B885241323370DD07C8F6C2177E508085BD70BD1062FA4173F24D9361","D:\Projetos\Neoeffex\neoeffex-site\modelos\hamburgueria\node_modules\three\examples\jsm\misc\MD2Character.js"
"1CE5F01EEAD73CFFBDD1B8FBD4C67EBEBD38AAAAA22420F6783E3250FFD3BEDA","D:\Projetos\Neoeffex\neoeffex-site\modelos\hamburgueria\node_modules\three\examples\jsm\misc\MD2CharacterComplex.js"
"FAE5169247CB264CD7ADFD2840FF858DF68AD7964016B8B003DFF6FD8840BDA4","D:\Projetos\Neoeffex\neoeffex-site\modelos\hamburgueria\node_modules\three\examples\jsm\misc\MorphAnimMesh.js"
"6FC95720ED341943284326466CDE932A951A785589A091F2FE5EBCDA413F86A9","D:\Projetos\Neoeffex\neoeffex-site\modelos\hamburgueria\node_modules\three\examples\jsm\misc\MorphBlendMesh.js"
"DCD48EF10C8C19A7B1CE54C0E2B0CFFD65507669704E66B022C82B688442583E","D:\Projetos\Neoeffex\neoeffex-site\modelos\hamburgueria\node_modules\three\examples\jsm\misc\ProgressiveLightMap.js"
"77EE3E697B8107EC25D027E42A52ADE087D41CAF350A831ABF6A2397B2941F7E","D:\Projetos\Neoeffex\neoeffex-site\modelos\hamburgueria\node_modules\three\examples\jsm\misc\ProgressiveLightMapGPU.js"
"012E2247EFE7EF5B79BAB6B369B0068BB8EACAE2A4B389C415CEDF26B269CA2A","D:\Projetos\Neoeffex\neoeffex-site\modelos\hamburgueria\node_modules\three\examples\jsm\misc\RollerCoaster.js"
"BC6426B078193B1AF126BA4DB43E3A7E21A5AFCDFD2A2B944262A5C22F346B6D","D:\Projetos\Neoeffex\neoeffex-site\modelos\hamburgueria\node_modules\three\examples\jsm\misc\TubePainter.js"
"D10D0933F351184DF7A77D87284F2D9CCF4B922FD8D2EE8ADBDAE2F4444EF5A4","D:\Projetos\Neoeffex\neoeffex-site\modelos\hamburgueria\node_modules\three\examples\jsm\misc\Volume.js"
"3CFBFC8EEC8DDCEDC2D6E9DB43FA78DAF0DAA8B50920CE8182709D4CB4DFDC9F","D:\Projetos\Neoeffex\neoeffex-site\modelos\hamburgueria\node_modules\three\examples\jsm\misc\VolumeSlice.js"
"C8A773B9D7822E89152621ED41FB264049FD6F67C6C6B999E7348ABBC5D32064","D:\Projetos\Neoeffex\neoeffex-site\modelos\hamburgueria\node_modules\three\examples\jsm\modifiers\CurveModifier.js"
"51FD14E423EFAEB433BC895546A98BFFC55324345AC497163D0C795935E8C0BC","D:\Projetos\Neoeffex\neoeffex-site\modelos\hamburgueria\node_modules\three\examples\jsm\modifiers\CurveModifierGPU.js"
"D0A1FBDF5E3BB63E585D51A0867290EF4DC4A1118747B6790C5D2B16D48FF518","D:\Projetos\Neoeffex\neoeffex-site\modelos\hamburgueria\node_modules\three\examples\jsm\modifiers\EdgeSplitModifier.js"
"384A3933F2082E48D06EF301EA6B08C854576BA96582BC1E7A8D8E577D8A0404","D:\Projetos\Neoeffex\neoeffex-site\modelos\hamburgueria\node_modules\three\examples\jsm\modifiers\SimplifyModifier.js"
"2BD9EA4902F4134CA1989F7D55E7A50F0A15C2F559AC0ADD018F24A330F16566","D:\Projetos\Neoeffex\neoeffex-site\modelos\hamburgueria\node_modules\three\examples\jsm\modifiers\TessellateModifier.js"
"14AD38D785BB998BBA0DC9E74B5D8F93EA45753B24341BE539755D8E567EE456","D:\Projetos\Neoeffex\neoeffex-site\modelos\hamburgueria\node_modules\three\examples\jsm\objects\GroundedSkybox.js"
"F313C7D783DD25B29194E51AEED046FF9F52716D226B66984DC90AA925D00447","D:\Projetos\Neoeffex\neoeffex-site\modelos\hamburgueria\node_modules\three\examples\jsm\objects\Lensflare.js"
"42F1941C90192DD0DB69F879C9CDB868BB8B4AD05A629F189D33983D1663CC6F","D:\Projetos\Neoeffex\neoeffex-site\modelos\hamburgueria\node_modules\three\examples\jsm\objects\LensflareMesh.js"
"FE9C6ACE2C079BF540BEFD164CE492DE98C820D8B86A722B1060833D42AD9C80","D:\Projetos\Neoeffex\neoeffex-site\modelos\hamburgueria\node_modules\three\examples\jsm\objects\MarchingCubes.js"
"0908D87A7251268DD6D12310B9633F08FD3BE9C6FAF2E2A4076FCE0E87BDD26D","D:\Projetos\Neoeffex\neoeffex-site\modelos\hamburgueria\node_modules\three\examples\jsm\objects\Reflector.js"
"04F1656C5AFA4A1AA2872C6B067411E87FBBF9947C0D405193961D7EE565C811","D:\Projetos\Neoeffex\neoeffex-site\modelos\hamburgueria\node_modules\three\examples\jsm\objects\ReflectorForSSRPass.js"
"512C4EC056B8AF3C7AA24F80A74D606DFD10C06697686B2B73DF8DBE7F2F9D78","D:\Projetos\Neoeffex\neoeffex-site\modelos\hamburgueria\node_modules\three\examples\jsm\objects\Refractor.js"
"E28C3440A3DFD9377AC52CE38501712B4441216384947954761D9E1481AA4BF5","D:\Projetos\Neoeffex\neoeffex-site\modelos\hamburgueria\node_modules\three\examples\jsm\objects\ShadowMesh.js"
"A19982B69E496E52D4CD7072029F0A8E5277203CBEBF2277A23267E90B705640","D:\Projetos\Neoeffex\neoeffex-site\modelos\hamburgueria\node_modules\three\examples\jsm\objects\Sky.js"
"9E739A793046DC3FF74B8777194711D1050D8C820E735473534937DCA556CE55","D:\Projetos\Neoeffex\neoeffex-site\modelos\hamburgueria\node_modules\three\examples\jsm\objects\SkyMesh.js"
"65E1F76C3C0E0726D5370C25E00E1C855365A942FA5490C639371CD4D10BFC74","D:\Projetos\Neoeffex\neoeffex-site\modelos\hamburgueria\node_modules\three\examples\jsm\objects\Water.js"
"909A75A87BF5A1F3EF27E1EB89B77DAC29F770634ABAA85228FF90AC89560467","D:\Projetos\Neoeffex\neoeffex-site\modelos\hamburgueria\node_modules\three\examples\jsm\objects\Water2.js"
"42188494004C8E0CFBD130D17127810FC77E44EB51ABCD9D69A75AEACB7B2251","D:\Projetos\Neoeffex\neoeffex-site\modelos\hamburgueria\node_modules\three\examples\jsm\objects\Water2Mesh.js"
"1D4B281FF58FAB41AC796A8E5B9AB52E66A1CF53DA828FC47172ECDB2C868973","D:\Projetos\Neoeffex\neoeffex-site\modelos\hamburgueria\node_modules\three\examples\jsm\objects\WaterMesh.js"
"227FA078E8D6666235671863B3124DFC26A71FDED08E8FF64D5FAA97269C063A","D:\Projetos\Neoeffex\neoeffex-site\modelos\hamburgueria\node_modules\three\examples\jsm\offscreen\jank.js"
"5EDA897E26A3C75963D7B82BFE89B482C2A1EAE83D981B4E8211C8D0D52239D6","D:\Projetos\Neoeffex\neoeffex-site\modelos\hamburgueria\node_modules\three\examples\jsm\offscreen\offscreen.js"
"1EAD6935A1268592C1882F99FD58FDEDA1EA76E2AFBFDAF98868A92B55D1FB1D","D:\Projetos\Neoeffex\neoeffex-site\modelos\hamburgueria\node_modules\three\examples\jsm\offscreen\scene.js"
"57216C03DC63313425AD696B74492AD747F671D47B96BCC7882EDCD624696669","D:\Projetos\Neoeffex\neoeffex-site\modelos\hamburgueria\node_modules\three\examples\jsm\physics\AmmoPhysics.js"
"CE1AEE86E2776824904716F73F71ED85AD8CCFD3E861BAC19EA8B5035C01481E","D:\Projetos\Neoeffex\neoeffex-site\modelos\hamburgueria\node_modules\three\examples\jsm\physics\JoltPhysics.js"
"5DB92E264094715D5218569E6D7BD33EFC93EDAA300397F14764D0EDBD951570","D:\Projetos\Neoeffex\neoeffex-site\modelos\hamburgueria\node_modules\three\examples\jsm\physics\RapierPhysics.js"
"02340B529CE8D16CB4BF147B63C8B1606A9F006E5676270E8C824BBB29BC566F","D:\Projetos\Neoeffex\neoeffex-site\modelos\hamburgueria\node_modules\three\examples\jsm\postprocessing\AfterimagePass.js"
"E7F548867B0CBA463D5C86093ECAC4647BA786E777F1FFF8003B8422D21DB0A7","D:\Projetos\Neoeffex\neoeffex-site\modelos\hamburgueria\node_modules\three\examples\jsm\postprocessing\BloomPass.js"
"5B9B0BC5CEE6E24B2417DA95F40EB2D178943C2FFBACBC4C2993A89D0597BFB3","D:\Projetos\Neoeffex\neoeffex-site\modelos\hamburgueria\node_modules\three\examples\jsm\postprocessing\BokehPass.js"
"69C525E8E3BE28999453177A9D0BD1771D27A4D04378307242802FEC84301BCB","D:\Projetos\Neoeffex\neoeffex-site\modelos\hamburgueria\node_modules\three\examples\jsm\postprocessing\ClearPass.js"
"3CC339151AD8DEB69CBE7FAB5C9D70D3190AFC1446554256F4149791F7FF438F","D:\Projetos\Neoeffex\neoeffex-site\modelos\hamburgueria\node_modules\three\examples\jsm\postprocessing\CubeTexturePass.js"
"EF8FC81F6697A76ABF42FE8A5E16343C7254B8ECE68F2F2EB7A20190C86E3FE1","D:\Projetos\Neoeffex\neoeffex-site\modelos\hamburgueria\node_modules\three\examples\jsm\postprocessing\DotScreenPass.js"
"4B8C855F28EED2570BED898ADC0AB89C585A8A281ECB6D905C09D00697F9F50A","D:\Projetos\Neoeffex\neoeffex-site\modelos\hamburgueria\node_modules\three\examples\jsm\postprocessing\EffectComposer.js"
"709A6E640B5CED2449E458D57656173208E81AF064E414B9C6F775CBF1287ED2","D:\Projetos\Neoeffex\neoeffex-site\modelos\hamburgueria\node_modules\three\examples\jsm\postprocessing\FilmPass.js"
"AA4E87A28F57E5508405730EE6BC09775B33ACD3E87B3B24EF0D722B71E9D33A","D:\Projetos\Neoeffex\neoeffex-site\modelos\hamburgueria\node_modules\three\examples\jsm\postprocessing\FXAAPass.js"
"2EB488F278DDF8065B1438A8187D725B6E0E5FEB7DAF14E114DA0D45A30786D3","D:\Projetos\Neoeffex\neoeffex-site\modelos\hamburgueria\node_modules\three\examples\jsm\postprocessing\GlitchPass.js"
"855FD7953E81C1050A4ABEA8AF4BFEB5AD9B6D879F793A9C650E3768AAEC62A3","D:\Projetos\Neoeffex\neoeffex-site\modelos\hamburgueria\node_modules\three\examples\jsm\postprocessing\GTAOPass.js"
"AF7B1A9B82992C194D3A59BA15D74B4146231F7FBDC37345D4191EC974726AA9","D:\Projetos\Neoeffex\neoeffex-site\modelos\hamburgueria\node_modules\three\examples\jsm\postprocessing\HalftonePass.js"
"AEF64D31E2528D25BCCC00DD0C2D5AAF0A1D10F8FF9C7B66CFB48AEABA54987F","D:\Projetos\Neoeffex\neoeffex-site\modelos\hamburgueria\node_modules\three\examples\jsm\postprocessing\LUTPass.js"
"7CD08EEE9D5D6F5578BEADDBDCBE9C384F6873810AF27F22AB7DB3CEEB127AA3","D:\Projetos\Neoeffex\neoeffex-site\modelos\hamburgueria\node_modules\three\examples\jsm\postprocessing\MaskPass.js"
"C8A82D251B651FAD0317F52663E0F5370998BAB20A88A29DA5D8702CC2DB86D6","D:\Projetos\Neoeffex\neoeffex-site\modelos\hamburgueria\node_modules\three\examples\jsm\postprocessing\OutlinePass.js"
"F5B81C96E76B6B28B4B3BA8C41C4AEB982B1E03F3D82883242D951B2AB082FA2","D:\Projetos\Neoeffex\neoeffex-site\modelos\hamburgueria\node_modules\three\examples\jsm\postprocessing\OutputPass.js"
"444B409C235EAD986893C472E720DA1B779A56985C7D10B279C7944B52BD61C5","D:\Projetos\Neoeffex\neoeffex-site\modelos\hamburgueria\node_modules\three\examples\jsm\postprocessing\Pass.js"
"FD91229AACC5830E3984B0F2BDEFCF566163EA028F4C1F1AB233FA6665A133AC","D:\Projetos\Neoeffex\neoeffex-site\modelos\hamburgueria\node_modules\three\examples\jsm\postprocessing\RenderPass.js"
"7DA0C022251A23FECC717D9B9AE438BA53C31B2E579FACAE559E6F50AC979444","D:\Projetos\Neoeffex\neoeffex-site\modelos\hamburgueria\node_modules\three\examples\jsm\postprocessing\RenderPixelatedPass.js"
"3AB3D709C83527D1A4C41E214D89504F863CE1A99DE49F6AAB9EF093A3EFE3F7","D:\Projetos\Neoeffex\neoeffex-site\modelos\hamburgueria\node_modules\three\examples\jsm\postprocessing\RenderTransitionPass.js"
"2E49B9A76D75A408CCB7B11D370DEBB3FB0012FEADB25BEA601CB1697F946D91","D:\Projetos\Neoeffex\neoeffex-site\modelos\hamburgueria\node_modules\three\examples\jsm\postprocessing\SAOPass.js"
"7625B183EFA4270F221F082727062FFD2568088473F0E6292938E52D4DC01A2B","D:\Projetos\Neoeffex\neoeffex-site\modelos\hamburgueria\node_modules\three\examples\jsm\postprocessing\SavePass.js"
"E2500A5913B26BBF5148CEAAE644C6EDCFF06A18B01494EE37BF856353D2AB9D","D:\Projetos\Neoeffex\neoeffex-site\modelos\hamburgueria\node_modules\three\examples\jsm\postprocessing\ShaderPass.js"
"1A96804B8CB33BA76A67F9A8E77F2D5E2BF47B1A5C9A8476901AA75E24ACB85C","D:\Projetos\Neoeffex\neoeffex-site\modelos\hamburgueria\node_modules\three\examples\jsm\postprocessing\SMAAPass.js"
"CD2B8E83B32E806091117DFBEFF1F8F4E78DF0175A4A3ACD865B9989DF1C420B","D:\Projetos\Neoeffex\neoeffex-site\modelos\hamburgueria\node_modules\three\examples\jsm\postprocessing\SSAARenderPass.js"
"59944F833D10330F6BDD205260AD06A8EF2BD12A115E4101D81578B249627E3F","D:\Projetos\Neoeffex\neoeffex-site\modelos\hamburgueria\node_modules\three\examples\jsm\postprocessing\SSAOPass.js"
"FC5803BB6C76FC3122CFD0BE4B03D8D4CB45EEAF993FB8A2074020FFB6880FF3","D:\Projetos\Neoeffex\neoeffex-site\modelos\hamburgueria\node_modules\three\examples\jsm\postprocessing\SSRPass.js"
"9382601B054937B1E55459302A2F6031E576EB090DE5AAB7521B2E7BC39C8BA2","D:\Projetos\Neoeffex\neoeffex-site\modelos\hamburgueria\node_modules\three\examples\jsm\postprocessing\TAARenderPass.js"
"402CFCDDA8E69DB5F0FAA778C51B97FC2EC740846A088D169F555FC3403B7D7D","D:\Projetos\Neoeffex\neoeffex-site\modelos\hamburgueria\node_modules\three\examples\jsm\postprocessing\TexturePass.js"
"D92742959879B461F25348B2ABDDC7CA0D48527E7718340BCFA29FA771E2799A","D:\Projetos\Neoeffex\neoeffex-site\modelos\hamburgueria\node_modules\three\examples\jsm\postprocessing\UnrealBloomPass.js"
"DD667941BC67380ECB46C79FA682494E19A7B0A953806F7DF24E78CFDFC6270E","D:\Projetos\Neoeffex\neoeffex-site\modelos\hamburgueria\node_modules\three\examples\jsm\renderers\CSS2DRenderer.js"
"FF7E2468E6E2E153D8914FD8C0E2DCF162D40BB985D5541DAECE3B795F9E365C","D:\Projetos\Neoeffex\neoeffex-site\modelos\hamburgueria\node_modules\three\examples\jsm\renderers\CSS3DRenderer.js"
"88B8F366EC65851BCB86345ADA56D7BE2933544C84180310CA841F46A0A07A67","D:\Projetos\Neoeffex\neoeffex-site\modelos\hamburgueria\node_modules\three\examples\jsm\renderers\Projector.js"
"8A63563BC1FAB84536E3363AA0839B1BBF94E1849DCCEBFB740DFD08CF5A669F","D:\Projetos\Neoeffex\neoeffex-site\modelos\hamburgueria\node_modules\three\examples\jsm\renderers\SVGRenderer.js"
"BD2BC30E72D766B9752749807A84325846B9227CCE8F89E57C450F4718EFBEC7","D:\Projetos\Neoeffex\neoeffex-site\modelos\hamburgueria\node_modules\three\examples\jsm\shaders\ACESFilmicToneMappingShader.js"
"17560BDDBECEC6BDE91568D7275B9201BAB25019A17089A449146E377A311D9E","D:\Projetos\Neoeffex\neoeffex-site\modelos\hamburgueria\node_modules\three\examples\jsm\shaders\AfterimageShader.js"
"DF365E491471E506D3665B58EFBAF1E07618F18ADE42CFAE68843438EC72CC07","D:\Projetos\Neoeffex\neoeffex-site\modelos\hamburgueria\node_modules\three\examples\jsm\shaders\BasicShader.js"
"FAC26F12BC6FE0377DB139BD178F3DBD8FBA14E26E8BB8613140CD8E39E6C322","D:\Projetos\Neoeffex\neoeffex-site\modelos\hamburgueria\node_modules\three\examples\jsm\shaders\BleachBypassShader.js"
"6A437ABF3AC314FEF109209FC7C8809864D1EE18E52D2864A3F2309EC1B5D394","D:\Projetos\Neoeffex\neoeffex-site\modelos\hamburgueria\node_modules\three\examples\jsm\shaders\BlendShader.js"
"C47A17EAE9F70405025A5149A68F1265DE5D5DBA5D61282927FB94B0BB3D0619","D:\Projetos\Neoeffex\neoeffex-site\modelos\hamburgueria\node_modules\three\examples\jsm\shaders\BokehShader.js"
"2EA0FBD9348C676E1392F62B935CC27AC157102DF64F19550CE368C662CB3CE3","D:\Projetos\Neoeffex\neoeffex-site\modelos\hamburgueria\node_modules\three\examples\jsm\shaders\BokehShader2.js"
"9C72D86E39C9436D291B92210003073E6C1D8A791F05C723221D799EB4867AC0","D:\Projetos\Neoeffex\neoeffex-site\modelos\hamburgueria\node_modules\three\examples\jsm\shaders\BrightnessContrastShader.js"
"F40EE720D3CBFD8526D1F85CE8C4A2832F926E36A34926C6B2FB04D96322C430","D:\Projetos\Neoeffex\neoeffex-site\modelos\hamburgueria\node_modules\three\examples\jsm\shaders\ColorCorrectionShader.js"
"73993A34F2B5036C618D9BB0C7413CB7A15C3FC9BF2CA5F649A17E4CAE4ED45B","D:\Projetos\Neoeffex\neoeffex-site\modelos\hamburgueria\node_modules\three\examples\jsm\shaders\ColorifyShader.js"
"BAD71ED02351ACB701E62E21A9D11F044C2C689D924D714061EDB756FBEA8ACE","D:\Projetos\Neoeffex\neoeffex-site\modelos\hamburgueria\node_modules\three\examples\jsm\shaders\ConvolutionShader.js"
"A33057D5AC91C43304C186AC0E8816E62BB2ED471D3A00FF3018DFD5C0389718","D:\Projetos\Neoeffex\neoeffex-site\modelos\hamburgueria\node_modules\three\examples\jsm\shaders\CopyShader.js"
"5FCD9CECF0D7A1CB82553CDD346FF6DD6195C6F372FD9815D7B924149A562F31","D:\Projetos\Neoeffex\neoeffex-site\modelos\hamburgueria\node_modules\three\examples\jsm\shaders\DepthLimitedBlurShader.js"
"873B9B39114FF174CA533BE1E998A8C2DB925E2FB9808E953C60167813432C63","D:\Projetos\Neoeffex\neoeffex-site\modelos\hamburgueria\node_modules\three\examples\jsm\shaders\DigitalGlitch.js"
"835CAE7D3C44AC9B32143D5E213DF29A12571D96406D114BA1BC957E82F36856","D:\Projetos\Neoeffex\neoeffex-site\modelos\hamburgueria\node_modules\three\examples\jsm\shaders\DOFMipMapShader.js"
"BAF688B542F69DF08D830C6227D4DE68147DFCE9FFB2C18838E6E22716F29BC0","D:\Projetos\Neoeffex\neoeffex-site\modelos\hamburgueria\node_modules\three\examples\jsm\shaders\DotScreenShader.js"
"DF7738AA816A84745550D8D21A4E22908708C9865DB1A17A4A7586CA96D143C1","D:\Projetos\Neoeffex\neoeffex-site\modelos\hamburgueria\node_modules\three\examples\jsm\shaders\ExposureShader.js"
"8DA49468C1F058C6D75A5C9A6569F7774B61B6D4E923D14DB3AC800E3DE5B3DD","D:\Projetos\Neoeffex\neoeffex-site\modelos\hamburgueria\node_modules\three\examples\jsm\shaders\FilmShader.js"
"04DE4137CC5E838FF1641C3450AFCA8DC7900954154B38334ED801AB4B66CE1F","D:\Projetos\Neoeffex\neoeffex-site\modelos\hamburgueria\node_modules\three\examples\jsm\shaders\FocusShader.js"
"5B17D604DC9861F8A424EA07A89C225989E0C922BF2F7A083065FA19B3A8F355","D:\Projetos\Neoeffex\neoeffex-site\modelos\hamburgueria\node_modules\three\examples\jsm\shaders\FreiChenShader.js"
"B8303D179F9D5D40A052483E8CFB49C29AFB6E60396080E472A6950B51700DAC","D:\Projetos\Neoeffex\neoeffex-site\modelos\hamburgueria\node_modules\three\examples\jsm\shaders\FXAAShader.js"
"E73C9AB25B0262C97838355701154C272C792B71F03756A1F7D504C4FCA3AB25","D:\Projetos\Neoeffex\neoeffex-site\modelos\hamburgueria\node_modules\three\examples\jsm\shaders\GammaCorrectionShader.js"
"A52D4B0E61E4CCC7A0156FB161ACE2BEC82460E0E984A8180F487B8302C2E12A","D:\Projetos\Neoeffex\neoeffex-site\modelos\hamburgueria\node_modules\three\examples\jsm\shaders\GodRaysShader.js"
"D4B06ED5BBB7A177BE6B0030986916F6F085721E2745E4632AB1773D02CA743C","D:\Projetos\Neoeffex\neoeffex-site\modelos\hamburgueria\node_modules\three\examples\jsm\shaders\GTAOShader.js"
"812C95E5A1E847DC6B7053685CB20A235B5E58E922B30F44CF1FAE650CB4919F","D:\Projetos\Neoeffex\neoeffex-site\modelos\hamburgueria\node_modules\three\examples\jsm\shaders\HalftoneShader.js"
"A155715CA3BFE4FD1F9EFC51F189FECD5C53160DF47DD571A7D5936DC436AB0C","D:\Projetos\Neoeffex\neoeffex-site\modelos\hamburgueria\node_modules\three\examples\jsm\shaders\HorizontalBlurShader.js"
"772F0865E95C4ECD7E6B016191B5D544D23EA4F048FF0EFDC33898EE52FB3FA2","D:\Projetos\Neoeffex\neoeffex-site\modelos\hamburgueria\node_modules\three\examples\jsm\shaders\HorizontalTiltShiftShader.js"
"5B2F1EE9CDB847C6F8B3196CF9912F12EB1361706E312AA54D0C61578C9886DF","D:\Projetos\Neoeffex\neoeffex-site\modelos\hamburgueria\node_modules\three\examples\jsm\shaders\HueSaturationShader.js"
"353F8B188AF4E60CEAB61464A09D713AA75534ABEFCFD3F83003F03016DB6191","D:\Projetos\Neoeffex\neoeffex-site\modelos\hamburgueria\node_modules\three\examples\jsm\shaders\KaleidoShader.js"
"5044F780B6E6CF863947F64C36FE1587132F7FBE395ADA863CD1E5F0388DCF1E","D:\Projetos\Neoeffex\neoeffex-site\modelos\hamburgueria\node_modules\three\examples\jsm\shaders\LuminosityHighPassShader.js"
"32F164B72B1590A9BE95BE1ECC768FC496DE4337370401267D104B12934D9A84","D:\Projetos\Neoeffex\neoeffex-site\modelos\hamburgueria\node_modules\three\examples\jsm\shaders\LuminosityShader.js"
"4D8002C804B34D135A54E773BF1808D813B67FC8B1EB688D87907293B1E1404A","D:\Projetos\Neoeffex\neoeffex-site\modelos\hamburgueria\node_modules\three\examples\jsm\shaders\MirrorShader.js"
"66273DE182BE159471D74BEEFDC303494C3E3B1D247AF390F0882214D4BB8F9A","D:\Projetos\Neoeffex\neoeffex-site\modelos\hamburgueria\node_modules\three\examples\jsm\shaders\NormalMapShader.js"
"353479F77A8D7E2629D49CCAC9FC2F5DBFDDA5442E0ADF867B00377A2FCB0CB2","D:\Projetos\Neoeffex\neoeffex-site\modelos\hamburgueria\node_modules\three\examples\jsm\shaders\OutputShader.js"
"E01B574599D31AE3B9F08C6112DA72C06BBD536CCBDE094FD46E4BEBE579E473","D:\Projetos\Neoeffex\neoeffex-site\modelos\hamburgueria\node_modules\three\examples\jsm\shaders\PoissonDenoiseShader.js"
"69E7872F4719533013DA7CA2A0BBBF9F369BC85A6EFB6DB76361A75FD4816B8B","D:\Projetos\Neoeffex\neoeffex-site\modelos\hamburgueria\node_modules\three\examples\jsm\shaders\RGBShiftShader.js"
"2703A3DB32A768B551713926C59376455EA9B0AA47C766E81C6BA8A7F19B22B2","D:\Projetos\Neoeffex\neoeffex-site\modelos\hamburgueria\node_modules\three\examples\jsm\shaders\SAOShader.js"
"6376ED42705801C6A9914F10E8594C2F2CCB7564D1F14D5358752A100C03ECE8","D:\Projetos\Neoeffex\neoeffex-site\modelos\hamburgueria\node_modules\three\examples\jsm\shaders\SepiaShader.js"
"48CE320A6BF5C33806C4FA13ADE7E3AB199F7856838D36B05AE82204DB8A1C15","D:\Projetos\Neoeffex\neoeffex-site\modelos\hamburgueria\node_modules\three\examples\jsm\shaders\SMAAShader.js"
"553ABD07B89B64EEACD67D99BE66BD873D63B0DCEDD4D5DB76DFA8E66B697AF9","D:\Projetos\Neoeffex\neoeffex-site\modelos\hamburgueria\node_modules\three\examples\jsm\shaders\SobelOperatorShader.js"
"57EC7CC10AD3B6A8AAFA97BE21ECA12972C5597EBC3023DE1B37102A56C6B23B","D:\Projetos\Neoeffex\neoeffex-site\modelos\hamburgueria\node_modules\three\examples\jsm\shaders\SSAOShader.js"
"B1C47A7A4D127AD1A07E09EB5F07DEA8EFA21395110DFE16452505B9CE75BA92","D:\Projetos\Neoeffex\neoeffex-site\modelos\hamburgueria\node_modules\three\examples\jsm\shaders\SSRShader.js"
"535307FE6C90F9098A6E010ADCFB0DE0CD3E43815C7079B307F3B4FD19FD497D","D:\Projetos\Neoeffex\neoeffex-site\modelos\hamburgueria\node_modules\three\examples\jsm\shaders\SubsurfaceScatteringShader.js"
"76069639082A38869D7EFF6D7F86AC31304ACE10E44161085EC8F4563C73B617","D:\Projetos\Neoeffex\neoeffex-site\modelos\hamburgueria\node_modules\three\examples\jsm\shaders\TechnicolorShader.js"
"650CF00E7309E8721218E1CB92C1F1A5870A6161151E1CB54865DFAAA5DE5014","D:\Projetos\Neoeffex\neoeffex-site\modelos\hamburgueria\node_modules\three\examples\jsm\shaders\ToonShader.js"
"698FA7E5B42A9D0AFB2445705C9BD50E62B0A7DD34D19D74ACFCC2120D3D4FD7","D:\Projetos\Neoeffex\neoeffex-site\modelos\hamburgueria\node_modules\three\examples\jsm\shaders\TriangleBlurShader.js"
"F96DCC69D6FFF0AF549CDCC89C28E87309740644C3FD1A733F44E64ECF374933","D:\Projetos\Neoeffex\neoeffex-site\modelos\hamburgueria\node_modules\three\examples\jsm\shaders\UnpackDepthRGBAShader.js"
"9511C43BD858727F82E1316E5C6861427E6279C764B053AC3A1033DC075FBF92","D:\Projetos\Neoeffex\neoeffex-site\modelos\hamburgueria\node_modules\three\examples\jsm\shaders\VelocityShader.js"
"67792ABDF08BA2305FC2A2F45CA151F55B66A82F5AEBBE45230246CDB72181D7","D:\Projetos\Neoeffex\neoeffex-site\modelos\hamburgueria\node_modules\three\examples\jsm\shaders\VerticalBlurShader.js"
"96BED3FAFDEA8370D1330DC9854F9D604A6DEF8554DB554368C917EE66403742","D:\Projetos\Neoeffex\neoeffex-site\modelos\hamburgueria\node_modules\three\examples\jsm\shaders\VerticalTiltShiftShader.js"
"CA778B3A63FAEF50C5C2305E7C642916FEBBDAE22F255B2DB384EC1B86702642","D:\Projetos\Neoeffex\neoeffex-site\modelos\hamburgueria\node_modules\three\examples\jsm\shaders\VignetteShader.js"
"9A81DEA61C47AED74C863DB76733AB3C42BAC3B1FC7B1DE85FBA9EA0C29B39EF","D:\Projetos\Neoeffex\neoeffex-site\modelos\hamburgueria\node_modules\three\examples\jsm\shaders\VolumeShader.js"
"CAD67ED479D112D787281B1AB37561659A50D5FAD6AD951A2D9F89A45F229CF5","D:\Projetos\Neoeffex\neoeffex-site\modelos\hamburgueria\node_modules\three\examples\jsm\shaders\WaterRefractionShader.js"
"2BB492F2239267428E872940A73B3D548540542762B7A7B423A6C9FFEF5B0177","D:\Projetos\Neoeffex\neoeffex-site\modelos\hamburgueria\node_modules\three\examples\jsm\textures\FlakesTexture.js"
"054FB869AF50EDE20F991EF716E7847974977E9F740E7D207C09CD11B154AAFC","D:\Projetos\Neoeffex\neoeffex-site\modelos\hamburgueria\node_modules\three\examples\jsm\transpiler\AST.js"
"801E5261D83961670F33FB1442B199E0423A77F922CED8CA02F89474E9DC2213","D:\Projetos\Neoeffex\neoeffex-site\modelos\hamburgueria\node_modules\three\examples\jsm\transpiler\GLSLDecoder.js"
"16381F33BC117D3C8F73B9877B4E6831FDCE088F2195321D734F01978533447F","D:\Projetos\Neoeffex\neoeffex-site\modelos\hamburgueria\node_modules\three\examples\jsm\transpiler\Linker.js"
"56973613971018688E7177B9FB93224F4958FC2BB92C0CD1CAADEA7796D35A88","D:\Projetos\Neoeffex\neoeffex-site\modelos\hamburgueria\node_modules\three\examples\jsm\transpiler\ShaderToyDecoder.js"
"2DB6478BFE14C8B519F4956D209CEF05A99BCF746DDBD911294E645D3EF42383","D:\Projetos\Neoeffex\neoeffex-site\modelos\hamburgueria\node_modules\three\examples\jsm\transpiler\Transpiler.js"
"4DFCE1D0A3CFFCFFB864B5985C3019338634E19610446484D89789D5EE7F9E7C","D:\Projetos\Neoeffex\neoeffex-site\modelos\hamburgueria\node_modules\three\examples\jsm\transpiler\TranspilerUtils.js"
"D7E1C3F6E6B8DE4AF8EA7715F40061AE7D75F8EAD081404F4AA30F8B6CE20A86","D:\Projetos\Neoeffex\neoeffex-site\modelos\hamburgueria\node_modules\three\examples\jsm\transpiler\TSLEncoder.js"
"DAD1D402B04A2B8837976F95D1AE77E22C95AF24D088326ACC08BE55E0CCB2A2","D:\Projetos\Neoeffex\neoeffex-site\modelos\hamburgueria\node_modules\three\examples\jsm\transpiler\WGSLEncoder.js"
"9D4CA47C1E8678208FB147033369B3C4ECE01654C03EB23195C15640BBA2A987","D:\Projetos\Neoeffex\neoeffex-site\modelos\hamburgueria\node_modules\three\examples\jsm\tsl\display\AfterImageNode.js"
"015514D08997ABE1102C77E8106AB4BD6EB4B552E4E904F475E345A5783603FD","D:\Projetos\Neoeffex\neoeffex-site\modelos\hamburgueria\node_modules\three\examples\jsm\tsl\display\AnaglyphPassNode.js"
"E9DF4B171BD3118602EC4035C4918E1FE8CC7F6E2607F05903DBEFFF3F57CD24","D:\Projetos\Neoeffex\neoeffex-site\modelos\hamburgueria\node_modules\three\examples\jsm\tsl\display\AnamorphicNode.js"
"0AD018923D435E489D0B24D9EC18BAC8EBB9417424AA5E39B8D5BD2CBB37C2A4","D:\Projetos\Neoeffex\neoeffex-site\modelos\hamburgueria\node_modules\three\examples\jsm\tsl\display\BleachBypass.js"
"466A4BBAA205ED188FDEDE889305AB41CB73DE4F3C52D53B28306D358DA60861","D:\Projetos\Neoeffex\neoeffex-site\modelos\hamburgueria\node_modules\three\examples\jsm\tsl\display\BloomNode.js"
"6C4BEB86CCC90907D82AAE56BDCDB826609C673FD43564FDA7F26FC16CCEC533","D:\Projetos\Neoeffex\neoeffex-site\modelos\hamburgueria\node_modules\three\examples\jsm\tsl\display\boxBlur.js"
"3F7B77090634797AE1DAD7F1BE9AF75F19F5BAAA64CB744070ED153031D865B1","D:\Projetos\Neoeffex\neoeffex-site\modelos\hamburgueria\node_modules\three\examples\jsm\tsl\display\ChromaticAberrationNode.js"
"696DF0E8BC5E2FAFCD6FD1BC8804B1E60000CC9A06022048A05C7CBC87074C09","D:\Projetos\Neoeffex\neoeffex-site\modelos\hamburgueria\node_modules\three\examples\jsm\tsl\display\DenoiseNode.js"
"3E99F19110111CC62BAFF2DBE68F8DAFB6FDE3329C13C72F83F88F94C2769A95","D:\Projetos\Neoeffex\neoeffex-site\modelos\hamburgueria\node_modules\three\examples\jsm\tsl\display\DepthOfFieldNode.js"
"2980257546249DD88810A7BAED2091D9E89FF9FCEA05E4FFA92FB36FCE9935E9","D:\Projetos\Neoeffex\neoeffex-site\modelos\hamburgueria\node_modules\three\examples\jsm\tsl\display\DotScreenNode.js"
"FBBE0FC4D70A9BBBBB26F946C7386CC60373C5CD1E24A19EFEF4A0CA80B911F2","D:\Projetos\Neoeffex\neoeffex-site\modelos\hamburgueria\node_modules\three\examples\jsm\tsl\display\FilmNode.js"
"FC6050ED5C728C5E06AFF8657D9683D32FE7BA43B0CF89402614748733EC2E62","D:\Projetos\Neoeffex\neoeffex-site\modelos\hamburgueria\node_modules\three\examples\jsm\tsl\display\FXAANode.js"
"9EDA1F2BBA3AE8D8044F3426F3628374F92E9881653DD34BF4F45FAF48DA5837","D:\Projetos\Neoeffex\neoeffex-site\modelos\hamburgueria\node_modules\three\examples\jsm\tsl\display\GaussianBlurNode.js"
"5E39FAFDBCDCAB9159AC2B6C6CA757646101EB944B108C9E5D9F1123F28BD06C","D:\Projetos\Neoeffex\neoeffex-site\modelos\hamburgueria\node_modules\three\examples\jsm\tsl\display\GTAONode.js"
"548CFD10AD9D7C8F3063479C6A6922379CB41BDAE1B440AC7E588FA62E86C99B","D:\Projetos\Neoeffex\neoeffex-site\modelos\hamburgueria\node_modules\three\examples\jsm\tsl\display\hashBlur.js"
"EC3A472C6F7872506AEFDC633D93B24A12D933A6E2A8A0B782C4BEBD405A2205","D:\Projetos\Neoeffex\neoeffex-site\modelos\hamburgueria\node_modules\three\examples\jsm\tsl\display\LensflareNode.js"
"EFCD4449A652889CDF0F6C263E878B7565A6975DF2D9681393B4FD57D0EBFDD7","D:\Projetos\Neoeffex\neoeffex-site\modelos\hamburgueria\node_modules\three\examples\jsm\tsl\display\Lut3DNode.js"
"7646495FB9E43921BF62C660D6B30F881805130B12061D42C98430D79D31AC91","D:\Projetos\Neoeffex\neoeffex-site\modelos\hamburgueria\node_modules\three\examples\jsm\tsl\display\MotionBlur.js"
"54688AF9DE7CA35D6B27A658EE5388DA4BE76B5EF7D152C8DC94C2802D753D56","D:\Projetos\Neoeffex\neoeffex-site\modelos\hamburgueria\node_modules\three\examples\jsm\tsl\display\OutlineNode.js"
"94FD3FDB877679E5BFF06A8BA71D7E800D424BD557630A3A0700842A6944EA39","D:\Projetos\Neoeffex\neoeffex-site\modelos\hamburgueria\node_modules\three\examples\jsm\tsl\display\ParallaxBarrierPassNode.js"
"D411027FDF6DEFC0E26495A08653BF61E59B51FEB1D16E6B55950474D851EB11","D:\Projetos\Neoeffex\neoeffex-site\modelos\hamburgueria\node_modules\three\examples\jsm\tsl\display\PixelationPassNode.js"
"EB5BBAE9B20BDB253B274FA545AFCB333847197CFC848528E4D65BEE92371F33","D:\Projetos\Neoeffex\neoeffex-site\modelos\hamburgueria\node_modules\three\examples\jsm\tsl\display\RGBShiftNode.js"
"B4AFC21BD4737938726634782908D067148EAA38EA1C5E851EEA9DCD1B61BD69","D:\Projetos\Neoeffex\neoeffex-site\modelos\hamburgueria\node_modules\three\examples\jsm\tsl\display\Sepia.js"
"279D443E1CC4107836C0CCA22167719A0FE40F8BC4F89AF4F8178ACA76FFB53E","D:\Projetos\Neoeffex\neoeffex-site\modelos\hamburgueria\node_modules\three\examples\jsm\tsl\display\SMAANode.js"
"E5AD9C6F74769A5898ECF2BFE9A8F8E8136FE65CEBD91657FF49347D9DB3C200","D:\Projetos\Neoeffex\neoeffex-site\modelos\hamburgueria\node_modules\three\examples\jsm\tsl\display\SobelOperatorNode.js"
"749E63DCC826FBBDB3E09FAF4319AF3672F5DFA2672A2E406BB6079BCC660003","D:\Projetos\Neoeffex\neoeffex-site\modelos\hamburgueria\node_modules\three\examples\jsm\tsl\display\SSAAPassNode.js"
"EB4A942411C24472399548E5F6115449E874E2615BA03BA4D696D986B7B8CB0D","D:\Projetos\Neoeffex\neoeffex-site\modelos\hamburgueria\node_modules\three\examples\jsm\tsl\display\SSRNode.js"
"EF833477E8924AD53F3DAF65A1FE5BE2B85EDF8AC78ACED389790FDC1833CC88","D:\Projetos\Neoeffex\neoeffex-site\modelos\hamburgueria\node_modules\three\examples\jsm\tsl\display\StereoCompositePassNode.js"
"F7BB1855F8C57D8C188AAAD8BD67F8BF774833B65D5AB8C8929B581BEB8ACB44","D:\Projetos\Neoeffex\neoeffex-site\modelos\hamburgueria\node_modules\three\examples\jsm\tsl\display\StereoPassNode.js"
"223ACCF23B573421D258452F0554687EB0708AB78F27B1600661380BA88345A4","D:\Projetos\Neoeffex\neoeffex-site\modelos\hamburgueria\node_modules\three\examples\jsm\tsl\display\TRAANode.js"
"9D5748B419C62C9A13D88E310EF9A6FEF494F016507EC5726AF4A28A140410EA","D:\Projetos\Neoeffex\neoeffex-site\modelos\hamburgueria\node_modules\three\examples\jsm\tsl\display\TransitionNode.js"
"298D52FB7D41E5DC485168118E253CC337C290C8FAEBF092A0EFDFA058C86DFB","D:\Projetos\Neoeffex\neoeffex-site\modelos\hamburgueria\node_modules\three\examples\jsm\tsl\lighting\TiledLightsNode.js"
"E4D60C670F45472CBCEA3E57A1E2A2A7457F436A2A9D5E7F4B415377553DFF83","D:\Projetos\Neoeffex\neoeffex-site\modelos\hamburgueria\node_modules\three\examples\jsm\tsl\math\Bayer.js"
"C378E8FE3E93412B36D771EB0DA21EB8AA757A0CFF29CC729DB45F614ABF74F2","D:\Projetos\Neoeffex\neoeffex-site\modelos\hamburgueria\node_modules\three\examples\jsm\tsl\shadows\TileShadowNode.js"
"398E4A5CE6E70CF0C5E7ACC55E77403247C9C88FC14310B09165994705F5E91B","D:\Projetos\Neoeffex\neoeffex-site\modelos\hamburgueria\node_modules\three\examples\jsm\tsl\shadows\TileShadowNodeHelper.js"
"FD80B04F0BFBF438971E34B6547B5983D21E0DB90FA44B56388B7DE9E8B771FB","D:\Projetos\Neoeffex\neoeffex-site\modelos\hamburgueria\node_modules\three\examples\jsm\tsl\utils\Raymarching.js"
"FDA7E946B8E0B5AB39B779206589E7A1079A22EB24EFB89D7223E03FDFB1F751","D:\Projetos\Neoeffex\neoeffex-site\modelos\hamburgueria\node_modules\three\examples\jsm\utils\BufferGeometryUtils.js"
"9D3FD8E3DBC94F50A45ACF41B18A8F1D14254AF403E90A19573036D127567DEF","D:\Projetos\Neoeffex\neoeffex-site\modelos\hamburgueria\node_modules\three\examples\jsm\utils\CameraUtils.js"
"D7AF11699FFA07F9F38FB790D00B566BC3582DCBD995BDA29F2C299D7180693E","D:\Projetos\Neoeffex\neoeffex-site\modelos\hamburgueria\node_modules\three\examples\jsm\utils\GeometryCompressionUtils.js"
"649F315D948F16BF32F43B86B3D96F05C9FFE36304CA6C94CF45EA35084D9864","D:\Projetos\Neoeffex\neoeffex-site\modelos\hamburgueria\node_modules\three\examples\jsm\utils\GeometryUtils.js"
"5FFF79B3D490C0EF6A3E351A53CA4050096491D0C83DD84ABA737F70B4BC0B3F","D:\Projetos\Neoeffex\neoeffex-site\modelos\hamburgueria\node_modules\three\examples\jsm\utils\LDrawUtils.js"
"386E9C172A722B554C4A4784D4BB5396108F067321713B5F337413D17AC3BE0F","D:\Projetos\Neoeffex\neoeffex-site\modelos\hamburgueria\node_modules\three\examples\jsm\utils\SceneOptimizer.js"
"D2D1673D80CDB919232F8E22FD341F79EC5B6F1C8D7DF3FE884CEB8C8FBEDC07","D:\Projetos\Neoeffex\neoeffex-site\modelos\hamburgueria\node_modules\three\examples\jsm\utils\SceneUtils.js"
"AB36713911582642D03AD12291FF5719812605526D3DB55892FB82206D00952D","D:\Projetos\Neoeffex\neoeffex-site\modelos\hamburgueria\node_modules\three\examples\jsm\utils\ShadowMapViewer.js"
"48CD746233C09D2E2B83A98C33164CFC07E261A9E6A13B83D62E885DA67FC8C9","D:\Projetos\Neoeffex\neoeffex-site\modelos\hamburgueria\node_modules\three\examples\jsm\utils\ShadowMapViewerGPU.js"
"0761B1E003917B215D25DD81439D854B36034B5A57CE84C2CFE3B02428D7B253","D:\Projetos\Neoeffex\neoeffex-site\modelos\hamburgueria\node_modules\three\examples\jsm\utils\SkeletonUtils.js"
"A69012AD02B7DBDFCA8D5384453A3A17C4C8E7C3FBEDFA3B1F948C1EF121BF99","D:\Projetos\Neoeffex\neoeffex-site\modelos\hamburgueria\node_modules\three\examples\jsm\utils\SortUtils.js"
"67869B5C32F8FC4729B5A2A56D00C5A5DB60C1D10F8A169C9CBA8E84C1865E92","D:\Projetos\Neoeffex\neoeffex-site\modelos\hamburgueria\node_modules\three\examples\jsm\utils\UVsDebug.js"
"6A8A2F033B0F39480BE0D1A289063A1C66EA58BAB14CC49498CA03827AADE5EE","D:\Projetos\Neoeffex\neoeffex-site\modelos\hamburgueria\node_modules\three\examples\jsm\utils\WebGLTextureUtils.js"
"891E8F61CA0D15A31D3415BD81AFE9B6EB66A19130059A8CDD40BA1A1C67CB42","D:\Projetos\Neoeffex\neoeffex-site\modelos\hamburgueria\node_modules\three\examples\jsm\utils\WebGPUTextureUtils.js"
"5AC7095FD566BC9AE48376055FD66EDF27CB9EBBF9E1269DC206BFD4933AE9EB","D:\Projetos\Neoeffex\neoeffex-site\modelos\hamburgueria\node_modules\three\examples\jsm\utils\WorkerPool.js"
"AD2DED03A4128C6E190E6D1988CC2639805182DB9BE0F6D331554E234986B6D7","D:\Projetos\Neoeffex\neoeffex-site\modelos\hamburgueria\node_modules\three\examples\jsm\webxr\ARButton.js"
"6E91FB356A486D8E112210ED7E8AAB8BCD83A1D8B460DBD359E0F5434C27B7BA","D:\Projetos\Neoeffex\neoeffex-site\modelos\hamburgueria\node_modules\three\examples\jsm\webxr\OculusHandModel.js"
"A59A4D28F2A49EA5E1959F7CD51CD2070572E1EF70F5A3BA831569045FA0B981","D:\Projetos\Neoeffex\neoeffex-site\modelos\hamburgueria\node_modules\three\examples\jsm\webxr\OculusHandPointerModel.js"
"067587052CE215954C5DFB46EDEE49CFCB61E8425DF3535699061C3B9F0AF20A","D:\Projetos\Neoeffex\neoeffex-site\modelos\hamburgueria\node_modules\three\examples\jsm\webxr\Text2D.js"
"35A7621BBBE776203DAD04CDDC79C8E1B166DC3B6757D8B907F97DF86D8A9D48","D:\Projetos\Neoeffex\neoeffex-site\modelos\hamburgueria\node_modules\three\examples\jsm\webxr\VRButton.js"
"13CEB022E450BFC8FF48E7AF8E39FACEACF08FEA84A844FB82858A126C4E0249","D:\Projetos\Neoeffex\neoeffex-site\modelos\hamburgueria\node_modules\three\examples\jsm\webxr\XRButton.js"
"657235F1D96605B49A14D58667AADAEB649851B78CF2C8B51DE85FED33DFACA8","D:\Projetos\Neoeffex\neoeffex-site\modelos\hamburgueria\node_modules\three\examples\jsm\webxr\XRControllerModelFactory.js"
"2CA82368577D41ACE266B6E96671EF57E3076F49323EEFAC20736C32A0F47EFF","D:\Projetos\Neoeffex\neoeffex-site\modelos\hamburgueria\node_modules\three\examples\jsm\webxr\XREstimatedLight.js"
"ACD1E6836958CE262F70AC64ADCD9B365D2136BBDC29C75C3835D3183A6131A1","D:\Projetos\Neoeffex\neoeffex-site\modelos\hamburgueria\node_modules\three\examples\jsm\webxr\XRHandMeshModel.js"
"9A9200E3FCC22AEF67A9DEA466F7130166A00C5B7B22CD2E9D9A6ABD7DE617E1","D:\Projetos\Neoeffex\neoeffex-site\modelos\hamburgueria\node_modules\three\examples\jsm\webxr\XRHandModelFactory.js"
"401EC6836BA4CA82F709E07329D6DF4F687C91062B532A1E30415FB689FFDB97","D:\Projetos\Neoeffex\neoeffex-site\modelos\hamburgueria\node_modules\three\examples\jsm\webxr\XRHandPrimitiveModel.js"
"B6377BB1355796457FA954E69656C26E23B02761628C21CF8DBE03B09CCC4773","D:\Projetos\Neoeffex\neoeffex-site\modelos\hamburgueria\node_modules\three\examples\jsm\webxr\XRPlanes.js"
"9F3966A9A11298B478A013556DC2D61A217E79792830E0841726C3D6B193B1A2","D:\Projetos\Neoeffex\neoeffex-site\modelos\hamburgueria\node_modules\three\src\constants.js"
"7058D79A1E5B06173401FBE79D331C4AF4C73198C74ADD964771B5BD7F1AFD1B","D:\Projetos\Neoeffex\neoeffex-site\modelos\hamburgueria\node_modules\three\src\Three.Core.js"
"0788FFCFCCF2C8F3DEE35520151EABE037D362D470E8FB4D9B97F7AC82A365F9","D:\Projetos\Neoeffex\neoeffex-site\modelos\hamburgueria\node_modules\three\src\Three.js"
"E3B0C44298FC1C149AFBF4C8996FB92427AE41E4649B934CA495991B7852B855","D:\Projetos\Neoeffex\neoeffex-site\modelos\hamburgueria\node_modules\three\src\Three.Legacy.js"
"ACBAC9F7F01F737D0573F87E34CAF8C116BA82BA8A091882519188844EDEBF5C","D:\Projetos\Neoeffex\neoeffex-site\modelos\hamburgueria\node_modules\three\src\Three.TSL.js"
"D3C51F601722296A14EDB5EDA65ECE8D9E0A349EB92110133249FD73BF9D82F7","D:\Projetos\Neoeffex\neoeffex-site\modelos\hamburgueria\node_modules\three\src\Three.WebGPU.js"
"4156EC12E8DFD249F21DC18522F8C3FB6D9249D066A1C007D998701A9160A3F5","D:\Projetos\Neoeffex\neoeffex-site\modelos\hamburgueria\node_modules\three\src\Three.WebGPU.Nodes.js"
"7DAE752FE15D4EC70E804C5B69F37828396C80440BB5D12CC8EC2D069844BD8B","D:\Projetos\Neoeffex\neoeffex-site\modelos\hamburgueria\node_modules\three\src\utils.js"
"0AB97BFBC7425105350F980C201D7DFD3CFD62C654FEAA77B2B9E2CE4BA9F373","D:\Projetos\Neoeffex\neoeffex-site\modelos\hamburgueria\node_modules\three\src\animation\AnimationAction.js"
"6F2F973969547BF86C4C30ACACC78EEAF7A1C4D9048D11161A858D1D0905D2AE","D:\Projetos\Neoeffex\neoeffex-site\modelos\hamburgueria\node_modules\three\src\animation\AnimationClip.js"
"CE94FEA1A9BDED543F3EA665157594B76DE6B78FCE28590DFF2D44E489CE77FB","D:\Projetos\Neoeffex\neoeffex-site\modelos\hamburgueria\node_modules\three\src\animation\AnimationMixer.js"
"00057B7E71CB037F26672376150A0F21CC23733F94EA582C1F960AEC7AD38295","D:\Projetos\Neoeffex\neoeffex-site\modelos\hamburgueria\node_modules\three\src\animation\AnimationObjectGroup.js"
"671C13FB43A581022A9F44635B4A406C808868260D622E8CDB91B63FD8F0BE08","D:\Projetos\Neoeffex\neoeffex-site\modelos\hamburgueria\node_modules\three\src\animation\AnimationUtils.js"
"321B1BBAEB79092C1B190116670107DF69A2080DE7B04A68A87F2F913DFA4E40","D:\Projetos\Neoeffex\neoeffex-site\modelos\hamburgueria\node_modules\three\src\animation\KeyframeTrack.js"
"ADFFF004FD4AE9454088A6B1EA0024B3360D7D77D4F507A9D58D72DC06B8FCAB","D:\Projetos\Neoeffex\neoeffex-site\modelos\hamburgueria\node_modules\three\src\animation\PropertyBinding.js"
"7E45E581AD665AA632F75DF75A5F8CE4D1BA181D475013746A7036F4A5BA6190","D:\Projetos\Neoeffex\neoeffex-site\modelos\hamburgueria\node_modules\three\src\animation\PropertyMixer.js"
"C825C39A862F7C83898F56F7E594F3A24DC25B624CA45A65E30807D785BACCA4","D:\Projetos\Neoeffex\neoeffex-site\modelos\hamburgueria\node_modules\three\src\animation\tracks\BooleanKeyframeTrack.js"
"D5474FE55B02E7423D9AC75AA90690C4D00BBDB9CCA5925148891025B66EFF79","D:\Projetos\Neoeffex\neoeffex-site\modelos\hamburgueria\node_modules\three\src\animation\tracks\ColorKeyframeTrack.js"
"40497977275D201DCA0208DC4C1468263862B93255B3120DB046E747086B3641","D:\Projetos\Neoeffex\neoeffex-site\modelos\hamburgueria\node_modules\three\src\animation\tracks\NumberKeyframeTrack.js"
"5B01F4A55FBB44F439A0BB0B913200ED03054A8E4585033B0B9BF7376A44AB09","D:\Projetos\Neoeffex\neoeffex-site\modelos\hamburgueria\node_modules\three\src\animation\tracks\QuaternionKeyframeTrack.js"
"9355D7B00C737E82E6DF70DB65DC2A668B19B8533371BBB81757F0DDFA939017","D:\Projetos\Neoeffex\neoeffex-site\modelos\hamburgueria\node_modules\three\src\animation\tracks\StringKeyframeTrack.js"
"15BAF02B6BB2F2A4628803B86B82AE6916DCB4C31092E1A600AAA38214A37EEE","D:\Projetos\Neoeffex\neoeffex-site\modelos\hamburgueria\node_modules\three\src\animation\tracks\VectorKeyframeTrack.js"
"5C4C4AFE0228AB05D08D2C9686DE75835C646E020CDF792DB0C4571ADD1E4208","D:\Projetos\Neoeffex\neoeffex-site\modelos\hamburgueria\node_modules\three\src\audio\Audio.js"
"D377F52872CA52A81C7BE3952B9FE61B0454019239BF2A638032ABA17DF05312","D:\Projetos\Neoeffex\neoeffex-site\modelos\hamburgueria\node_modules\three\src\audio\AudioAnalyser.js"
"00D7A4748A595D2DFF12CEA172A1FD916FC051A628521FEAC5D796BC340BBBF6","D:\Projetos\Neoeffex\neoeffex-site\modelos\hamburgueria\node_modules\three\src\audio\AudioContext.js"
"2023B4A82BEBB1D01FB252CA23EF3C25E271887D38F7B9462DD4EBBBC5B172CB","D:\Projetos\Neoeffex\neoeffex-site\modelos\hamburgueria\node_modules\three\src\audio\AudioListener.js"
"35AAE9AB5649FC9EC205F6FA541EFB8CD7961E6301B8372C704B15598DE5D9E9","D:\Projetos\Neoeffex\neoeffex-site\modelos\hamburgueria\node_modules\three\src\audio\PositionalAudio.js"
"897EAB35D639568D93E149C09682FB753AC2904ED7AB8A88CD59D8D4329DC259","D:\Projetos\Neoeffex\neoeffex-site\modelos\hamburgueria\node_modules\three\src\cameras\ArrayCamera.js"
"CBDA5A57E01B6CF68137A990347973FC4DCB6EBED3C5862476BBD5813F7DCDBF","D:\Projetos\Neoeffex\neoeffex-site\modelos\hamburgueria\node_modules\three\src\cameras\Camera.js"
"5461814E6F6DFE0F784B0C722AC0A21CA8EDB8CCD591C6A9378E48EB64BF5C2C","D:\Projetos\Neoeffex\neoeffex-site\modelos\hamburgueria\node_modules\three\src\cameras\CubeCamera.js"
"D18FB9670FF6CDEC485B0AF18D268D3C1E136C96BC6AAF9CDBC3AE8236814C75","D:\Projetos\Neoeffex\neoeffex-site\modelos\hamburgueria\node_modules\three\src\cameras\OrthographicCamera.js"
"D320931296A1E5D0C16CEA851DEBC60F9002D4BEC9E32B473DAD2E564D5460BE","D:\Projetos\Neoeffex\neoeffex-site\modelos\hamburgueria\node_modules\three\src\cameras\PerspectiveCamera.js"
"00BFBDDACD1CB1EC2BD1272F1467E7924905BEC0B1ED70F37E7EA1A890C2F923","D:\Projetos\Neoeffex\neoeffex-site\modelos\hamburgueria\node_modules\three\src\cameras\StereoCamera.js"
"F9E52839A7EAD02732CF592FC696BA941FB6D59B10430AE45960D4347E51762A","D:\Projetos\Neoeffex\neoeffex-site\modelos\hamburgueria\node_modules\three\src\core\BufferAttribute.js"
"42CBEDBE2B0CF90439570A7E924AED519E4B7302A94A26D5949E36D5BED55F77","D:\Projetos\Neoeffex\neoeffex-site\modelos\hamburgueria\node_modules\three\src\core\BufferGeometry.js"
"50FAA908E317780AFFC06AEF542A4EF7BF3DB57EA3ADCBEEBDD8A1C59BC2A168","D:\Projetos\Neoeffex\neoeffex-site\modelos\hamburgueria\node_modules\three\src\core\Clock.js"
"801D5254AB8EF2B24E630D9D5E927AB06B21908060571EA64C8E1FD3DBAD45FB","D:\Projetos\Neoeffex\neoeffex-site\modelos\hamburgueria\node_modules\three\src\core\EventDispatcher.js"
"D7D240782A9A695D2499C5CE7724BD7B2BCFC06072E5219E6883C543586DA524","D:\Projetos\Neoeffex\neoeffex-site\modelos\hamburgueria\node_modules\three\src\core\GLBufferAttribute.js"
"930A65BD2867C30A692E41879DDF9C440A3BD13E25FDE3542AD3052D6A8A4A5B","D:\Projetos\Neoeffex\neoeffex-site\modelos\hamburgueria\node_modules\three\src\core\InstancedBufferAttribute.js"
"A511B56184A146A830EAC7B4E3809E82B7C4D05595933BC53C2B0A1B3BEDECBA","D:\Projetos\Neoeffex\neoeffex-site\modelos\hamburgueria\node_modules\three\src\core\InstancedBufferGeometry.js"
"08B1BE1EB24A1213FB06F185AA4F0B46A34F45FFF956DC1116B4D8542569A560","D:\Projetos\Neoeffex\neoeffex-site\modelos\hamburgueria\node_modules\three\src\core\InstancedInterleavedBuffer.js"
"058DE8967A2BE91444E829138D862C8AA024A503FB6A03DB25ED0BCAC6ECCCCB","D:\Projetos\Neoeffex\neoeffex-site\modelos\hamburgueria\node_modules\three\src\core\InterleavedBuffer.js"
"BC87BB074B1AB63757F0E6557396DC78821E3E89755ECA4672E732566A5A1B62","D:\Projetos\Neoeffex\neoeffex-site\modelos\hamburgueria\node_modules\three\src\core\InterleavedBufferAttribute.js"
"0727A1F8F987A0DA6FFE91EA55CEF7E8C18822DC1A69C44FC282525127B361EA","D:\Projetos\Neoeffex\neoeffex-site\modelos\hamburgueria\node_modules\three\src\core\Layers.js"
"CFED8E6018386737493550FFC71DF046538D687843C0FF5A3206EAA5994B07F1","D:\Projetos\Neoeffex\neoeffex-site\modelos\hamburgueria\node_modules\three\src\core\Object3D.js"
"7E9CA5BCACEBD7858609B1B10CEFEEF020C09A444AF544A4103757561CBDFD97","D:\Projetos\Neoeffex\neoeffex-site\modelos\hamburgueria\node_modules\three\src\core\Raycaster.js"
"2494A0B41938F9A8CB57734CB3226CB41DF4F620FB9C16832AC684397782F1E1","D:\Projetos\Neoeffex\neoeffex-site\modelos\hamburgueria\node_modules\three\src\core\RenderTarget.js"
"91E2EEF11B116C639CE8E248975ACEFA0F614F76A5C91F2E6F8155D2797B01F9","D:\Projetos\Neoeffex\neoeffex-site\modelos\hamburgueria\node_modules\three\src\core\RenderTarget3D.js"
"A50DCC31E34476BD5D7FED92EFCE26AFE7141FFC038FE301EE88EB3E5DC43A53","D:\Projetos\Neoeffex\neoeffex-site\modelos\hamburgueria\node_modules\three\src\core\Timer.js"
"06A921AD1CF3A42AED1B43882D78F4C149694BDB401967104A0566B05DFCA5EA","D:\Projetos\Neoeffex\neoeffex-site\modelos\hamburgueria\node_modules\three\src\core\Uniform.js"
"DE6927F16736FD2BFB62894470468EBDEA53FDC6F7805CC8654869C1EABCAD43","D:\Projetos\Neoeffex\neoeffex-site\modelos\hamburgueria\node_modules\three\src\core\UniformsGroup.js"
"E1306A99ED809D53F20AA70F8615605174157809824D7AB7C863104078EE49E7","D:\Projetos\Neoeffex\neoeffex-site\modelos\hamburgueria\node_modules\three\src\extras\Controls.js"
"BB1ACEBD057BD3DFC1C02155782582E807A2407CEF10299C23286D80D4A37441","D:\Projetos\Neoeffex\neoeffex-site\modelos\hamburgueria\node_modules\three\src\extras\DataUtils.js"
"F3B21749E810140E2A33E29141E81F32E2001E5CC741804504A4DED586BC105C","D:\Projetos\Neoeffex\neoeffex-site\modelos\hamburgueria\node_modules\three\src\extras\Earcut.js"
"573DB53C5182CC051442478BE89AB640101964A1B932EF6BB6CD65BDFE50C40F","D:\Projetos\Neoeffex\neoeffex-site\modelos\hamburgueria\node_modules\three\src\extras\ImageUtils.js"
"550F9E20420BCDC0E6ED5247712B4553CA9071B5A54FD7E4A3186469D15B3A9F","D:\Projetos\Neoeffex\neoeffex-site\modelos\hamburgueria\node_modules\three\src\extras\PMREMGenerator.js"
"35906703CBB1C4162F5E2B4BB22BDA9C8A9ED8ED43306BF9A71B15C4BCAB00FE","D:\Projetos\Neoeffex\neoeffex-site\modelos\hamburgueria\node_modules\three\src\extras\ShapeUtils.js"
"E6B2F3C4F51A885D36DFFBBFCBAE8A7384564139415B8D73991DA1CAAA1739D7","D:\Projetos\Neoeffex\neoeffex-site\modelos\hamburgueria\node_modules\three\src\extras\TextureUtils.js"
"DD52C40D8821E80356C13A06909587DD77564F52AA79D4FAF095323563501E9B","D:\Projetos\Neoeffex\neoeffex-site\modelos\hamburgueria\node_modules\three\src\extras\core\Curve.js"
"A7BCB163455BB44C77A93FA3C86F7BF1AF04FF777E3DFE2EC42D02696D7FCCE1","D:\Projetos\Neoeffex\neoeffex-site\modelos\hamburgueria\node_modules\three\src\extras\core\CurvePath.js"
"23491C5CFF929A5FE41CF0F1D33EDA965E62C42934A2BF2ED996C3CC3A497AC1","D:\Projetos\Neoeffex\neoeffex-site\modelos\hamburgueria\node_modules\three\src\extras\core\Interpolations.js"
"8C3D9DDBDDFED2CAC8499EFA345A7D63C7192615DE621F7D107CE7FC5CF52693","D:\Projetos\Neoeffex\neoeffex-site\modelos\hamburgueria\node_modules\three\src\extras\core\Path.js"
"998B7747F2C4BCBEEC74CA8EFB9227EB7AE8AA9028345A8B475334C80135FB73","D:\Projetos\Neoeffex\neoeffex-site\modelos\hamburgueria\node_modules\three\src\extras\core\Shape.js"
"D811ABBE2B6636BE51E400E2F45A98904E31B242F45E1D829C52139098B8AFC2","D:\Projetos\Neoeffex\neoeffex-site\modelos\hamburgueria\node_modules\three\src\extras\core\ShapePath.js"
"250F67E8AF9BE652074DC50F7B93C1ADEAFC9B356567848F863A5608F219662C","D:\Projetos\Neoeffex\neoeffex-site\modelos\hamburgueria\node_modules\three\src\extras\curves\ArcCurve.js"
"F0B6B119F9CA4D179C1E74299C7971B3A2FA9AC658B8D4460792FB4BECF0E449","D:\Projetos\Neoeffex\neoeffex-site\modelos\hamburgueria\node_modules\three\src\extras\curves\CatmullRomCurve3.js"
"84BC4ED1ED087F671269259454440C2A143931B517B589D3CCDA81469C917658","D:\Projetos\Neoeffex\neoeffex-site\modelos\hamburgueria\node_modules\three\src\extras\curves\CubicBezierCurve.js"
"6D9D54A65E0D7D2050E1CB9C469E90B76ABD721DDD3D7778F990CE51BEB2284D","D:\Projetos\Neoeffex\neoeffex-site\modelos\hamburgueria\node_modules\three\src\extras\curves\CubicBezierCurve3.js"
"506C35F73BBA72B6EBCB26189967FDFF73B2202A96156CE0A1DB4EFE7D036E5C","D:\Projetos\Neoeffex\neoeffex-site\modelos\hamburgueria\node_modules\three\src\extras\curves\Curves.js"
"12B415FB8126097F037A5CA0238C82F9CDBD45EB2ABED2E5CB1CBBCCE814F37A","D:\Projetos\Neoeffex\neoeffex-site\modelos\hamburgueria\node_modules\three\src\extras\curves\EllipseCurve.js"
"2EB1F869556F2C78C0AB394DBFAFE69995BCB24501D88C10556963C1B84C722A","D:\Projetos\Neoeffex\neoeffex-site\modelos\hamburgueria\node_modules\three\src\extras\curves\LineCurve.js"
"8619575F09E94287D68597190617ABB2F701EAF4CED5A75C8529B5A4C51B2F3C","D:\Projetos\Neoeffex\neoeffex-site\modelos\hamburgueria\node_modules\three\src\extras\curves\LineCurve3.js"
"BD4EF6068773E492C7618AFD2E0DECD38A61AAC4ACC9E2FE3896B33337475FA8","D:\Projetos\Neoeffex\neoeffex-site\modelos\hamburgueria\node_modules\three\src\extras\curves\QuadraticBezierCurve.js"
"6E5832266F6268580DF604EB984F68E606CFF0D4087799E86C31ECD0F7EED2C9","D:\Projetos\Neoeffex\neoeffex-site\modelos\hamburgueria\node_modules\three\src\extras\curves\QuadraticBezierCurve3.js"
"312BD4B787D69F32CE742E019CFFB35AF4E977F4049DA9688C30C40DD20190DE","D:\Projetos\Neoeffex\neoeffex-site\modelos\hamburgueria\node_modules\three\src\extras\curves\SplineCurve.js"
"16B9DA88D31F192FC8F5DB09B08A337CE7694FAE37FE36E9AFAA9E7294FEA9B0","D:\Projetos\Neoeffex\neoeffex-site\modelos\hamburgueria\node_modules\three\src\extras\lib\earcut.js"
"8D8BF529B49A15FC647FADD5CC6CB813F40CD96BF51C0E26D6E700BBE6956195","D:\Projetos\Neoeffex\neoeffex-site\modelos\hamburgueria\node_modules\three\src\geometries\BoxGeometry.js"
"8A8302C9D070A9E3AC1729CB90C750A321129F3E6CBA7D16113BBBFAD000F38C","D:\Projetos\Neoeffex\neoeffex-site\modelos\hamburgueria\node_modules\three\src\geometries\CapsuleGeometry.js"
"25CFFB8E6E465803402C9D79EFEB7D23176F75578BE30CBC774B6C6581A629F0","D:\Projetos\Neoeffex\neoeffex-site\modelos\hamburgueria\node_modules\three\src\geometries\CircleGeometry.js"
"10CD01BF31EF1FA78A451B6961F36CE14F59FF7A62526E35828336D26A30CA5A","D:\Projetos\Neoeffex\neoeffex-site\modelos\hamburgueria\node_modules\three\src\geometries\ConeGeometry.js"
"8567A543874775608AA6AB4D3DD76B7AB522070BC33135F0822159C705912600","D:\Projetos\Neoeffex\neoeffex-site\modelos\hamburgueria\node_modules\three\src\geometries\CylinderGeometry.js"
"DC19F4FE22958C819C35EC5977F8D85AE0B8D274717AC2668535345449A29900","D:\Projetos\Neoeffex\neoeffex-site\modelos\hamburgueria\node_modules\three\src\geometries\DodecahedronGeometry.js"
"36FF16FB1B0B0541B2F34503FD6FF72816E6B3768C559EC770B208965DC97BA5","D:\Projetos\Neoeffex\neoeffex-site\modelos\hamburgueria\node_modules\three\src\geometries\EdgesGeometry.js"
"F4F8EECEC706EABF72E48062F9BCEB6E907A83A42D5225C941DEE229B39AC9D0","D:\Projetos\Neoeffex\neoeffex-site\modelos\hamburgueria\node_modules\three\src\geometries\ExtrudeGeometry.js"
"E89A1B90600C34F039283F98174D026F4B1F8E10EE1BE8405F2FB3E6B0A64A5C","D:\Projetos\Neoeffex\neoeffex-site\modelos\hamburgueria\node_modules\three\src\geometries\Geometries.js"
"95447831A99F4F12725EAEB63382F00670BD4B7AC001AF1768A46DF1B64460DA","D:\Projetos\Neoeffex\neoeffex-site\modelos\hamburgueria\node_modules\three\src\geometries\IcosahedronGeometry.js"
"74698FC803D5D517AAD631EBE53BAD0153D5222F0351C2544B9FAAE1A4413266","D:\Projetos\Neoeffex\neoeffex-site\modelos\hamburgueria\node_modules\three\src\geometries\LatheGeometry.js"
"3EB6AF7D7D8FF3671BF0DAF99D64976E4334F9C933A66C08C22C9920D6BAB93E","D:\Projetos\Neoeffex\neoeffex-site\modelos\hamburgueria\node_modules\three\src\geometries\OctahedronGeometry.js"
"4154FF95507CC3ECEBC8A19F8D04E962F5C1341D1ACECD7AEEF834368E7154F8","D:\Projetos\Neoeffex\neoeffex-site\modelos\hamburgueria\node_modules\three\src\geometries\PlaneGeometry.js"
"822C8803F22460154FDE8C66471AED36D029D0ECFD6DA71A5E939D58E5749D6B","D:\Projetos\Neoeffex\neoeffex-site\modelos\hamburgueria\node_modules\three\src\geometries\PolyhedronGeometry.js"
"A58B3C9E6A14E3951EEBB80EF058D51396A4FA02F41A1528BD372CFB2DBFFB7B","D:\Projetos\Neoeffex\neoeffex-site\modelos\hamburgueria\node_modules\three\src\geometries\RingGeometry.js"
"D692431CE1B97295B5DC33ACBEE7C2D24B334B21D072B1A65731002CB86F383D","D:\Projetos\Neoeffex\neoeffex-site\modelos\hamburgueria\node_modules\three\src\geometries\ShapeGeometry.js"
"0ABF1E637FA054D2EAB53F9AD88E625835E57CB183A43939B639B61D4A9AADCE","D:\Projetos\Neoeffex\neoeffex-site\modelos\hamburgueria\node_modules\three\src\geometries\SphereGeometry.js"
"193F9941BD1BC4BF301704CB5BDB59E300BD975EC642A75EB2311E7B3D86F936","D:\Projetos\Neoeffex\neoeffex-site\modelos\hamburgueria\node_modules\three\src\geometries\TetrahedronGeometry.js"
"83689F0537D619EA0198B0380ECE7000C6A07DC629EF966140415F9408D52581","D:\Projetos\Neoeffex\neoeffex-site\modelos\hamburgueria\node_modules\three\src\geometries\TorusGeometry.js"
"B40AA07D02C8F4247FFB1A2054BDFC00F8BD936105B5A100FB2D779FD6E7BADC","D:\Projetos\Neoeffex\neoeffex-site\modelos\hamburgueria\node_modules\three\src\geometries\TorusKnotGeometry.js"
"4956487F51C5BAF6E5865EBEF00370D50C90E532BA4E9833C5C8257C609E9506","D:\Projetos\Neoeffex\neoeffex-site\modelos\hamburgueria\node_modules\three\src\geometries\TubeGeometry.js"
"D03F328D637C015870A19ECD7C9A6DE939EC8199B88E829915948A3089E08927","D:\Projetos\Neoeffex\neoeffex-site\modelos\hamburgueria\node_modules\three\src\geometries\WireframeGeometry.js"
"0ADD7CACA3E55246E3602E053CBA57308C4D0A34ADEE49110CDAB191CFFF1711","D:\Projetos\Neoeffex\neoeffex-site\modelos\hamburgueria\node_modules\three\src\helpers\ArrowHelper.js"
"9DE29C092DAEEACCCDBB212DA64F4B69310A6738FA7B4DDDA1687470B1FEB042","D:\Projetos\Neoeffex\neoeffex-site\modelos\hamburgueria\node_modules\three\src\helpers\AxesHelper.js"
"99445D60B56A02AE2EA1CAD1D9015FDECD2EE28BC626ED17129849709CAB6970","D:\Projetos\Neoeffex\neoeffex-site\modelos\hamburgueria\node_modules\three\src\helpers\Box3Helper.js"
"5BAAD1E7E49B4319BEC4F5AECA8CE10C41F8D5B2E6A4FD7CD9DCA72496DF72AC","D:\Projetos\Neoeffex\neoeffex-site\modelos\hamburgueria\node_modules\three\src\helpers\BoxHelper.js"
"57AD464191678EE2FE7150030D6C42005912F6EBAB825E73D8636265070CBCE3","D:\Projetos\Neoeffex\neoeffex-site\modelos\hamburgueria\node_modules\three\src\helpers\CameraHelper.js"
"62FD70FBDBC8035E6E8E758A9BEE6400EF82C629D499CBC664F2D72CE9ABB04E","D:\Projetos\Neoeffex\neoeffex-site\modelos\hamburgueria\node_modules\three\src\helpers\DirectionalLightHelper.js"
"D1A12EDE88FE4429A686126D0392EF013A94F625EADFD98098966098C68CFB47","D:\Projetos\Neoeffex\neoeffex-site\modelos\hamburgueria\node_modules\three\src\helpers\GridHelper.js"
"44D0EAADFC6F20A7083C292F0016C8A6BBC45E98F2D55711EDC72211D9EFB8E9","D:\Projetos\Neoeffex\neoeffex-site\modelos\hamburgueria\node_modules\three\src\helpers\HemisphereLightHelper.js"
"209AAD78EECFB060A4F00FDF85AEFE42B5F8F764B5F209BB5098C989AB8D2CF7","D:\Projetos\Neoeffex\neoeffex-site\modelos\hamburgueria\node_modules\three\src\helpers\PlaneHelper.js"
"FDE461F3E0841C235035B479D91ED84095180F77F3B170392B030AE9C7E338E7","D:\Projetos\Neoeffex\neoeffex-site\modelos\hamburgueria\node_modules\three\src\helpers\PointLightHelper.js"
"D1B37BC34C73AF5DB271C6433C033017167CD69A3012E63A3C5729F9D2643563","D:\Projetos\Neoeffex\neoeffex-site\modelos\hamburgueria\node_modules\three\src\helpers\PolarGridHelper.js"
"C65121239E90157FE2B7A191032C51237F21EFCA274837CF15489308050DA9F7","D:\Projetos\Neoeffex\neoeffex-site\modelos\hamburgueria\node_modules\three\src\helpers\SkeletonHelper.js"
"8521678CF761B1EA430F1C3DB66748A0553C5C91DCD1DB5280E99C3C88CCD0C0","D:\Projetos\Neoeffex\neoeffex-site\modelos\hamburgueria\node_modules\three\src\helpers\SpotLightHelper.js"
"38BF70B78FECB527E9BB63073D6123F5748810D0B0F06EB84E5C8F8B0F3E9633","D:\Projetos\Neoeffex\neoeffex-site\modelos\hamburgueria\node_modules\three\src\lights\AmbientLight.js"
"5EFB333524E0CB9EED7004B59305DE43EE126E780C58FCB611707D66F4E6775A","D:\Projetos\Neoeffex\neoeffex-site\modelos\hamburgueria\node_modules\three\src\lights\DirectionalLight.js"
"F0AFB02A77B310D2BC938789C870DBF3C3B3427903F059B194A2C005C6C5C8DF","D:\Projetos\Neoeffex\neoeffex-site\modelos\hamburgueria\node_modules\three\src\lights\DirectionalLightShadow.js"
"8C79B7E53D0FDD8018C2A58C5405B2B0103100CC8C3A49C2E0FA8D2DDBBAAF68","D:\Projetos\Neoeffex\neoeffex-site\modelos\hamburgueria\node_modules\three\src\lights\HemisphereLight.js"
"30C6371CA7A44CE195F998051AF007376D375F653C76CFFB2102102CFC1370E5","D:\Projetos\Neoeffex\neoeffex-site\modelos\hamburgueria\node_modules\three\src\lights\Light.js"
"994DF599D14F81217612F701A03435797AE5F6F0EA1C634FF8510920430E66D6","D:\Projetos\Neoeffex\neoeffex-site\modelos\hamburgueria\node_modules\three\src\lights\LightProbe.js"
"6FD65BE61A776721F799622788CD288EEFB33290918329B012BFF019EE5807B3","D:\Projetos\Neoeffex\neoeffex-site\modelos\hamburgueria\node_modules\three\src\lights\LightShadow.js"
"C7678D9F8D5C617BC451913096F6CDCA85358ADFD49FA247E0667DED9C6E5447","D:\Projetos\Neoeffex\neoeffex-site\modelos\hamburgueria\node_modules\three\src\lights\PointLight.js"
"422FB5C3D9453A1D7F0EADBE98F093A55F93C4ABF3FA405675ED1BD38552C0AD","D:\Projetos\Neoeffex\neoeffex-site\modelos\hamburgueria\node_modules\three\src\lights\PointLightShadow.js"
"3D602AFB9AF5A0D62CC94D2C6DF050DE1778711EFA9312566006E14FA0029D11","D:\Projetos\Neoeffex\neoeffex-site\modelos\hamburgueria\node_modules\three\src\lights\RectAreaLight.js"
"FDBA5AF26AB8BF233FB666C69DF8D9DDCC0EB736B32AF3B93A8F38A043042C63","D:\Projetos\Neoeffex\neoeffex-site\modelos\hamburgueria\node_modules\three\src\lights\SpotLight.js"
"5A983974745D905559102E7A97669D316BF2E31516E952FAE2A6103D7A09B074","D:\Projetos\Neoeffex\neoeffex-site\modelos\hamburgueria\node_modules\three\src\lights\SpotLightShadow.js"
"33A2CE54BD5866FDADB7D45AB444B3E4180F20A79C5B90CC8945271F256126A7","D:\Projetos\Neoeffex\neoeffex-site\modelos\hamburgueria\node_modules\three\src\lights\webgpu\IESSpotLight.js"
"48EBFE3FA4A3D8A45070438E8F9B28E93BCB82632F547CC918A834E36BDE528F","D:\Projetos\Neoeffex\neoeffex-site\modelos\hamburgueria\node_modules\three\src\lights\webgpu\ProjectorLight.js"
"967088147BD8F20BDA844F164095E4EE69910F2DC28A6F9CC09765C45A7B531E","D:\Projetos\Neoeffex\neoeffex-site\modelos\hamburgueria\node_modules\three\src\loaders\AnimationLoader.js"
"B89CED3432E64D747767A5D496D13CBA0B8E6B585E3A303A25EF6846785A403C","D:\Projetos\Neoeffex\neoeffex-site\modelos\hamburgueria\node_modules\three\src\loaders\AudioLoader.js"
"8A0A3D9A5FD4818B26418E914799CAF16516926AA81C2C6089DF77A5DA9E4A84","D:\Projetos\Neoeffex\neoeffex-site\modelos\hamburgueria\node_modules\three\src\loaders\BufferGeometryLoader.js"
"A328507FD03DD18BD0C498EE01689D13D35A0636B44E5BAD62F6EA2792EA746B","D:\Projetos\Neoeffex\neoeffex-site\modelos\hamburgueria\node_modules\three\src\loaders\Cache.js"
"5E6EEE29B3CC41E07528384A87F66D13CBA8DDD2B1623A748B2AA29CC6BAFAD2","D:\Projetos\Neoeffex\neoeffex-site\modelos\hamburgueria\node_modules\three\src\loaders\CompressedTextureLoader.js"
"88A54CDDA320D8422F4E580331421E4530E1F9D0EEBC48405FBE9B31826A47C9","D:\Projetos\Neoeffex\neoeffex-site\modelos\hamburgueria\node_modules\three\src\loaders\CubeTextureLoader.js"
"F7EA012B63D274438B1866AAD21F114C5F70FA9D45BBEE6F13AB7B5B432A1AEB","D:\Projetos\Neoeffex\neoeffex-site\modelos\hamburgueria\node_modules\three\src\loaders\DataTextureLoader.js"
"848679EC402F63CFA73EE7D4BA23B250E2A460BE41D1F7160DCC2EC0262F0336","D:\Projetos\Neoeffex\neoeffex-site\modelos\hamburgueria\node_modules\three\src\loaders\FileLoader.js"
"D85203BE220664C8633DD8B4B80615CF806B77BFDBE9BE94AA29E84485178F18","D:\Projetos\Neoeffex\neoeffex-site\modelos\hamburgueria\node_modules\three\src\loaders\ImageBitmapLoader.js"
"A58F160C3734A50564520029E34796B5043E5F7D54C4E63B4BCCB9C084D46C91","D:\Projetos\Neoeffex\neoeffex-site\modelos\hamburgueria\node_modules\three\src\loaders\ImageLoader.js"
"27554C200797C34762CE4B3A09E908BE2EEFA96DE153E2D43EEC24815DE79AD8","D:\Projetos\Neoeffex\neoeffex-site\modelos\hamburgueria\node_modules\three\src\loaders\Loader.js"
"C5917991BC2F17EDAE2034996CAC2D960F0288859CF1D173C049064CDAC90311","D:\Projetos\Neoeffex\neoeffex-site\modelos\hamburgueria\node_modules\three\src\loaders\LoaderUtils.js"
"A59B83415230E814F7B68177DAE75FDB511611D60AD6D38F48D579904A41C166","D:\Projetos\Neoeffex\neoeffex-site\modelos\hamburgueria\node_modules\three\src\loaders\LoadingManager.js"
"00B377CF61D354C05A2A85CA2174879A739C1BAA9FEF1DF9388192BBFB191449","D:\Projetos\Neoeffex\neoeffex-site\modelos\hamburgueria\node_modules\three\src\loaders\MaterialLoader.js"
"BE0882A3A965F287C1A279955CE2F8D71DF89E4D08E85B1A46A410C26F75FCF5","D:\Projetos\Neoeffex\neoeffex-site\modelos\hamburgueria\node_modules\three\src\loaders\ObjectLoader.js"
"3D2253B0761B70C856B97A2C55D9F7F57CA2C4EF5734BD1B3DDF3A1960A4DA59","D:\Projetos\Neoeffex\neoeffex-site\modelos\hamburgueria\node_modules\three\src\loaders\TextureLoader.js"
"5CA7BF69E737DBE936A2CCAFAB619DDC992B6D0DC4F833A9DEA5F26051740277","D:\Projetos\Neoeffex\neoeffex-site\modelos\hamburgueria\node_modules\three\src\loaders\nodes\NodeLoader.js"
"5818ED577636C3B22DBD2A456A4557C3D1E3AE030C043A32CFC49EA700E7B19E","D:\Projetos\Neoeffex\neoeffex-site\modelos\hamburgueria\node_modules\three\src\loaders\nodes\NodeMaterialLoader.js"
"E805145B43465638A0F26D0E983CF2A4F2C5C5455122319D8CB3298EB2555B1F","D:\Projetos\Neoeffex\neoeffex-site\modelos\hamburgueria\node_modules\three\src\loaders\nodes\NodeObjectLoader.js"
"2BB82C32011127E6B3C95085AEED590A7AEE48D3D9C020877CA6E8B7B41EE586","D:\Projetos\Neoeffex\neoeffex-site\modelos\hamburgueria\node_modules\three\src\materials\LineBasicMaterial.js"
"1C90AFE9B1B1BF82EB9CECD0A43672F5BB11C275E36ECEC9B6F7CBD5AB52AFA3","D:\Projetos\Neoeffex\neoeffex-site\modelos\hamburgueria\node_modules\three\src\materials\LineDashedMaterial.js"
"D977355F1B5B1EBD37877A56B1DE72E2ECBF97FE7AD0EE982BB2BA4DF88BBEB7","D:\Projetos\Neoeffex\neoeffex-site\modelos\hamburgueria\node_modules\three\src\materials\Material.js"
"C6593291701ABD43F3C247ED307D01D1D7CA0A5D9A11F51378AC90BCDBF9DEEF","D:\Projetos\Neoeffex\neoeffex-site\modelos\hamburgueria\node_modules\three\src\materials\Materials.js"
"0D6164BDA952D2039FE60AE63A834D6C8A375A8A7DFFC7985EECEB3A721DBE67","D:\Projetos\Neoeffex\neoeffex-site\modelos\hamburgueria\node_modules\three\src\materials\MeshBasicMaterial.js"
"DCD430238EBEE89E35D788CA4EEB6DFBBEDF014A1C5BB7181EAC4A943CBC8A9F","D:\Projetos\Neoeffex\neoeffex-site\modelos\hamburgueria\node_modules\three\src\materials\MeshDepthMaterial.js"
"BE11E48C8629FBE5E4648AFF3DE4664EFE4D038DDE89B837371EF654A4C85353","D:\Projetos\Neoeffex\neoeffex-site\modelos\hamburgueria\node_modules\three\src\materials\MeshDistanceMaterial.js"
"04365701F204F233695C2B5540D2D48CA8D8DECB7BB0935AA9ADE3E70ACF698C","D:\Projetos\Neoeffex\neoeffex-site\modelos\hamburgueria\node_modules\three\src\materials\MeshLambertMaterial.js"
"20E49BA2DFCE49A1450B92287B1F3F785683A79B78CAE008920F039E66E66A4E","D:\Projetos\Neoeffex\neoeffex-site\modelos\hamburgueria\node_modules\three\src\materials\MeshMatcapMaterial.js"
"88BDFABDACB5527305457457A03960F4629826F6B0DC6606F7BD4F7A7FBFA9B6","D:\Projetos\Neoeffex\neoeffex-site\modelos\hamburgueria\node_modules\three\src\materials\MeshNormalMaterial.js"
"37BD4A299BBC615DA153778229531A341C694788975F2F1A432CFA2DCD066966","D:\Projetos\Neoeffex\neoeffex-site\modelos\hamburgueria\node_modules\three\src\materials\MeshPhongMaterial.js"
"5BA6C498E40ABE1898D028DF0636E60FF8C251C3A692427F2C7EBA7E174DEEFB","D:\Projetos\Neoeffex\neoeffex-site\modelos\hamburgueria\node_modules\three\src\materials\MeshPhysicalMaterial.js"
"7EA8F529D355B7BAF1F6A4F1AE59A57AAAAD2959BE26BBA45162480A89F5B03A","D:\Projetos\Neoeffex\neoeffex-site\modelos\hamburgueria\node_modules\three\src\materials\MeshStandardMaterial.js"
"E3AD405A79DB3066097ACA6FDE8B473457CAA3F329C067A87919318DF084EA34","D:\Projetos\Neoeffex\neoeffex-site\modelos\hamburgueria\node_modules\three\src\materials\MeshToonMaterial.js"
"02E6E56CAEBFE92ED72A2337CA3919D2EF2710C8F9C4E732452065599A863422","D:\Projetos\Neoeffex\neoeffex-site\modelos\hamburgueria\node_modules\three\src\materials\PointsMaterial.js"
"B56B8D5D650541460354E86001A8C2737912BD03280AD5EBE92D92C8A6D06BDE","D:\Projetos\Neoeffex\neoeffex-site\modelos\hamburgueria\node_modules\three\src\materials\RawShaderMaterial.js"
"F6D33C01FFF860F802E20126B1533892E6BD88419EAA705AF8154171557FDD38","D:\Projetos\Neoeffex\neoeffex-site\modelos\hamburgueria\node_modules\three\src\materials\ShaderMaterial.js"
"9DE4022504A8DA0934569C8D125E00D6309892AF78D3C485DAC0C02E909EFC40","D:\Projetos\Neoeffex\neoeffex-site\modelos\hamburgueria\node_modules\three\src\materials\ShadowMaterial.js"
"BB644FE345BD93E59EE92DC20119A9841FF8D86B6BB5BE0EBC3980A61860E62C","D:\Projetos\Neoeffex\neoeffex-site\modelos\hamburgueria\node_modules\three\src\materials\SpriteMaterial.js"
"D9FC3C347ED82787A80FEDAD9AB102E2CFF0F6534E7CD074C7E459F7B97FC6CF","D:\Projetos\Neoeffex\neoeffex-site\modelos\hamburgueria\node_modules\three\src\materials\nodes\Line2NodeMaterial.js"
"A4E42B7314B8EB102463928793BC2F64BBA883C02FAABFFE2C563B90521A3CE2","D:\Projetos\Neoeffex\neoeffex-site\modelos\hamburgueria\node_modules\three\src\materials\nodes\LineBasicNodeMaterial.js"
"4719F9870BA3597093AC9C4E51B00C8627DA2725879C9FC7F548B2ACF2DA820B","D:\Projetos\Neoeffex\neoeffex-site\modelos\hamburgueria\node_modules\three\src\materials\nodes\LineDashedNodeMaterial.js"
"D9A20AD42CEDF47E9F7C309FD390C9C2D05BB2823D371DEA69F47547E97E0351","D:\Projetos\Neoeffex\neoeffex-site\modelos\hamburgueria\node_modules\three\src\materials\nodes\MeshBasicNodeMaterial.js"
"9C73FDA2F2129581B7F3198F60EBE4C7919E64B36CD9AE0D5366A9571BED8263","D:\Projetos\Neoeffex\neoeffex-site\modelos\hamburgueria\node_modules\three\src\materials\nodes\MeshLambertNodeMaterial.js"
"C4E193B353B5DDD0282360498AA4185073891015DA687E1B041CBE1BD8AEA828","D:\Projetos\Neoeffex\neoeffex-site\modelos\hamburgueria\node_modules\three\src\materials\nodes\MeshMatcapNodeMaterial.js"
"99C97474FB64B2EBB3B8BE3AA21F2341EE57344C98F9465D0E02C2394215372C","D:\Projetos\Neoeffex\neoeffex-site\modelos\hamburgueria\node_modules\three\src\materials\nodes\MeshNormalNodeMaterial.js"
"BFACCBE942D4A754138480013EC7C8629042BB26B50E489BEDA712F8061921B1","D:\Projetos\Neoeffex\neoeffex-site\modelos\hamburgueria\node_modules\three\src\materials\nodes\MeshPhongNodeMaterial.js"
"839001AFBE3CBA1F8AF581F79955CDD3999E6ACE2ED091BF9965DCE495F79410","D:\Projetos\Neoeffex\neoeffex-site\modelos\hamburgueria\node_modules\three\src\materials\nodes\MeshPhysicalNodeMaterial.js"
"B80B594649D8D3351A74957B8197AD57E85398DFF38C41043FA5042B192CB723","D:\Projetos\Neoeffex\neoeffex-site\modelos\hamburgueria\node_modules\three\src\materials\nodes\MeshSSSNodeMaterial.js"
"034D23274D96286C169CA047515D8B9EDFC25825F44AD33D5439961C6C6D0AAB","D:\Projetos\Neoeffex\neoeffex-site\modelos\hamburgueria\node_modules\three\src\materials\nodes\MeshStandardNodeMaterial.js"
"7B5BE02F0FF22FDE873B55EF722A3A6CCCFA3CB777E6FD730BEF032D43BEB3A7","D:\Projetos\Neoeffex\neoeffex-site\modelos\hamburgueria\node_modules\three\src\materials\nodes\MeshToonNodeMaterial.js"
"444B2E1E3AD3F3D9BBF601B0C96143700ACEDF3B3D3FC2399578ECE374F92B85","D:\Projetos\Neoeffex\neoeffex-site\modelos\hamburgueria\node_modules\three\src\materials\nodes\NodeMaterial.js"
"1EEC1D9415926E2F238213B77DA5B314943FA7EB5FBC186BDE0B864285D8A0E0","D:\Projetos\Neoeffex\neoeffex-site\modelos\hamburgueria\node_modules\three\src\materials\nodes\NodeMaterials.js"
"AB656B4AA057DA8C0D7E449EBF678E896889FFA935D09AF95BA0ACAF252DE3F0","D:\Projetos\Neoeffex\neoeffex-site\modelos\hamburgueria\node_modules\three\src\materials\nodes\PointsNodeMaterial.js"
"8F60EA3960C1BB7FD4976C543EDBBA48D65AABA71BF123FC00DF5FBEB66DBEB6","D:\Projetos\Neoeffex\neoeffex-site\modelos\hamburgueria\node_modules\three\src\materials\nodes\ShadowNodeMaterial.js"
"CDD0EC39334BE922ADA30B436D426B8E1245C563B06210A6D7501D60BAC5347C","D:\Projetos\Neoeffex\neoeffex-site\modelos\hamburgueria\node_modules\three\src\materials\nodes\SpriteNodeMaterial.js"
"B53FA2AB764FEEFA95B90BE3F3726A2B09B084A950B8C15DE4B135F2347D87AF","D:\Projetos\Neoeffex\neoeffex-site\modelos\hamburgueria\node_modules\three\src\materials\nodes\VolumeNodeMaterial.js"
"122FB053FF3AC3145DC2368D5E1944DB51249AF474A03DE9FACDECF9C1C36235","D:\Projetos\Neoeffex\neoeffex-site\modelos\hamburgueria\node_modules\three\src\materials\nodes\manager\NodeMaterialObserver.js"
"BAAF24E705DA19647786513503D796103A4F0094467F4544C2DF0BCEC46E5CD0","D:\Projetos\Neoeffex\neoeffex-site\modelos\hamburgueria\node_modules\three\src\math\Box2.js"
"C6F2F558DAEB99E2B7E68F532D03D0C4CA987CFBDE836EFFFF0CBA9CBCBD2B48","D:\Projetos\Neoeffex\neoeffex-site\modelos\hamburgueria\node_modules\three\src\math\Box3.js"
"3B63450E77D87C2A36CF9432C7F48CB9E748E7555391197205AEE6FADA202FCA","D:\Projetos\Neoeffex\neoeffex-site\modelos\hamburgueria\node_modules\three\src\math\Color.js"
"76F560BDB0E6416201956EAB011A7ADB198C8306BE9BBC2D506CD0865D5681B4","D:\Projetos\Neoeffex\neoeffex-site\modelos\hamburgueria\node_modules\three\src\math\ColorManagement.js"
"567056D2812F6DC86B24F047C97B478687D25989CCB13BA9F7C840BCCFA71A2E","D:\Projetos\Neoeffex\neoeffex-site\modelos\hamburgueria\node_modules\three\src\math\Cylindrical.js"
"C2BA362436CC6F5B2385F51795F25B3A3751770B408B137B71C925B95FF0C2B2","D:\Projetos\Neoeffex\neoeffex-site\modelos\hamburgueria\node_modules\three\src\math\Euler.js"
"2332E8D732AACE16957AF57F82733969416827A4CFAD8D5BEA338FEE9F082077","D:\Projetos\Neoeffex\neoeffex-site\modelos\hamburgueria\node_modules\three\src\math\Frustum.js"
"39BED7BFDFE600E3331C3638E044ECF30E825C8B3AF2462DCB867DF0DD22E6D1","D:\Projetos\Neoeffex\neoeffex-site\modelos\hamburgueria\node_modules\three\src\math\FrustumArray.js"
"97F46A1C37A03F832FAFD92841BAC4DD7EBB14A5769ED1723C31EE8C10F47968","D:\Projetos\Neoeffex\neoeffex-site\modelos\hamburgueria\node_modules\three\src\math\Interpolant.js"
"9AF929ECBEFFEDB639EF1E97DE2C50E2198912F2214A7353CD6F9622B7EDC0BE","D:\Projetos\Neoeffex\neoeffex-site\modelos\hamburgueria\node_modules\three\src\math\Line3.js"
"79D1D7283D6855CFAB6F8E810A183F655CDBDBE4C1A1CF30DAE81F93AE28C549","D:\Projetos\Neoeffex\neoeffex-site\modelos\hamburgueria\node_modules\three\src\math\MathUtils.js"
"58BAA96B5DAF5C07A11A289333AC552D57CD04872FA32E6A75CC6CEA1D8D3B29","D:\Projetos\Neoeffex\neoeffex-site\modelos\hamburgueria\node_modules\three\src\math\Matrix2.js"
"E7F675D84BC640979658AE47FA7C6C0AEDF186BFC14B1EE03086EBCAAB18908B","D:\Projetos\Neoeffex\neoeffex-site\modelos\hamburgueria\node_modules\three\src\math\Matrix3.js"
"B6D429302C12005A69C88E0885E3B1FB0398EAC274C3CABE78F0F6234BF19A31","D:\Projetos\Neoeffex\neoeffex-site\modelos\hamburgueria\node_modules\three\src\math\Matrix4.js"
"1F889231C2FDC3E28FB0EFAF683F7A38A8244A70CCC444E38CAEDF40146E40EC","D:\Projetos\Neoeffex\neoeffex-site\modelos\hamburgueria\node_modules\three\src\math\Plane.js"
"55779E1DF34ECB631773BF97FEFDF4B81E762CF2C13273BA5D4D2C91CDE0C67F","D:\Projetos\Neoeffex\neoeffex-site\modelos\hamburgueria\node_modules\three\src\math\Quaternion.js"
"602318AEA40BF007A542FB6562D12D21A41D2E4CBB0AEC5B86EDD757E32DDD69","D:\Projetos\Neoeffex\neoeffex-site\modelos\hamburgueria\node_modules\three\src\math\Ray.js"
"E7BDB37E02F780630B0DCC2337DE92844BE810B911F5C8391372023B27568808","D:\Projetos\Neoeffex\neoeffex-site\modelos\hamburgueria\node_modules\three\src\math\Sphere.js"
"DC2B649FDC5AB2387F27DCF3024A4EB2971EE1578E709F6BCDCD89845D08E64E","D:\Projetos\Neoeffex\neoeffex-site\modelos\hamburgueria\node_modules\three\src\math\Spherical.js"
"D5C5E747BDCABBD599115A711427DAD497DED3D3ACF788A240AA3032F9BEBC0B","D:\Projetos\Neoeffex\neoeffex-site\modelos\hamburgueria\node_modules\three\src\math\SphericalHarmonics3.js"
"B09B9273D63DE11F1D29CDC7BA99CC1EDCA693615E7EA1E37732C51EE3A466D6","D:\Projetos\Neoeffex\neoeffex-site\modelos\hamburgueria\node_modules\three\src\math\Triangle.js"
"53926DAA6AFC73BE40F3206A7AE768EFCE4BB1355DEF95EBD69E31F12AAB32A5","D:\Projetos\Neoeffex\neoeffex-site\modelos\hamburgueria\node_modules\three\src\math\Vector2.js"
"1BED22D35A17A240ECFDC2682F36B458DB30D04B99041699868EB58E47B2B5CA","D:\Projetos\Neoeffex\neoeffex-site\modelos\hamburgueria\node_modules\three\src\math\Vector3.js"
"90CC363D1AE7FF51C7856EAB48117EE0FAF044E90151659683E30FD529963690","D:\Projetos\Neoeffex\neoeffex-site\modelos\hamburgueria\node_modules\three\src\math\Vector4.js"
"71BB5BDA3A58436B64778158C8501F843DE7980CE8F86CE5ECD7E4457D997CA3","D:\Projetos\Neoeffex\neoeffex-site\modelos\hamburgueria\node_modules\three\src\math\interpolants\CubicInterpolant.js"
"709EAF1E453A89CE3393B97113C9C2C162F33BE3A67491A49FA5AC7B81CF7A30","D:\Projetos\Neoeffex\neoeffex-site\modelos\hamburgueria\node_modules\three\src\math\interpolants\DiscreteInterpolant.js"
"BB7C547EB069694E795FE360FD68B4925E2427793ECA7B997E4558513BAD5D49","D:\Projetos\Neoeffex\neoeffex-site\modelos\hamburgueria\node_modules\three\src\math\interpolants\LinearInterpolant.js"
"0BA036B170BF0260B0A863BA21FD3F101302BAB9102583B11E6AD9D2C119D659","D:\Projetos\Neoeffex\neoeffex-site\modelos\hamburgueria\node_modules\three\src\math\interpolants\QuaternionLinearInterpolant.js"
"8F98054F6D157FED13F39A8DEC09C935065259D6A0163A1E8C8C6B928D485DBD","D:\Projetos\Neoeffex\neoeffex-site\modelos\hamburgueria\node_modules\three\src\nodes\Nodes.js"
"34AB61AF2863B319C1042CE9A5FEFFB0F3C81BCEB370337F5FABFBA650E06210","D:\Projetos\Neoeffex\neoeffex-site\modelos\hamburgueria\node_modules\three\src\nodes\TSL.js"
"D7C6259E6D243804DEF9337577165E5ECA007389A883D79E20C4A62860741D80","D:\Projetos\Neoeffex\neoeffex-site\modelos\hamburgueria\node_modules\three\src\nodes\accessors\AccessorsUtils.js"
"5DF485E8CDD0DFD1BBD83075D5F8D85A10BA002321D521977D2B77CDB3275485","D:\Projetos\Neoeffex\neoeffex-site\modelos\hamburgueria\node_modules\three\src\nodes\accessors\Arrays.js"
"FCCC9E1687381DEC20B120A11E5D20E7FC47B0F88F4C7E7A5738BDAF464F6432","D:\Projetos\Neoeffex\neoeffex-site\modelos\hamburgueria\node_modules\three\src\nodes\accessors\BatchNode.js"
"599ECAFEE096455C66A5D4785941B551B2063C6319A2CFA37044BDD188BA8B7A","D:\Projetos\Neoeffex\neoeffex-site\modelos\hamburgueria\node_modules\three\src\nodes\accessors\Bitangent.js"
"0A8236D09F5E52D7B86FB4ACEC7327DCE593B3C40487FBAF427F37A3411D304A","D:\Projetos\Neoeffex\neoeffex-site\modelos\hamburgueria\node_modules\three\src\nodes\accessors\BufferAttributeNode.js"
"2A806D46373F9E159BC19BD7AC6F9B95D4BCEA698FEAF173EBC5DFE46E6644B6","D:\Projetos\Neoeffex\neoeffex-site\modelos\hamburgueria\node_modules\three\src\nodes\accessors\BufferNode.js"
"463EB955A422CB47CBC475A1AE43CF80A9001F316E9B0CC035B1965B68A6E455","D:\Projetos\Neoeffex\neoeffex-site\modelos\hamburgueria\node_modules\three\src\nodes\accessors\BuiltinNode.js"
"0A6EF7120A9A60BDB02F205D2D9C0D00950E49D3FA9D8675A8CC815BDB557D43","D:\Projetos\Neoeffex\neoeffex-site\modelos\hamburgueria\node_modules\three\src\nodes\accessors\Camera.js"
"5D2BCF9EDC6A462AE7CDEC7B67F787FC385F8F68D0871DB945521D8925CF0946","D:\Projetos\Neoeffex\neoeffex-site\modelos\hamburgueria\node_modules\three\src\nodes\accessors\ClippingNode.js"
"740B366B793086BDBC421121CB49391B231C9C73F739D5B6816EE46BDD79AC3C","D:\Projetos\Neoeffex\neoeffex-site\modelos\hamburgueria\node_modules\three\src\nodes\accessors\CubeTextureNode.js"
"FBB6339E89D68F51246DE715D1E264D352E675592E30C5BDAF8F3A0BDFCB0CE2","D:\Projetos\Neoeffex\neoeffex-site\modelos\hamburgueria\node_modules\three\src\nodes\accessors\InstancedMeshNode.js"
"43240E8648F4BC52695DB761DFED55DF752707AAE531E9E28D1CD24301952CB6","D:\Projetos\Neoeffex\neoeffex-site\modelos\hamburgueria\node_modules\three\src\nodes\accessors\InstanceNode.js"
"1DDE525905AEE481B18685968036862ABC7DC0C4C15147A32E06F7A9717F768A","D:\Projetos\Neoeffex\neoeffex-site\modelos\hamburgueria\node_modules\three\src\nodes\accessors\Lights.js"
"1B29A4D479C4F4183ED742E0928CF73965E204644239B618201AE1AECDC631EB","D:\Projetos\Neoeffex\neoeffex-site\modelos\hamburgueria\node_modules\three\src\nodes\accessors\MaterialNode.js"
"391811A6C7F00D683872AFF48F12A0CDD2339132CA35456E4E042D6987673CE9","D:\Projetos\Neoeffex\neoeffex-site\modelos\hamburgueria\node_modules\three\src\nodes\accessors\MaterialProperties.js"
"2F492F17B93EEE9819345D08D400A53A32F458E67630C817D1BDF84498E61A0D","D:\Projetos\Neoeffex\neoeffex-site\modelos\hamburgueria\node_modules\three\src\nodes\accessors\MaterialReferenceNode.js"
"51574BB987505EF6673ADAC9C03623A381A462CF6EED94DE960F3C2C82E598F3","D:\Projetos\Neoeffex\neoeffex-site\modelos\hamburgueria\node_modules\three\src\nodes\accessors\ModelNode.js"
"1A9E38BEE43217A393FF32916CB7E7ED8B8281855D9FB9ABFCE5B2DA58BD1F7B","D:\Projetos\Neoeffex\neoeffex-site\modelos\hamburgueria\node_modules\three\src\nodes\accessors\ModelViewProjectionNode.js"
"C5E52C4F650A6264606CA5364DFF76FA3A7944F9E62BD1B984414289B7100613","D:\Projetos\Neoeffex\neoeffex-site\modelos\hamburgueria\node_modules\three\src\nodes\accessors\MorphNode.js"
"3EE8542BA26BF20CD9BE19A92C718C1594578E546003C27F687FCE4D98969EB9","D:\Projetos\Neoeffex\neoeffex-site\modelos\hamburgueria\node_modules\three\src\nodes\accessors\Normal.js"
"71B91E4244EB91E1E09D3161207F7F7C56D2B0A57693CE02C81100C1DD7B5BBC","D:\Projetos\Neoeffex\neoeffex-site\modelos\hamburgueria\node_modules\three\src\nodes\accessors\Object3DNode.js"
"DDFC97BE838D7811C704931CBBECE2DD27D5B9FC3991B5D94FEECF8B2539E20D","D:\Projetos\Neoeffex\neoeffex-site\modelos\hamburgueria\node_modules\three\src\nodes\accessors\PointUVNode.js"
"DD3808648DBFAD4907D08ABC937E65D0C3D863BA4D6885D40BDC45B6BC8ECE49","D:\Projetos\Neoeffex\neoeffex-site\modelos\hamburgueria\node_modules\three\src\nodes\accessors\Position.js"
"00BE6C2DBD001F4547B199D495DDE1F773CA5CDF1DFA8F1DC1D3D515E151B33C","D:\Projetos\Neoeffex\neoeffex-site\modelos\hamburgueria\node_modules\three\src\nodes\accessors\ReferenceBaseNode.js"
"386569AED92CC53BD1EEC093D5668C6473305F038A22F81D621C85A283494D73","D:\Projetos\Neoeffex\neoeffex-site\modelos\hamburgueria\node_modules\three\src\nodes\accessors\ReferenceNode.js"
"35F7CDD33312AD0208CD1252529B6D8656586C0608F5CC6494509A50120AD9B9","D:\Projetos\Neoeffex\neoeffex-site\modelos\hamburgueria\node_modules\three\src\nodes\accessors\ReflectVector.js"
"C4349FE96EEFB3E121B6941EAA8B612CA83F27E04AF9FE5B7CBC96D85F2411A5","D:\Projetos\Neoeffex\neoeffex-site\modelos\hamburgueria\node_modules\three\src\nodes\accessors\RendererReferenceNode.js"
"C751772EBC9CBC6643876E190B0C2AF6519ADFB2689B68E1AE84C2E331AA8149","D:\Projetos\Neoeffex\neoeffex-site\modelos\hamburgueria\node_modules\three\src\nodes\accessors\SceneNode.js"
"A0C93C5C36021CC660841E347A976FA2985F767C538C5B3B345DE80FB69B4572","D:\Projetos\Neoeffex\neoeffex-site\modelos\hamburgueria\node_modules\three\src\nodes\accessors\SkinningNode.js"
"5BEB2869958FB9FF7A942E32D99CF8D7991621DCDC9666B86CC085800CBBCCAD","D:\Projetos\Neoeffex\neoeffex-site\modelos\hamburgueria\node_modules\three\src\nodes\accessors\StorageBufferNode.js"
"9803BBD0B8DE7FBCA2D5EF812CB50FF80F113601FF1F3DAC00FEA98B4AA0C918","D:\Projetos\Neoeffex\neoeffex-site\modelos\hamburgueria\node_modules\three\src\nodes\accessors\StorageTextureNode.js"
"1B340139EF4B73656FBB5428D7CA80D67F57E476C547577337687EC7F7D1F5A0","D:\Projetos\Neoeffex\neoeffex-site\modelos\hamburgueria\node_modules\three\src\nodes\accessors\Tangent.js"
"B0AE2D345CD1E2ACCF4FC691620383D1CD69480F8DF06FB1505A628EBC4D7C04","D:\Projetos\Neoeffex\neoeffex-site\modelos\hamburgueria\node_modules\three\src\nodes\accessors\TangentUtils.js"
"32790447F07053719912260E4D9A73F217BB574C773726E66BBE96C84E616C39","D:\Projetos\Neoeffex\neoeffex-site\modelos\hamburgueria\node_modules\three\src\nodes\accessors\Texture3DNode.js"
"86A5A0078E88ADEB835F7A618310DD669757932C6E26BDF898BEA9B62B28BA52","D:\Projetos\Neoeffex\neoeffex-site\modelos\hamburgueria\node_modules\three\src\nodes\accessors\TextureBicubic.js"
"A8323F6D977FAEFAD3BF38F6DA92F36B9273E48CEA7C5889A1C4BCAA33F4EA14","D:\Projetos\Neoeffex\neoeffex-site\modelos\hamburgueria\node_modules\three\src\nodes\accessors\TextureNode.js"
"A8BAE911229871017064135BACF40D762DC794BF41EB769D315F79A177FAB3E7","D:\Projetos\Neoeffex\neoeffex-site\modelos\hamburgueria\node_modules\three\src\nodes\accessors\TextureSizeNode.js"
"A72720046EC5DB75DAA3275BC822B32F65394EAB971742904903AC0F2EB20FCF","D:\Projetos\Neoeffex\neoeffex-site\modelos\hamburgueria\node_modules\three\src\nodes\accessors\UniformArrayNode.js"
"25BC2C3278FFA630A8F3716667A4BA64305F3A7C469261A6DBE137759FB7EAD7","D:\Projetos\Neoeffex\neoeffex-site\modelos\hamburgueria\node_modules\three\src\nodes\accessors\UserDataNode.js"
"AB66AFD6261DF9EF1A6C5FF64AB3A2381C421F3733EC372B91FB1CF5445745CC","D:\Projetos\Neoeffex\neoeffex-site\modelos\hamburgueria\node_modules\three\src\nodes\accessors\UV.js"
"E9DE8E0A3E7DA47D9AD37EB31DE4773F502D6B2EEE40C31A33CB2B904AB39E94","D:\Projetos\Neoeffex\neoeffex-site\modelos\hamburgueria\node_modules\three\src\nodes\accessors\VelocityNode.js"
"6F53B6A8E3448002755F4088234ABD1E5935C3A3FD06BEFC58FB507BFCBD4FC6","D:\Projetos\Neoeffex\neoeffex-site\modelos\hamburgueria\node_modules\three\src\nodes\accessors\VertexColorNode.js"
"F41D5EFC80922E377B0D41B9FBA2EC5CB35F960BDE6A7885B69D760A1A3349E3","D:\Projetos\Neoeffex\neoeffex-site\modelos\hamburgueria\node_modules\three\src\nodes\code\CodeNode.js"
"9B5B020540CE76714A8BB7C511061B69BC6FB7AACBE9CE7B73C1DAC553492208","D:\Projetos\Neoeffex\neoeffex-site\modelos\hamburgueria\node_modules\three\src\nodes\code\ExpressionNode.js"
"E17C5ECD79D2F45D248C3FB4DAE29A1BF5D44646E63AABAF32E6A09644E93DDC","D:\Projetos\Neoeffex\neoeffex-site\modelos\hamburgueria\node_modules\three\src\nodes\code\FunctionCallNode.js"
"919C06CD20A37DC5959570344A0C90FA47F03961B9CFC9A8B2924F251CA8D21F","D:\Projetos\Neoeffex\neoeffex-site\modelos\hamburgueria\node_modules\three\src\nodes\code\FunctionNode.js"
"BD01740910749358E28A8C89F3C0C51DEDD8CFC57B616196D7D68794BA8D3E97","D:\Projetos\Neoeffex\neoeffex-site\modelos\hamburgueria\node_modules\three\src\nodes\code\ScriptableNode.js"
"F1C9BB3B56395178F85F1C44797BBF77D174B99EAA8E97CDAE51FC2692C6D94B","D:\Projetos\Neoeffex\neoeffex-site\modelos\hamburgueria\node_modules\three\src\nodes\code\ScriptableValueNode.js"
"9CE36843A4AAAA62BEA5537C60F402879E01CCCA8F6A910298749ADC9D685D40","D:\Projetos\Neoeffex\neoeffex-site\modelos\hamburgueria\node_modules\three\src\nodes\core\ArrayNode.js"
"57996506B0F4BF7192E0723AF500840C2174A6FC8EA5941B33FC2E3C690683B0","D:\Projetos\Neoeffex\neoeffex-site\modelos\hamburgueria\node_modules\three\src\nodes\core\AssignNode.js"
"D2C8E6181D3976AF7A3E13194B53EDB433E860ECC0666250EBD165A759C4880F","D:\Projetos\Neoeffex\neoeffex-site\modelos\hamburgueria\node_modules\three\src\nodes\core\AttributeNode.js"
"52528B347B82BAA3477AFC071418947EBBD876A22BC2C387F826201C88A831C4","D:\Projetos\Neoeffex\neoeffex-site\modelos\hamburgueria\node_modules\three\src\nodes\core\BypassNode.js"
"A828D60E96CDE613910387674F34ED91ED3A46E8E52E5699D4B23277B016A34A","D:\Projetos\Neoeffex\neoeffex-site\modelos\hamburgueria\node_modules\three\src\nodes\core\CacheNode.js"
"D997F7CAA7FE5B1D0F0BF69F8B84695675D2379FF02A590CDE558E6660C95BF4","D:\Projetos\Neoeffex\neoeffex-site\modelos\hamburgueria\node_modules\three\src\nodes\core\constants.js"
"7CEE22F84F9D4264FB086726C73DA675D2885D32CF161A02272B0D24B124FCDC","D:\Projetos\Neoeffex\neoeffex-site\modelos\hamburgueria\node_modules\three\src\nodes\core\ConstNode.js"
"D89D41A0FB6F6ADA52C916AA11ACD6E75CFFFE31345D8FE2372ACB6F89CAD6D9","D:\Projetos\Neoeffex\neoeffex-site\modelos\hamburgueria\node_modules\three\src\nodes\core\ContextNode.js"
"B5C80BF3BF78C5A75DFD96998DC969B0291DBFE5FB06A0EE1B1714931CAD9C4E","D:\Projetos\Neoeffex\neoeffex-site\modelos\hamburgueria\node_modules\three\src\nodes\core\IndexNode.js"
"01B2CB04E07C6B5497C97296B2E4E88A46AF51DE8C6FC585927EDF2660275B68","D:\Projetos\Neoeffex\neoeffex-site\modelos\hamburgueria\node_modules\three\src\nodes\core\InputNode.js"
"5E7E400B03F37C27C58969DC5789DF144D0E94A539E3CD3BBF007FD6EF2F8479","D:\Projetos\Neoeffex\neoeffex-site\modelos\hamburgueria\node_modules\three\src\nodes\core\LightingModel.js"
"2E727ADD39DD9D1784E9A4113E5F5178ED750E2DDCC55364288CD9E9E5AA8F12","D:\Projetos\Neoeffex\neoeffex-site\modelos\hamburgueria\node_modules\three\src\nodes\core\MRTNode.js"
"AE6C9A2C16ADD9BBFA196CDEAB1584F69AED4ECBF2CFC8DD4BEF5E8BF836D679","D:\Projetos\Neoeffex\neoeffex-site\modelos\hamburgueria\node_modules\three\src\nodes\core\Node.js"
"9B9520C1FD1CC9D684397BF7CB8F1937A868CB7EE0E9610F9522138FFE312CDB","D:\Projetos\Neoeffex\neoeffex-site\modelos\hamburgueria\node_modules\three\src\nodes\core\NodeAttribute.js"
"4E08661EFB7138671AFCFC3CB1AEC9D2A206EAF94C063ED8E144B16B3D30B94C","D:\Projetos\Neoeffex\neoeffex-site\modelos\hamburgueria\node_modules\three\src\nodes\core\NodeBuilder.js"
"EA5BC07F1CFE6E7F523AF43F0893C4D3752A88B38AB6C4662465274B93D4FBCA","D:\Projetos\Neoeffex\neoeffex-site\modelos\hamburgueria\node_modules\three\src\nodes\core\NodeCache.js"
"A7589A497A1D80285E53ECEF09F19A6CD5534D3EDFC47934832294CF02890975","D:\Projetos\Neoeffex\neoeffex-site\modelos\hamburgueria\node_modules\three\src\nodes\core\NodeCode.js"
"DD370595F760B7B2F0E499ADE29641A1DB4309C0AB07C234FD5D986DF3082581","D:\Projetos\Neoeffex\neoeffex-site\modelos\hamburgueria\node_modules\three\src\nodes\core\NodeFrame.js"
"2D9EBC8A9B59CD1EFFF64C00B3A3139554D37A34C5557E2962C737F65F430A0E","D:\Projetos\Neoeffex\neoeffex-site\modelos\hamburgueria\node_modules\three\src\nodes\core\NodeFunction.js"
"8BA3091A5AF1448261DF36D2F8446FC1BB1E0ADF712ED79F40BC0F2974EC02F8","D:\Projetos\Neoeffex\neoeffex-site\modelos\hamburgueria\node_modules\three\src\nodes\core\NodeFunctionInput.js"
"60942619650A508603669A55D0C22923FCF89A1426DA36F193BBBCD8F1A7D349","D:\Projetos\Neoeffex\neoeffex-site\modelos\hamburgueria\node_modules\three\src\nodes\core\NodeParser.js"
"22C3D82FD88140351F076C415B8A2C0C42E1D7855F8C5AEB222C7990F1EBBCC3","D:\Projetos\Neoeffex\neoeffex-site\modelos\hamburgueria\node_modules\three\src\nodes\core\NodeUniform.js"
"9379A8C33C338D1102CDBE12D5D4AD02FCD40C2749259363051EF2C3156C1C13","D:\Projetos\Neoeffex\neoeffex-site\modelos\hamburgueria\node_modules\three\src\nodes\core\NodeUtils.js"
"66C8241C8667AB2AA1E4590F9C141924DD28B24BD67FF5F620E44631FAD94AEB","D:\Projetos\Neoeffex\neoeffex-site\modelos\hamburgueria\node_modules\three\src\nodes\core\NodeVar.js"
"2ECEA30617B8D9F2079BD88144CDB57EE31B4F7279B3721CB34CF5FC646C0EAF","D:\Projetos\Neoeffex\neoeffex-site\modelos\hamburgueria\node_modules\three\src\nodes\core\NodeVarying.js"
"970E0B6693348E1E4FFB8007673FF4BD140594348FAE5677A7AC78B8BE06B75A","D:\Projetos\Neoeffex\neoeffex-site\modelos\hamburgueria\node_modules\three\src\nodes\core\OutputStructNode.js"
"7AD207065144200275B2822E10C9C50FE69BCA0FE280DBEB1BF698EEC631BE3A","D:\Projetos\Neoeffex\neoeffex-site\modelos\hamburgueria\node_modules\three\src\nodes\core\ParameterNode.js"
"5DDA414EECF72AFF6515C141F17F0ACA83AF1C845A9222DB8E2EE4D638826A99","D:\Projetos\Neoeffex\neoeffex-site\modelos\hamburgueria\node_modules\three\src\nodes\core\PropertyNode.js"
"719EAC082BB8ABD7D99E6B9AAE4D0109FD7B157081CD7B383EF5A46DD3024965","D:\Projetos\Neoeffex\neoeffex-site\modelos\hamburgueria\node_modules\three\src\nodes\core\StackNode.js"
"BD4FE161083EEE5537FB3FD4265574230B346C48631EB14EBBDEAD56AEED856B","D:\Projetos\Neoeffex\neoeffex-site\modelos\hamburgueria\node_modules\three\src\nodes\core\StructNode.js"
"2127533EC08221D3BFDC5662D070CA8F3C9731C46D1A8C7F6742699EF97CD184","D:\Projetos\Neoeffex\neoeffex-site\modelos\hamburgueria\node_modules\three\src\nodes\core\StructType.js"
"A5804814D0CBD10349F216C9318194D278B13E751A27CAE8431BC5CFAAA5049A","D:\Projetos\Neoeffex\neoeffex-site\modelos\hamburgueria\node_modules\three\src\nodes\core\StructTypeNode.js"
"436CBFF9D6E2D011C0AD562EE5790E160272D4322AA0886E7141B03DE66FE3EC","D:\Projetos\Neoeffex\neoeffex-site\modelos\hamburgueria\node_modules\three\src\nodes\core\SubBuildNode.js"
"874DBCD71605AF420746D9EBD03A12DC33C60732EFFC007863FF82D549D24ED0","D:\Projetos\Neoeffex\neoeffex-site\modelos\hamburgueria\node_modules\three\src\nodes\core\TempNode.js"
"7A39D9AD1F5CE688AC15BDE4EE5F155A56DA5768C967A67D3A524734144B3C35","D:\Projetos\Neoeffex\neoeffex-site\modelos\hamburgueria\node_modules\three\src\nodes\core\UniformGroupNode.js"
"488E075F56E305569023DB1A7540D4F1F790D51ED6CD5DFF220265F04B80C263","D:\Projetos\Neoeffex\neoeffex-site\modelos\hamburgueria\node_modules\three\src\nodes\core\UniformNode.js"
"464C7BA59ACF88454EEF7219944AFFCBA1F3D5C04A22B63C6F51561F54D26DC4","D:\Projetos\Neoeffex\neoeffex-site\modelos\hamburgueria\node_modules\three\src\nodes\core\VarNode.js"
"E1BDFA44D21AC3CE70570F0C521E8C9421F4A72CDA3BC0C1C8381170EFFD1D15","D:\Projetos\Neoeffex\neoeffex-site\modelos\hamburgueria\node_modules\three\src\nodes\core\VaryingNode.js"
"E0336AFC43D4542B81ED5B1A968747F1C34D592ABB6A0AE090DCF3AAB426A692","D:\Projetos\Neoeffex\neoeffex-site\modelos\hamburgueria\node_modules\three\src\nodes\display\BlendModes.js"
"9E23282F4676190E6C0FBCF76D958890ECBED56646861B3C8197BEE40FBC8591","D:\Projetos\Neoeffex\neoeffex-site\modelos\hamburgueria\node_modules\three\src\nodes\display\BumpMapNode.js"
"F09BB87CFDA67FDA6E769458049869D49F48C9CF908F4537265449259B53E846","D:\Projetos\Neoeffex\neoeffex-site\modelos\hamburgueria\node_modules\three\src\nodes\display\ColorAdjustment.js"
"7E4BB9713BBB2D0746338A9EA07008611641B2180C9F00A63FDE6D3066BBBEA7","D:\Projetos\Neoeffex\neoeffex-site\modelos\hamburgueria\node_modules\three\src\nodes\display\ColorSpaceFunctions.js"
"C873BA37C486B2F07F8355B958341371FC909C97F53B4D79683EE4BCF9C4BDCB","D:\Projetos\Neoeffex\neoeffex-site\modelos\hamburgueria\node_modules\three\src\nodes\display\ColorSpaceNode.js"
"FB21ECA7BDBD386B27532F85D7226432041D98FE819AF82CE4011E518CB0229B","D:\Projetos\Neoeffex\neoeffex-site\modelos\hamburgueria\node_modules\three\src\nodes\display\FrontFacingNode.js"
"27B9865238087EC2A837123CB61CD9B3D62932A4D75807EF0D038EC60E7BCBF0","D:\Projetos\Neoeffex\neoeffex-site\modelos\hamburgueria\node_modules\three\src\nodes\display\NormalMapNode.js"
"80BEBE6CC863D762C2700F26DF77D2B647983A76F8C7C8B733BD0AF2CD71A055","D:\Projetos\Neoeffex\neoeffex-site\modelos\hamburgueria\node_modules\three\src\nodes\display\PassNode.js"
"1552F385DBF7B467388BD5046F149B672E8DD882EF68AF4D9AB0C49F1CC380FE","D:\Projetos\Neoeffex\neoeffex-site\modelos\hamburgueria\node_modules\three\src\nodes\display\PosterizeNode.js"
"AA991FEA94B39CFC14446FB0C4CEBACD90C0386B4FE1EDA4D785F4AC84B3C66F","D:\Projetos\Neoeffex\neoeffex-site\modelos\hamburgueria\node_modules\three\src\nodes\display\RenderOutputNode.js"
"F8529DBD69BF3CB57AAA57948386EC57A0425052FBE305EE71BFBDB8255EFE0B","D:\Projetos\Neoeffex\neoeffex-site\modelos\hamburgueria\node_modules\three\src\nodes\display\ScreenNode.js"
"5D35DED1F71A06CEBFD69B307E4902243B663FF1B5335D1DE2D71123DDB05266","D:\Projetos\Neoeffex\neoeffex-site\modelos\hamburgueria\node_modules\three\src\nodes\display\ToneMappingFunctions.js"
"96D1CB5D26AFA1E2520B389EE61E05627B5ED2768DAE324E82DC3465A3363943","D:\Projetos\Neoeffex\neoeffex-site\modelos\hamburgueria\node_modules\three\src\nodes\display\ToneMappingNode.js"
"ACA116DEBFBC9E33F1045AF200AC9509E76D90FD4D8213B750A200DB0B50196F","D:\Projetos\Neoeffex\neoeffex-site\modelos\hamburgueria\node_modules\three\src\nodes\display\ToonOutlinePassNode.js"
"3A6C4EEBE78B4E8F4788384D9E5566E3B7297D5CF765183FD7885D39FA22E602","D:\Projetos\Neoeffex\neoeffex-site\modelos\hamburgueria\node_modules\three\src\nodes\display\ViewportDepthNode.js"
"D04DD47B39E50E57A183B9376409E2A0B3C5D417204788558D1BEDA55B50E0B4","D:\Projetos\Neoeffex\neoeffex-site\modelos\hamburgueria\node_modules\three\src\nodes\display\ViewportDepthTextureNode.js"
"76F472B139AC76C555AD565A20E1EA92C581ACAA3F8E70AD0C3258F5CBFE50DA","D:\Projetos\Neoeffex\neoeffex-site\modelos\hamburgueria\node_modules\three\src\nodes\display\ViewportSharedTextureNode.js"
"E0F7C9DB313711BF1D64DC3E1C342986E82DBC5D131A382DE2D2ACC36A6033FD","D:\Projetos\Neoeffex\neoeffex-site\modelos\hamburgueria\node_modules\three\src\nodes\display\ViewportTextureNode.js"
"40BE7E9D91C8417690504CA8D450D5CEAEB4E15F957699ACC697F69F3DE688EE","D:\Projetos\Neoeffex\neoeffex-site\modelos\hamburgueria\node_modules\three\src\nodes\fog\Fog.js"
"A892CB6801714D18816510B85447A4A543B29E295B9B2E05EE303D109C59A3DA","D:\Projetos\Neoeffex\neoeffex-site\modelos\hamburgueria\node_modules\three\src\nodes\functions\BasicLightingModel.js"
"0EE1088014A42A67EA78F45E0305434748A27795785F58B6EA4BFC3F9D3B236E","D:\Projetos\Neoeffex\neoeffex-site\modelos\hamburgueria\node_modules\three\src\nodes\functions\PhongLightingModel.js"
"886B03BECCD283AFDF5FA1991E3B695F13641701A7B711A90A00AACCC40DCFCB","D:\Projetos\Neoeffex\neoeffex-site\modelos\hamburgueria\node_modules\three\src\nodes\functions\PhysicalLightingModel.js"
"D8BF62B46F664CA6790AB46951BCEED5FBD12C3D6D3C81DCD5EFEFD7322F3E15","D:\Projetos\Neoeffex\neoeffex-site\modelos\hamburgueria\node_modules\three\src\nodes\functions\ShadowMaskModel.js"
"70F4127DBDF3753C0EEC5EF3A71198F883746936BE462B28C59324EF062BA03E","D:\Projetos\Neoeffex\neoeffex-site\modelos\hamburgueria\node_modules\three\src\nodes\functions\ToonLightingModel.js"
"47CA3764B8E91EC4322F877A5CD7D13FEFB88F69C44DA9E02A26416E5DA7E9BB","D:\Projetos\Neoeffex\neoeffex-site\modelos\hamburgueria\node_modules\three\src\nodes\functions\VolumetricLightingModel.js"
"DD9CA4D221A94D9AA6E1DA96B472B147EABF9CA1908A5C8C256A2DC63AC4AE5C","D:\Projetos\Neoeffex\neoeffex-site\modelos\hamburgueria\node_modules\three\src\nodes\functions\BSDF\BRDF_GGX.js"
"3124E5B22F8A186A1C3A494C2A3DB1C30DD8C9C08CFAA5190C2508E50FECB4B8","D:\Projetos\Neoeffex\neoeffex-site\modelos\hamburgueria\node_modules\three\src\nodes\functions\BSDF\BRDF_Lambert.js"
"782B46CB8661BB86DD1AD64A0EDEE410D0CD2F347041A93BA77B1C0DE1253705","D:\Projetos\Neoeffex\neoeffex-site\modelos\hamburgueria\node_modules\three\src\nodes\functions\BSDF\BRDF_Sheen.js"
"946D35825AFB46FEC1C2E70BB8A74FA2414E8FBC95E38FE6C9EB67DFECEED89A","D:\Projetos\Neoeffex\neoeffex-site\modelos\hamburgueria\node_modules\three\src\nodes\functions\BSDF\DFGApprox.js"
"6FB861EAD4CA93E667C7480B0F9A8CFD14DF8121C61A634C009F39B2E59E210B","D:\Projetos\Neoeffex\neoeffex-site\modelos\hamburgueria\node_modules\three\src\nodes\functions\BSDF\D_GGX.js"
"28837AA92FBBFF26A45C502FE076EA4FD7333DE2E18D1C34625A5C18CC8BE680","D:\Projetos\Neoeffex\neoeffex-site\modelos\hamburgueria\node_modules\three\src\nodes\functions\BSDF\D_GGX_Anisotropic.js"
"E21F8273985ADFF057875B67B1631B9F5EFD3DD5DAA5C61C84DD798771F12F05","D:\Projetos\Neoeffex\neoeffex-site\modelos\hamburgueria\node_modules\three\src\nodes\functions\BSDF\EnvironmentBRDF.js"
"C57E15368EB20C68B852EAAD9CA13125C3C7BF748F248A81622D39832CF7F86C","D:\Projetos\Neoeffex\neoeffex-site\modelos\hamburgueria\node_modules\three\src\nodes\functions\BSDF\F_Schlick.js"
"59266AA65EC9901D501836F279E5184E57FE348AEF4E10E8184D2E4DD90A96A8","D:\Projetos\Neoeffex\neoeffex-site\modelos\hamburgueria\node_modules\three\src\nodes\functions\BSDF\LTC.js"
"5E85C1C40CCAB2C61211D94007EE6FC3B98381327FB0A3665CD2C2FBC3D181F2","D:\Projetos\Neoeffex\neoeffex-site\modelos\hamburgueria\node_modules\three\src\nodes\functions\BSDF\Schlick_to_F0.js"
"9056D20B03B1452600C2D7D0C0B7B583A7388DCE6DBD1686246E2EB51583304A","D:\Projetos\Neoeffex\neoeffex-site\modelos\hamburgueria\node_modules\three\src\nodes\functions\BSDF\V_GGX_SmithCorrelated.js"
"07A3AEE5070D5413099E3E54637D960916877A105F7AC11B9CBDB0317306F792","D:\Projetos\Neoeffex\neoeffex-site\modelos\hamburgueria\node_modules\three\src\nodes\functions\BSDF\V_GGX_SmithCorrelated_Anisotropic.js"
"8DF1E14C8EB5BD8B77A835F443277F04B31841A633BA56406B6DC9D20C46D9EC","D:\Projetos\Neoeffex\neoeffex-site\modelos\hamburgueria\node_modules\three\src\nodes\functions\material\getAlphaHashThreshold.js"
"919509B09AC4FBFE1BDBA075C165455F4DED8C5692CB3C8236406184E7BAFDFC","D:\Projetos\Neoeffex\neoeffex-site\modelos\hamburgueria\node_modules\three\src\nodes\functions\material\getGeometryRoughness.js"
"50CBDCFA61184A621A25EAD342ECD429CC1F6DE19CA3179538966B94AD99B613","D:\Projetos\Neoeffex\neoeffex-site\modelos\hamburgueria\node_modules\three\src\nodes\functions\material\getParallaxCorrectNormal.js"
"24B38219D7D4C866CF34FDF4FE388DB17E24EA8405AE878070377816FC32E97F","D:\Projetos\Neoeffex\neoeffex-site\modelos\hamburgueria\node_modules\three\src\nodes\functions\material\getRoughness.js"
"29F464CB74C3D9270EE733DCE15F4D2153CE11F1DE49B75A375C1D5E4E303A3D","D:\Projetos\Neoeffex\neoeffex-site\modelos\hamburgueria\node_modules\three\src\nodes\functions\material\getShIrradianceAt.js"
"C8C261D660F942E32EF0737A6121BEB8166508D51C4E38F22DE4C047642FEF5D","D:\Projetos\Neoeffex\neoeffex-site\modelos\hamburgueria\node_modules\three\src\nodes\geometry\RangeNode.js"
"43EED98659CFC1C92C6BA19FA938D74F49E4CFB36E94ECCB3F38CAD7D498285E","D:\Projetos\Neoeffex\neoeffex-site\modelos\hamburgueria\node_modules\three\src\nodes\gpgpu\AtomicFunctionNode.js"
"2ADA7B896A442990BCCE982857FD3446DF3169EF9AA72120042C22C14C86CF66","D:\Projetos\Neoeffex\neoeffex-site\modelos\hamburgueria\node_modules\three\src\nodes\gpgpu\BarrierNode.js"
"749F783452BF123CF1C05EF523125AC9E0F8DE22C2A1B5500D7A9FC343F26016","D:\Projetos\Neoeffex\neoeffex-site\modelos\hamburgueria\node_modules\three\src\nodes\gpgpu\ComputeBuiltinNode.js"
"12ED4CEC9F391FD7695C11F4448928348E1AC088DB07C489F150FD33BF217ECB","D:\Projetos\Neoeffex\neoeffex-site\modelos\hamburgueria\node_modules\three\src\nodes\gpgpu\ComputeNode.js"
"662E4B9A4E59A4FDC3B22F28DC0CECCC4F868D42735AD4AFBE094BA42682FA3F","D:\Projetos\Neoeffex\neoeffex-site\modelos\hamburgueria\node_modules\three\src\nodes\gpgpu\SubgroupFunctionNode.js"
"6A0B4863FB8DDEB69210D7B8488920AE8C9249B158C9F1B6E310978F3C81C63E","D:\Projetos\Neoeffex\neoeffex-site\modelos\hamburgueria\node_modules\three\src\nodes\gpgpu\WorkgroupInfoNode.js"
"2D1518F26DCE1E700951847D618B1C636534A789C084C0C13F02F5A5B63F2835","D:\Projetos\Neoeffex\neoeffex-site\modelos\hamburgueria\node_modules\three\src\nodes\lighting\AmbientLightNode.js"
"20F3C6B52D7A2015595BF8E0489A8B80E13963EA3C7896F89BFA7E28B772813C","D:\Projetos\Neoeffex\neoeffex-site\modelos\hamburgueria\node_modules\three\src\nodes\lighting\AnalyticLightNode.js"
"2F1B87FEF3534DE6636BCD66F2891F64B74F743AF0A6166FE9C7BC00898F17EE","D:\Projetos\Neoeffex\neoeffex-site\modelos\hamburgueria\node_modules\three\src\nodes\lighting\AONode.js"
"A19EE95DADD25CC88895A34E76388FAAF6E119E1C61C9FEAAE3614B50C3B073E","D:\Projetos\Neoeffex\neoeffex-site\modelos\hamburgueria\node_modules\three\src\nodes\lighting\BasicEnvironmentNode.js"
"D02851E726944DD79614F4FE40F22F83003D0FE3E89BB571222A10DE36741E56","D:\Projetos\Neoeffex\neoeffex-site\modelos\hamburgueria\node_modules\three\src\nodes\lighting\BasicLightMapNode.js"
"4FE5D229AAB041874C9386A8403E9CA0AFF573D25659855FB1F50A975A8BFA72","D:\Projetos\Neoeffex\neoeffex-site\modelos\hamburgueria\node_modules\three\src\nodes\lighting\DirectionalLightNode.js"
"43C66570AB61D3D3BBCC04391FECE990816B91A33602F2D74FCDDBD7D89BD286","D:\Projetos\Neoeffex\neoeffex-site\modelos\hamburgueria\node_modules\three\src\nodes\lighting\EnvironmentNode.js"
"AABDA1D588DA48DCF62ABD66C920C0894A03D8E7D15D21311A14F7226653F730","D:\Projetos\Neoeffex\neoeffex-site\modelos\hamburgueria\node_modules\three\src\nodes\lighting\HemisphereLightNode.js"
"373BF0CA6D01ACEE71D0F97ED20857630C82A715828D61F3450B4AFE4163BD6C","D:\Projetos\Neoeffex\neoeffex-site\modelos\hamburgueria\node_modules\three\src\nodes\lighting\IESSpotLightNode.js"
"DC9D0D55C1794905A44A05C6276EA4B94DBD0013877A7BCEB240160F3CE0FC2E","D:\Projetos\Neoeffex\neoeffex-site\modelos\hamburgueria\node_modules\three\src\nodes\lighting\IrradianceNode.js"
"EC85FDB17A05D98CCF56DD6BBE694B7F8A1E26BB5F847554BE55FAFD3444CB12","D:\Projetos\Neoeffex\neoeffex-site\modelos\hamburgueria\node_modules\three\src\nodes\lighting\LightingContextNode.js"
"617BCE848DA562C112A8A3DB8EB72CCE2FE2467AAB2F71F9F570E69854107B84","D:\Projetos\Neoeffex\neoeffex-site\modelos\hamburgueria\node_modules\three\src\nodes\lighting\LightingNode.js"
"FC5C558D82146EF848652B041D96EC55880E7140B5ADACCC464DFA45854C0C83","D:\Projetos\Neoeffex\neoeffex-site\modelos\hamburgueria\node_modules\three\src\nodes\lighting\LightProbeNode.js"
"11F9F19FF400DBE64902519EA1CA1C8EA6E177BA0F9D9ED0B20D65E3D64183B2","D:\Projetos\Neoeffex\neoeffex-site\modelos\hamburgueria\node_modules\three\src\nodes\lighting\LightsNode.js"
"A129FDEB6A255B4A659F9E915BC40CFF8B05CE8E65A04BF858FC47A0F2950FF2","D:\Projetos\Neoeffex\neoeffex-site\modelos\hamburgueria\node_modules\three\src\nodes\lighting\LightUtils.js"
"6D27BD3FC21B09D756E18E3E4C38D16BE9A432B0367033B62E970AC2F94F8ED8","D:\Projetos\Neoeffex\neoeffex-site\modelos\hamburgueria\node_modules\three\src\nodes\lighting\PointLightNode.js"
"12E33B743A181F0A5F69B13804ABA5292DE46E08EA96097E05868E614628D793","D:\Projetos\Neoeffex\neoeffex-site\modelos\hamburgueria\node_modules\three\src\nodes\lighting\PointShadowNode.js"
"DC0A5EDD454729B6959800A48B70E9A6AF517420617EB8613011AE1517667182","D:\Projetos\Neoeffex\neoeffex-site\modelos\hamburgueria\node_modules\three\src\nodes\lighting\ProjectorLightNode.js"
"8D847DA8CF25E06B9B986A2421B1BDBF1F2F122CC7B39B9027E8EA0A3B9DBC45","D:\Projetos\Neoeffex\neoeffex-site\modelos\hamburgueria\node_modules\three\src\nodes\lighting\RectAreaLightNode.js"
"25B17EB064A3A898DEC8CDD1C2407605F36FE2F571461A6685AF744520F3F9BC","D:\Projetos\Neoeffex\neoeffex-site\modelos\hamburgueria\node_modules\three\src\nodes\lighting\ShadowBaseNode.js"
"F7CD52F49113611315BBC15D8E5DF131813B3E03AA517E340FAE418B1574490C","D:\Projetos\Neoeffex\neoeffex-site\modelos\hamburgueria\node_modules\three\src\nodes\lighting\ShadowFilterNode.js"
"3DED91C69285FB0BB21BBB1EA0444FC6C12B0085383D23BAA50EF0F1A7E715D3","D:\Projetos\Neoeffex\neoeffex-site\modelos\hamburgueria\node_modules\three\src\nodes\lighting\ShadowNode.js"
"282A7C46B7167E20347FD74D6413E5B75F9E179F68A85F77ACFF96751B6A3589","D:\Projetos\Neoeffex\neoeffex-site\modelos\hamburgueria\node_modules\three\src\nodes\lighting\SpotLightNode.js"
"43D08307CF19B672B0ED681452D20FDA51851ED93E3EA1AEDB8C9A2D43180C7D","D:\Projetos\Neoeffex\neoeffex-site\modelos\hamburgueria\node_modules\three\src\nodes\materialx\DISCLAIMER.md"
"5325F75CEAC88FE8DD1D647AD063BB44E65BB93F962FD16F4071C44AB1668767","D:\Projetos\Neoeffex\neoeffex-site\modelos\hamburgueria\node_modules\three\src\nodes\materialx\MaterialXNodes.js"
"A5C42B9EBB9413C3D7CEA06F4D998201A4816930AA617309174E6D68BA354AAF","D:\Projetos\Neoeffex\neoeffex-site\modelos\hamburgueria\node_modules\three\src\nodes\materialx\lib\mx_hsv.js"
"79EE80B885707C947B2D2477C3056B58FE3F3267050C525F7F26628796DF7248","D:\Projetos\Neoeffex\neoeffex-site\modelos\hamburgueria\node_modules\three\src\nodes\materialx\lib\mx_noise.js"
"FE1703C337C2C49A00CB85C0AF18C1B0F427AA7CA0C92AB22BDE1C11E1DAAE6B","D:\Projetos\Neoeffex\neoeffex-site\modelos\hamburgueria\node_modules\three\src\nodes\materialx\lib\mx_transform_color.js"
"AEE950966816C1D2AA99C7F91B7A4837FC867970741F5314F0DCBEDF3929E1AF","D:\Projetos\Neoeffex\neoeffex-site\modelos\hamburgueria\node_modules\three\src\nodes\math\BitcastNode.js"
"C3BEF707372662B75226266FE0B6E37FB811982AB1B375066FAC8E5010D9FA47","D:\Projetos\Neoeffex\neoeffex-site\modelos\hamburgueria\node_modules\three\src\nodes\math\ConditionalNode.js"
"4E7B7268A22ED74B5DCB9A53DC8B0E6580BD3FD350D8E12E1A7B957E375F6A6D","D:\Projetos\Neoeffex\neoeffex-site\modelos\hamburgueria\node_modules\three\src\nodes\math\Hash.js"
"55EDF5DB86B8D8C0EF2FD41ADD95E850A9EEB677335283DA9C62DC312F56C9BE","D:\Projetos\Neoeffex\neoeffex-site\modelos\hamburgueria\node_modules\three\src\nodes\math\MathNode.js"
"62ADAAB531FDAA909BAFAE98D722D09626703ED2665A9BE80056DD90D305CFAB","D:\Projetos\Neoeffex\neoeffex-site\modelos\hamburgueria\node_modules\three\src\nodes\math\MathUtils.js"
"36BF262AA0B18ADE6BEB7BE84618569B694E71EBB490787AF3F4B7384C8D469B","D:\Projetos\Neoeffex\neoeffex-site\modelos\hamburgueria\node_modules\three\src\nodes\math\OperatorNode.js"
"45D6B4F6F1935E08E6D6E1973C2B09E9786717324FCE2861559BE0D43A02EDF2","D:\Projetos\Neoeffex\neoeffex-site\modelos\hamburgueria\node_modules\three\src\nodes\math\TriNoise3D.js"
"2B6036EFA4A679ED474C076817EA1702969D3866058DBAD1AE88F5E1D4F0367F","D:\Projetos\Neoeffex\neoeffex-site\modelos\hamburgueria\node_modules\three\src\nodes\parsers\GLSLNodeFunction.js"
"E9CE71F46F374EB1581FCA5619BDAFE13DA27FF3FD17CA8C1DE541521ED2651E","D:\Projetos\Neoeffex\neoeffex-site\modelos\hamburgueria\node_modules\three\src\nodes\parsers\GLSLNodeParser.js"
"E50C9185D7B1DA13D517CEC50B41C1A3C74A581E5334D55FD7C79B6AAB3BB63C","D:\Projetos\Neoeffex\neoeffex-site\modelos\hamburgueria\node_modules\three\src\nodes\pmrem\PMREMNode.js"
"0D183A94B7D444367F205EAC465B4971F8328671EF595139A2AEFA894A8517C4","D:\Projetos\Neoeffex\neoeffex-site\modelos\hamburgueria\node_modules\three\src\nodes\pmrem\PMREMUtils.js"
"E73D621EC4068F723A37FBAD4E56DD9E4294F757593EEDC901D11B6F09045C75","D:\Projetos\Neoeffex\neoeffex-site\modelos\hamburgueria\node_modules\three\src\nodes\procedural\Checker.js"
"8D722EB3A081E9D0016C8A0D7B7FD860A56578AAD985FBD04B2A6048D8ABD141","D:\Projetos\Neoeffex\neoeffex-site\modelos\hamburgueria\node_modules\three\src\nodes\shapes\Shapes.js"
"343DBF3481E5ED44A2FDEAB162CA3040C7175D75F5313F298E182F700E05A304","D:\Projetos\Neoeffex\neoeffex-site\modelos\hamburgueria\node_modules\three\src\nodes\tsl\TSLBase.js"
"0D30E03B81F6B855AF29955335031CF87E2A37FD9B1E8B77B526BD4A89E1AC78","D:\Projetos\Neoeffex\neoeffex-site\modelos\hamburgueria\node_modules\three\src\nodes\tsl\TSLCore.js"
"01338F870173AB0A8B099905B129EF37564BED77C02D686E39037F44AC02C16F","D:\Projetos\Neoeffex\neoeffex-site\modelos\hamburgueria\node_modules\three\src\nodes\utils\ArrayElementNode.js"
"344A5D71EB21030101C92A724C4AA4872D234DF6E50A6C2CB078A69358285D05","D:\Projetos\Neoeffex\neoeffex-site\modelos\hamburgueria\node_modules\three\src\nodes\utils\ConvertNode.js"
"7210CAED1B9AB9327A03B8B0EBE603E03C3124E2D278402AD996D9FB1BDFCB57","D:\Projetos\Neoeffex\neoeffex-site\modelos\hamburgueria\node_modules\three\src\nodes\utils\CubeMapNode.js"
"EC78DFC023E94CE57889741D8E16DCB49EF8110643136D5A3D490E679EF9C7B9","D:\Projetos\Neoeffex\neoeffex-site\modelos\hamburgueria\node_modules\three\src\nodes\utils\DebugNode.js"
"217A355C1DE8781C989FD9CE7066B89BBF88224F21846C66E97AD1474E22D373","D:\Projetos\Neoeffex\neoeffex-site\modelos\hamburgueria\node_modules\three\src\nodes\utils\Discard.js"
"235081295C61BA08D0FFC57E6716F930EFC50FF659DCFB5C0ADDA66E4C4CC5F9","D:\Projetos\Neoeffex\neoeffex-site\modelos\hamburgueria\node_modules\three\src\nodes\utils\EquirectUV.js"
"3A4AD721128C7D3DBDF9F93D50A3509A6F4A48A3CEFA9A8F011D45AC02E8B642","D:\Projetos\Neoeffex\neoeffex-site\modelos\hamburgueria\node_modules\three\src\nodes\utils\EventNode.js"
"FFEB100B00AE0FC699CC11526FDD462576A52075D94DC517ACA5742E5347AFAF","D:\Projetos\Neoeffex\neoeffex-site\modelos\hamburgueria\node_modules\three\src\nodes\utils\FlipNode.js"
"44CD8FE3CC9BC9EB38F646F4FCB24F9EFE9FB9D6FD6DEF3DBBDCB20203344D77","D:\Projetos\Neoeffex\neoeffex-site\modelos\hamburgueria\node_modules\three\src\nodes\utils\FunctionOverloadingNode.js"
"9D80A5A78BB96BF07C554D0BF19C694FC1F43AECAD5938FA76FBB205865ACED8","D:\Projetos\Neoeffex\neoeffex-site\modelos\hamburgueria\node_modules\three\src\nodes\utils\JoinNode.js"
"34C89C78D4BC37BAF47FB5267237EA1BE4916E233B79380F7881BA2870E4ADFA","D:\Projetos\Neoeffex\neoeffex-site\modelos\hamburgueria\node_modules\three\src\nodes\utils\LoopNode.js"
"E2B4080633939EBA575EA2980A219A1AC10094619B0494A24E35C3582F11E819","D:\Projetos\Neoeffex\neoeffex-site\modelos\hamburgueria\node_modules\three\src\nodes\utils\MatcapUV.js"
"F95DC77BD2987DF67F778BCC80208B4FC98679D89A6B4EC7CB9C28B23E872C20","D:\Projetos\Neoeffex\neoeffex-site\modelos\hamburgueria\node_modules\three\src\nodes\utils\MaxMipLevelNode.js"
"F5410FA44D4D15FDE993191A6B0BC37726C3418D7943BC1BAE6C57C38AAAFF88","D:\Projetos\Neoeffex\neoeffex-site\modelos\hamburgueria\node_modules\three\src\nodes\utils\MemberNode.js"
"4752C5D8690216742B290A00E7F5AB9227FE64E4AD4944612D3DF86F3A1756BA","D:\Projetos\Neoeffex\neoeffex-site\modelos\hamburgueria\node_modules\three\src\nodes\utils\Oscillators.js"
"9A1651DB6CD1E4B07925A708A273AFBEDBEF92A1BB11415E62155F55E7B6E62C","D:\Projetos\Neoeffex\neoeffex-site\modelos\hamburgueria\node_modules\three\src\nodes\utils\Packing.js"
"55AAC81A849E369745F3A82581293070A9EAF83DE2496124C1F7C5451834DF4C","D:\Projetos\Neoeffex\neoeffex-site\modelos\hamburgueria\node_modules\three\src\nodes\utils\PostProcessingUtils.js"
"741CB0CEDDB77D51D8B2854387F6C4FF5EA1D9080BCB0BAD6EED840829B73605","D:\Projetos\Neoeffex\neoeffex-site\modelos\hamburgueria\node_modules\three\src\nodes\utils\ReflectorNode.js"
"71154E01C60DD6332588A4169974FB2BAFB3C5E719DC4F5FA4DC1C35ADC902EF","D:\Projetos\Neoeffex\neoeffex-site\modelos\hamburgueria\node_modules\three\src\nodes\utils\RemapNode.js"
"4B308556FD33A115E23A0598E5335288316EBD397FD222E895E5B961C9E0BC40","D:\Projetos\Neoeffex\neoeffex-site\modelos\hamburgueria\node_modules\three\src\nodes\utils\RotateNode.js"
"E88CA3B67509A02160A591AC262C14609DA2A2269FF3D255B58D5F1A0505FAB7","D:\Projetos\Neoeffex\neoeffex-site\modelos\hamburgueria\node_modules\three\src\nodes\utils\RTTNode.js"
"D0C22C6C112D108D5FBC8417DA03A321BA79645E929DF3548DE5D8A0DD63D49A","D:\Projetos\Neoeffex\neoeffex-site\modelos\hamburgueria\node_modules\three\src\nodes\utils\SampleNode.js"
"FE5DC67B6312830F8586FAF4098E2DA43101553E773AE772745A3869890FAA80","D:\Projetos\Neoeffex\neoeffex-site\modelos\hamburgueria\node_modules\three\src\nodes\utils\SetNode.js"
"1AC54DDE2E7DD7DFC8F02809C29BD6B22BC35A3047C97CABA2F736FD5464C6C2","D:\Projetos\Neoeffex\neoeffex-site\modelos\hamburgueria\node_modules\three\src\nodes\utils\SplitNode.js"
"3BDD075473B996F46C24AD7A144E720AC274BD14B3CA85304E2F328A5FF5EB85","D:\Projetos\Neoeffex\neoeffex-site\modelos\hamburgueria\node_modules\three\src\nodes\utils\SpriteSheetUVNode.js"
"23DF890388C9AE03B2AD813B584FFAD334A99099EB776983D9BA8DA668313384","D:\Projetos\Neoeffex\neoeffex-site\modelos\hamburgueria\node_modules\three\src\nodes\utils\SpriteUtils.js"
"C3F29E4972EBACA0A28F9DA006982514D4166BB6AF0ADBEF2BF58A8C16D079B4","D:\Projetos\Neoeffex\neoeffex-site\modelos\hamburgueria\node_modules\three\src\nodes\utils\StorageArrayElementNode.js"
"331435E09AA5B544ADD1F41C2CBDCC4EAA4CC83AC7EDC5CE0162D81E17D9A1F9","D:\Projetos\Neoeffex\neoeffex-site\modelos\hamburgueria\node_modules\three\src\nodes\utils\Timer.js"
"2515B6C6F45A3097CB122D02665425131FFF1A783EE64D4B65B1DE679E3A9A61","D:\Projetos\Neoeffex\neoeffex-site\modelos\hamburgueria\node_modules\three\src\nodes\utils\TriplanarTextures.js"
"FC1D3309948A39E1CA1F1232BAF89B3DE9C900F503EE5B42A348D82AF80300D7","D:\Projetos\Neoeffex\neoeffex-site\modelos\hamburgueria\node_modules\three\src\nodes\utils\UVUtils.js"
"D5575935C6C13D5F22D693F0984D12B6BEA7606AE467BC4FE4C03EFDABA65D0E","D:\Projetos\Neoeffex\neoeffex-site\modelos\hamburgueria\node_modules\three\src\nodes\utils\ViewportUtils.js"
"B4D1675B3F56258D7D52715B82D42EC856A2380960AD79D9827203358183651B","D:\Projetos\Neoeffex\neoeffex-site\modelos\hamburgueria\node_modules\three\src\objects\BatchedMesh.js"
"2AF7E9223D192B917AC9109D8DDDB00F435C68EBF0F6D31E812D78F6FC4C7031","D:\Projetos\Neoeffex\neoeffex-site\modelos\hamburgueria\node_modules\three\src\objects\Bone.js"
"C4AE22ADA9075CD8913BD5364214D5BC68780B431F59D489CC0344FEAEFF85CB","D:\Projetos\Neoeffex\neoeffex-site\modelos\hamburgueria\node_modules\three\src\objects\ClippingGroup.js"
"6AE4C6558AC82863E933F8DC649B96D1D5F7798DAEAB902530A3BB760949780B","D:\Projetos\Neoeffex\neoeffex-site\modelos\hamburgueria\node_modules\three\src\objects\Group.js"
"F0DFA4A7D1738D5BDC282A8103DCBD051DEB0C002277C11DA3FB69E4E3B295A3","D:\Projetos\Neoeffex\neoeffex-site\modelos\hamburgueria\node_modules\three\src\objects\InstancedMesh.js"
"777D91630468F8C64058E580A8C44AD1EDEEF4348D9FE8E0DC97689FA7DB7756","D:\Projetos\Neoeffex\neoeffex-site\modelos\hamburgueria\node_modules\three\src\objects\Line.js"
"E6E6D8AE980F800FEECED9BA349645376F3236745AEF863FB53F6158BA221E87","D:\Projetos\Neoeffex\neoeffex-site\modelos\hamburgueria\node_modules\three\src\objects\LineLoop.js"
"EA255C52197B43CEBF0417BDC89C3A17AABF2C522C57BC3BB2AD2121A723A956","D:\Projetos\Neoeffex\neoeffex-site\modelos\hamburgueria\node_modules\three\src\objects\LineSegments.js"
"F79F369AA420520D666FF463DE33EA1DACEC0430C00EFAC16A81619FE359942C","D:\Projetos\Neoeffex\neoeffex-site\modelos\hamburgueria\node_modules\three\src\objects\LOD.js"
"788F329F2B158D3DE4468A1B1F28DC2BD836C7A1FFB57677D6CF446FAAE03336","D:\Projetos\Neoeffex\neoeffex-site\modelos\hamburgueria\node_modules\three\src\objects\Mesh.js"
"6B87E71E84A97C86485F17E7C1697675605638B629E44ADACD06A91FAFF07CCA","D:\Projetos\Neoeffex\neoeffex-site\modelos\hamburgueria\node_modules\three\src\objects\Points.js"
"35751767022CA5E02032351F68212EF163A142E3A13B67B908C9D7F9122BA5CF","D:\Projetos\Neoeffex\neoeffex-site\modelos\hamburgueria\node_modules\three\src\objects\Skeleton.js"
"C595D8462D084F72D93D5FFA74A64CE03739F5C4B2313797E1EF965FF44004CC","D:\Projetos\Neoeffex\neoeffex-site\modelos\hamburgueria\node_modules\three\src\objects\SkinnedMesh.js"
"F00F33D026B6C815C40C2506C074F3A4780174B5C16B893B429C1E93AFFD1F8F","D:\Projetos\Neoeffex\neoeffex-site\modelos\hamburgueria\node_modules\three\src\objects\Sprite.js"
"778D64077EC15C489605457413347242B6E19BB225AD88A087A0D2C71428D668","D:\Projetos\Neoeffex\neoeffex-site\modelos\hamburgueria\node_modules\three\src\renderers\WebGL3DRenderTarget.js"
"E5AB436C2CF633E6AE9B6E4111E87E0C1F73B38ED22A6192FAA84AFDE5BEE18E","D:\Projetos\Neoeffex\neoeffex-site\modelos\hamburgueria\node_modules\three\src\renderers\WebGLArrayRenderTarget.js"
"1A4D500FA317BADCD6E1303B1D60036A241B5448BDA9D515A600A3D86E5CC17C","D:\Projetos\Neoeffex\neoeffex-site\modelos\hamburgueria\node_modules\three\src\renderers\WebGLCubeRenderTarget.js"
"35CEA4871231C3FDDC3517DCD03FC876BDB8F9E73F1A77042B35E3DE0498C4CD","D:\Projetos\Neoeffex\neoeffex-site\modelos\hamburgueria\node_modules\three\src\renderers\WebGLRenderer.js"
"F7117333010F869B0E792B17230D6A0120E0F2870D200D8C9F7C382F74EEDB33","D:\Projetos\Neoeffex\neoeffex-site\modelos\hamburgueria\node_modules\three\src\renderers\WebGLRenderTarget.js"
"7D852501826F7C8D0F466B1C219ACF0C6E866CCDA62E2E707E0F75E53C75318B","D:\Projetos\Neoeffex\neoeffex-site\modelos\hamburgueria\node_modules\three\src\renderers\common\Animation.js"
"37B9DB0EFA91061B817EDE134928CF8FD60D62FF1EE0CD658089988FD3264065","D:\Projetos\Neoeffex\neoeffex-site\modelos\hamburgueria\node_modules\three\src\renderers\common\Attributes.js"
"F67298AF4A88120FC2C77465905469D09B6484DF084E45D9DA97445BD3FF7492","D:\Projetos\Neoeffex\neoeffex-site\modelos\hamburgueria\node_modules\three\src\renderers\common\Backend.js"
"9AA1F19037640D3BD8CAEFD9780BBD7062F648A2060917C355EF4E8BBBA25CF6","D:\Projetos\Neoeffex\neoeffex-site\modelos\hamburgueria\node_modules\three\src\renderers\common\Background.js"
"0CF1A410673A32F489D826F67BED5DC6FE402BF635A4E452910CE6B7E948282F","D:\Projetos\Neoeffex\neoeffex-site\modelos\hamburgueria\node_modules\three\src\renderers\common\BindGroup.js"
"57355484EA89A533BD38FCDDFEDEB5C08789935347326BEC089D84332D823707","D:\Projetos\Neoeffex\neoeffex-site\modelos\hamburgueria\node_modules\three\src\renderers\common\Binding.js"
"3C4074FF58A5126515F8B9085A45A0EF6F5236138F3F3077DECACE9EA971D5B5","D:\Projetos\Neoeffex\neoeffex-site\modelos\hamburgueria\node_modules\three\src\renderers\common\Bindings.js"
"AD1470A18880446334A95C02B3E111AD8E6294EBF8FA99D77BA18B8C7A211335","D:\Projetos\Neoeffex\neoeffex-site\modelos\hamburgueria\node_modules\three\src\renderers\common\Buffer.js"
"F08E2E9F31A5FB491B7AE284A025583C1329945843F1BCA2EE022AEA39B930C9","D:\Projetos\Neoeffex\neoeffex-site\modelos\hamburgueria\node_modules\three\src\renderers\common\BufferUtils.js"
"D0C5017F434684A26FA795F7C79815E89A34D49A9FF4DA1F7CFCD5833F85D253","D:\Projetos\Neoeffex\neoeffex-site\modelos\hamburgueria\node_modules\three\src\renderers\common\BundleGroup.js"
"021F953FABFEFB921F931A9A48464CA5DC6C48FB4C22D64EADE04E55E0F48FB5","D:\Projetos\Neoeffex\neoeffex-site\modelos\hamburgueria\node_modules\three\src\renderers\common\ChainMap.js"
"34DBEF16AA6E198D117532132C22BA978C52C06281E39517E91ACFBB8FF56ED6","D:\Projetos\Neoeffex\neoeffex-site\modelos\hamburgueria\node_modules\three\src\renderers\common\ClippingContext.js"
"A2BB2AC536B3CC6D2686FCE28483965FC47BBE4018BCF0EF7175515939F3861F","D:\Projetos\Neoeffex\neoeffex-site\modelos\hamburgueria\node_modules\three\src\renderers\common\Color4.js"
"7323E0ADB6AEB0CC4878C2771761F03287B90289D81DEAF0C46813B11DF9A389","D:\Projetos\Neoeffex\neoeffex-site\modelos\hamburgueria\node_modules\three\src\renderers\common\ComputePipeline.js"
"4EC0844D2AEEFFDFA06E06070092D586FB479AF91D1FA7576B9B6F033F10F5EE","D:\Projetos\Neoeffex\neoeffex-site\modelos\hamburgueria\node_modules\three\src\renderers\common\Constants.js"
"F99021C9C3942D6956AFC02449E27F5F4F20772CEF16B82959EEAC8D3B143159","D:\Projetos\Neoeffex\neoeffex-site\modelos\hamburgueria\node_modules\three\src\renderers\common\CubeRenderTarget.js"
"943C549F262D6F60CED6E9D5D3A1C614149166F934ED8E4F2AAE3EF9BE22D8DE","D:\Projetos\Neoeffex\neoeffex-site\modelos\hamburgueria\node_modules\three\src\renderers\common\DataMap.js"
"C500EE227375CC5721ED09B21A37D28B2027637809F15680BDECAA9A03A43369","D:\Projetos\Neoeffex\neoeffex-site\modelos\hamburgueria\node_modules\three\src\renderers\common\Geometries.js"
"093DE55C9D67C16DE7766BAEEB4EF7036DB1CA103AE5CED511B1AA131E891227","D:\Projetos\Neoeffex\neoeffex-site\modelos\hamburgueria\node_modules\three\src\renderers\common\IndirectStorageBufferAttribute.js"
"1CDB5CBAEA924A9F62A3BAD7FAD3CEA146083756A89E1A7E68FB25E04732443B","D:\Projetos\Neoeffex\neoeffex-site\modelos\hamburgueria\node_modules\three\src\renderers\common\Info.js"
"66EF3D4EA1E3919353F75E259B93DC76BB7D995F3F68F38E5377DAB21369559A","D:\Projetos\Neoeffex\neoeffex-site\modelos\hamburgueria\node_modules\three\src\renderers\common\Lighting.js"
"C7242021CAA5A1B59848A764F95FECEB78CE8DD86C30698BA8CDA69621D8145A","D:\Projetos\Neoeffex\neoeffex-site\modelos\hamburgueria\node_modules\three\src\renderers\common\Pipeline.js"
"A4F39DD09DEB1B4DC3932D24BF23AA27DFBE92433EF17F0E7B7F1DD42E6E712B","D:\Projetos\Neoeffex\neoeffex-site\modelos\hamburgueria\node_modules\three\src\renderers\common\Pipelines.js"
"D3622F53D1D4108A4E01F7C6C47AEB09684A0982D9C1FCE04D0CB77BAE912A68","D:\Projetos\Neoeffex\neoeffex-site\modelos\hamburgueria\node_modules\three\src\renderers\common\PostProcessing.js"
"0DBEF1BD23252462DF624214007C662D3FAEB330FB35F637374E744EE521D48F","D:\Projetos\Neoeffex\neoeffex-site\modelos\hamburgueria\node_modules\three\src\renderers\common\ProgrammableStage.js"
"699AED93B94917CBA06C340579D1FF91E5F44D35625A4F57A873FF63900B1643","D:\Projetos\Neoeffex\neoeffex-site\modelos\hamburgueria\node_modules\three\src\renderers\common\QuadMesh.js"
"0D8F0916352C638D594362FE28658179AA3ECA90683F4EA8BB1F71A6415DA9AA","D:\Projetos\Neoeffex\neoeffex-site\modelos\hamburgueria\node_modules\three\src\renderers\common\RenderBundle.js"
"67B05461F5E7B8469A97EDC0B8F035EF5117B587C9BA9482919B57200FAAA320","D:\Projetos\Neoeffex\neoeffex-site\modelos\hamburgueria\node_modules\three\src\renderers\common\RenderBundles.js"
"4A3E6EBD81574E4A2C20F48B0EBB2BE65A4E8023608772F22A5ADF8C054D174C","D:\Projetos\Neoeffex\neoeffex-site\modelos\hamburgueria\node_modules\three\src\renderers\common\RenderContext.js"
"BE6A01D80F130D55F028774DB384C462FA007CCE7632E03656BB877218168D6D","D:\Projetos\Neoeffex\neoeffex-site\modelos\hamburgueria\node_modules\three\src\renderers\common\RenderContexts.js"
"25D9F4A4C5FB5183E67D48B9A9C7F6368F05D43A836A01894F4E679D4063BDA7","D:\Projetos\Neoeffex\neoeffex-site\modelos\hamburgueria\node_modules\three\src\renderers\common\Renderer.js"
"84344F01BB5D2BF8357FE209E3AA478783A836642CF1620A31F206D1A0F1C8CB","D:\Projetos\Neoeffex\neoeffex-site\modelos\hamburgueria\node_modules\three\src\renderers\common\RendererUtils.js"
"91DC8D57C2FAD5572B3A8D7B761AE02BB2D8B200D7B9B6402BC5EAE638CD8044","D:\Projetos\Neoeffex\neoeffex-site\modelos\hamburgueria\node_modules\three\src\renderers\common\RenderList.js"
"402533C500F609572319888BBE4D9201C302801A4652EE69E8499A963E73D80A","D:\Projetos\Neoeffex\neoeffex-site\modelos\hamburgueria\node_modules\three\src\renderers\common\RenderLists.js"
"A612AA0EF520A5A180D40FC595E1DE578CBB2BF8F588B960708C5D1852E0AB52","D:\Projetos\Neoeffex\neoeffex-site\modelos\hamburgueria\node_modules\three\src\renderers\common\RenderObject.js"
"33B59D3B7EA4B8009443237384685429458A48DD5846244D2A1DD31E099C1B25","D:\Projetos\Neoeffex\neoeffex-site\modelos\hamburgueria\node_modules\three\src\renderers\common\RenderObjects.js"
"0AE58BF5D470B585E2396AD8B9C25F8C2EB5CC18CD7EB96D20E74DB433194DB5","D:\Projetos\Neoeffex\neoeffex-site\modelos\hamburgueria\node_modules\three\src\renderers\common\RenderPipeline.js"
"9E9EC53D1D7E0B0E5469CF494C7571ADDEA6D2983C4C2BDE27D7C7E1F98FAB14","D:\Projetos\Neoeffex\neoeffex-site\modelos\hamburgueria\node_modules\three\src\renderers\common\SampledTexture.js"
"0B318F2EAAFDC0C3AE356DF53688593BB32C47DE314881E1FD2F7CDC6E76E55D","D:\Projetos\Neoeffex\neoeffex-site\modelos\hamburgueria\node_modules\three\src\renderers\common\Sampler.js"
"8B9E47F5209DD7D6E9B3467FFCF09AE602FE66CE7D6CBF61DA08D2E464972603","D:\Projetos\Neoeffex\neoeffex-site\modelos\hamburgueria\node_modules\three\src\renderers\common\Storage3DTexture.js"
"EEFC96AE1E83E46AAEC9B721B9BDF3183EA1A9BAFD73B106557841A0FAFB8B26","D:\Projetos\Neoeffex\neoeffex-site\modelos\hamburgueria\node_modules\three\src\renderers\common\StorageArrayTexture.js"
"FF7B4B70D59211DFCE6636FA5BE4687C8F81689ED63EB771BD16892E37011A3D","D:\Projetos\Neoeffex\neoeffex-site\modelos\hamburgueria\node_modules\three\src\renderers\common\StorageBuffer.js"
"E7BD357166D3D64F410F6A59A0A17D5C037928074E93E64F396BA690BF26214E","D:\Projetos\Neoeffex\neoeffex-site\modelos\hamburgueria\node_modules\three\src\renderers\common\StorageBufferAttribute.js"
"56821ED35892306EC66AEA81655FD415556C92B100A298E2F95C09FB2B259FF4","D:\Projetos\Neoeffex\neoeffex-site\modelos\hamburgueria\node_modules\three\src\renderers\common\StorageInstancedBufferAttribute.js"
"48EC29FF978FF8556F2EA7FA08F22C7C6DFE11BB9506226B62A3D0C74DB053A1","D:\Projetos\Neoeffex\neoeffex-site\modelos\hamburgueria\node_modules\three\src\renderers\common\StorageTexture.js"
"47B8C045D7D400DB92E4A19C51032C876DFD961743EBD51C3770955F98695EDD","D:\Projetos\Neoeffex\neoeffex-site\modelos\hamburgueria\node_modules\three\src\renderers\common\Textures.js"
"7B96CBE44F27032785A3714AE5F01D9E97C45F103E0D48F901741BACAACA9D8B","D:\Projetos\Neoeffex\neoeffex-site\modelos\hamburgueria\node_modules\three\src\renderers\common\TimestampQueryPool.js"
"CCD21C1A8C115A091D98D77ACA67A4148D908994920134F2A1FEF3E149B43925","D:\Projetos\Neoeffex\neoeffex-site\modelos\hamburgueria\node_modules\three\src\renderers\common\Uniform.js"
"3827FF0CA7CE0518E9469D738201AA80865B84A5AE22AC71744DCEC53C677C7E","D:\Projetos\Neoeffex\neoeffex-site\modelos\hamburgueria\node_modules\three\src\renderers\common\UniformBuffer.js"
"4A3AEED5A416ED7694003B7E7F3DF96232B366897C3D4F792D987768FA257C12","D:\Projetos\Neoeffex\neoeffex-site\modelos\hamburgueria\node_modules\three\src\renderers\common\UniformsGroup.js"
"846FB6D91D832F2AF9E586E44557186B4C52C8631FD48D6C4D9FC1DB2053FD1B","D:\Projetos\Neoeffex\neoeffex-site\modelos\hamburgueria\node_modules\three\src\renderers\common\XRManager.js"
"CA91CF9E068D10A5141B3C1D30AD24ADF7A0323CF400F2BBB23B2A8A5626655C","D:\Projetos\Neoeffex\neoeffex-site\modelos\hamburgueria\node_modules\three\src\renderers\common\XRRenderTarget.js"
"F25C09A6B704529E7630490C98D9554C5F88B6E82F0907F59507F42ACD98DB7A","D:\Projetos\Neoeffex\neoeffex-site\modelos\hamburgueria\node_modules\three\src\renderers\common\extras\PMREMGenerator.js"
"7D113FAB742EB8D514BC6AE77EF17103A40C7F8002D439982CD4EEA764BFAFF7","D:\Projetos\Neoeffex\neoeffex-site\modelos\hamburgueria\node_modules\three\src\renderers\common\nodes\NodeBuilderState.js"
"7905E3B0575345A2AC023AA43CD3EB18819AAEFE0C611EA4BE9275E9941E4034","D:\Projetos\Neoeffex\neoeffex-site\modelos\hamburgueria\node_modules\three\src\renderers\common\nodes\NodeLibrary.js"
"4C41A427A1FAF43611CB28D95980FED273B0608D0C90DAD9B0FC6EA39ED50BC0","D:\Projetos\Neoeffex\neoeffex-site\modelos\hamburgueria\node_modules\three\src\renderers\common\nodes\Nodes.js"
"7FBCA5E2C133D9A265E7B87FD3F3F95CAB8C4EAF4EB4AA64A4EF51B0EC783D2F","D:\Projetos\Neoeffex\neoeffex-site\modelos\hamburgueria\node_modules\three\src\renderers\common\nodes\NodeSampledTexture.js"
"7DE0B1FF0972E99B4578ADACB5F8CAA884D849F94EF82FF1900ABFC4E0ECE44F","D:\Projetos\Neoeffex\neoeffex-site\modelos\hamburgueria\node_modules\three\src\renderers\common\nodes\NodeSampler.js"
"0644FC2B6AA97399C7285C7EA35B7571A9579CCE5D62361E2A1D1DA329E5AB9B","D:\Projetos\Neoeffex\neoeffex-site\modelos\hamburgueria\node_modules\three\src\renderers\common\nodes\NodeStorageBuffer.js"
"584E991648E3348E91C95F311BA6559C3E960765BBB12EA6C47C53A5B0C8A36D","D:\Projetos\Neoeffex\neoeffex-site\modelos\hamburgueria\node_modules\three\src\renderers\common\nodes\NodeUniform.js"
"442D15A1B7CC1B5FF13A1867E70851BB20AD3598806CC515A7B0EB6E0A1A80E0","D:\Projetos\Neoeffex\neoeffex-site\modelos\hamburgueria\node_modules\three\src\renderers\common\nodes\NodeUniformBuffer.js"
"26C194BFC51C2F0D4F8CDC280B05FC22BA009F130879D0D3378F6EA0252A3835","D:\Projetos\Neoeffex\neoeffex-site\modelos\hamburgueria\node_modules\three\src\renderers\common\nodes\NodeUniformsGroup.js"
"EDC3C3B71EF54E1857494F7E393DE2F9A750BC31531D24CD650866A36809ED4C","D:\Projetos\Neoeffex\neoeffex-site\modelos\hamburgueria\node_modules\three\src\renderers\shaders\ShaderChunk.js"
"815894F709AB989D0B2450FC7B1B49B3CC9B330B9D6EA7FBEB6AA60A7C124241","D:\Projetos\Neoeffex\neoeffex-site\modelos\hamburgueria\node_modules\three\src\renderers\shaders\ShaderLib.js"
"254ADC81F02F51EE3B4BE36B397343841532B08F1FBA19219062F63D90F8490A","D:\Projetos\Neoeffex\neoeffex-site\modelos\hamburgueria\node_modules\three\src\renderers\shaders\UniformsLib.js"
"0D21C29F913FD7947AB920F990A39A7AEFE9A9DA6891812C21F8537FB39EA62F","D:\Projetos\Neoeffex\neoeffex-site\modelos\hamburgueria\node_modules\three\src\renderers\shaders\UniformsUtils.js"
"DB3BBF74774C9ACAE537F3C46D0DE9C7A68EA7F013CC108CCF3D18660A96971C","D:\Projetos\Neoeffex\neoeffex-site\modelos\hamburgueria\node_modules\three\src\renderers\shaders\ShaderChunk\alphahash_fragment.glsl.js"
"A75BDC8B27398E193EBB0FFBFBD1156BB1D6C164C9E98D69C391BC96A0B39DF2","D:\Projetos\Neoeffex\neoeffex-site\modelos\hamburgueria\node_modules\three\src\renderers\shaders\ShaderChunk\alphahash_pars_fragment.glsl.js"
"97D97D0A89E2383CEE9AA15B28901678FF5BF73B255E8D39C41348339AAC8AE6","D:\Projetos\Neoeffex\neoeffex-site\modelos\hamburgueria\node_modules\three\src\renderers\shaders\ShaderChunk\alphamap_fragment.glsl.js"
"0D91D29A4B063F86A42D6F871C8715C5DF4217DA95BEB27460032DEC649BDB28","D:\Projetos\Neoeffex\neoeffex-site\modelos\hamburgueria\node_modules\three\src\renderers\shaders\ShaderChunk\alphamap_pars_fragment.glsl.js"
"2C0B0884E65F318EA594375D3BFE8D2EE007FD40128ABD7641BAB37419D4AAED","D:\Projetos\Neoeffex\neoeffex-site\modelos\hamburgueria\node_modules\three\src\renderers\shaders\ShaderChunk\alphatest_fragment.glsl.js"
"7262984386BDDD10336BA4A5CAA6F63D6637965D23D335CB7A82D249A8D67460","D:\Projetos\Neoeffex\neoeffex-site\modelos\hamburgueria\node_modules\three\src\renderers\shaders\ShaderChunk\alphatest_pars_fragment.glsl.js"
"FEFCC44A84254B93317A2002F02F408915B26961228314538B49AE019EA584CA","D:\Projetos\Neoeffex\neoeffex-site\modelos\hamburgueria\node_modules\three\src\renderers\shaders\ShaderChunk\aomap_fragment.glsl.js"
"99605016FDF6E6E11A93EF5AFEC6534DD0A3C0E559A5DA128833D5A2CFC96312","D:\Projetos\Neoeffex\neoeffex-site\modelos\hamburgueria\node_modules\three\src\renderers\shaders\ShaderChunk\aomap_pars_fragment.glsl.js"
"50A7930BE9894202423884839AD7E7036EDB68F0D41A6894B4FD3E52476252E1","D:\Projetos\Neoeffex\neoeffex-site\modelos\hamburgueria\node_modules\three\src\renderers\shaders\ShaderChunk\batching_pars_vertex.glsl.js"
"266F63AD1197571269F6EB9363A2C916E120FCCEE3D897181805C831918EF34B","D:\Projetos\Neoeffex\neoeffex-site\modelos\hamburgueria\node_modules\three\src\renderers\shaders\ShaderChunk\batching_vertex.glsl.js"
"14F1AAE97B9293F7FA62F6A049F755080904EFBAF7AD351B60CBFFEC45E22AA8","D:\Projetos\Neoeffex\neoeffex-site\modelos\hamburgueria\node_modules\three\src\renderers\shaders\ShaderChunk\beginnormal_vertex.glsl.js"
"5DDAB48CCB50C7BAF958047F834496CF1C2BE197E00D03D7776B30F353F39392","D:\Projetos\Neoeffex\neoeffex-site\modelos\hamburgueria\node_modules\three\src\renderers\shaders\ShaderChunk\begin_vertex.glsl.js"
"A9ED310493241CBBD14E58DBDC37E3FCFAC42779C8A0E45F58DACD405185DF51","D:\Projetos\Neoeffex\neoeffex-site\modelos\hamburgueria\node_modules\three\src\renderers\shaders\ShaderChunk\bsdfs.glsl.js"
"262903707A8B271ADC1882DA9F1D60E919726660C082E91BB10C83B5C54BF76C","D:\Projetos\Neoeffex\neoeffex-site\modelos\hamburgueria\node_modules\three\src\renderers\shaders\ShaderChunk\bumpmap_pars_fragment.glsl.js"
"510D06C529559CB23D6B814A0CCADCF329201EE44B469CCF686B640A75E9942E","D:\Projetos\Neoeffex\neoeffex-site\modelos\hamburgueria\node_modules\three\src\renderers\shaders\ShaderChunk\clearcoat_normal_fragment_begin.glsl.js"
"4E0AC6B902D7DB1AFF5EC16E56C21DB8E290B7ADB85BADD48B1920F0975CBDFE","D:\Projetos\Neoeffex\neoeffex-site\modelos\hamburgueria\node_modules\three\src\renderers\shaders\ShaderChunk\clearcoat_normal_fragment_maps.glsl.js"
"40EC1DAA9C227AB341B032C053364FDC088E83CA7F70A28462B77D56C6043662","D:\Projetos\Neoeffex\neoeffex-site\modelos\hamburgueria\node_modules\three\src\renderers\shaders\ShaderChunk\clearcoat_pars_fragment.glsl.js"
"BBE5C1295A292E2312642F92A65945A9708692CFCD00637E67C4260E9FD0513C","D:\Projetos\Neoeffex\neoeffex-site\modelos\hamburgueria\node_modules\three\src\renderers\shaders\ShaderChunk\clipping_planes_fragment.glsl.js"
"8BD64633BDA6D1CBABB4E768E9E302A7CE75960306A24F8D634AE8B387BDB21B","D:\Projetos\Neoeffex\neoeffex-site\modelos\hamburgueria\node_modules\three\src\renderers\shaders\ShaderChunk\clipping_planes_pars_fragment.glsl.js"
"30832C3F5E0D4691C76FE183A2E31D3B78FAC6FA2B4C8FFB52ACE85140919512","D:\Projetos\Neoeffex\neoeffex-site\modelos\hamburgueria\node_modules\three\src\renderers\shaders\ShaderChunk\clipping_planes_pars_vertex.glsl.js"
"B7FE83C2A20B5D82D1CB1D95340C1D7CF93691BEB8DCD258C29E5E83A30032B6","D:\Projetos\Neoeffex\neoeffex-site\modelos\hamburgueria\node_modules\three\src\renderers\shaders\ShaderChunk\clipping_planes_vertex.glsl.js"
"A3EBAEED04D728C04C4B3F8D0DC52B83B12DD77474907450F8FE5265955ED3B0","D:\Projetos\Neoeffex\neoeffex-site\modelos\hamburgueria\node_modules\three\src\renderers\shaders\ShaderChunk\colorspace_fragment.glsl.js"
"609EF2BA45F73B95A8980CB91B62B61D65581D75067E7C1E45B976AAA397052A","D:\Projetos\Neoeffex\neoeffex-site\modelos\hamburgueria\node_modules\three\src\renderers\shaders\ShaderChunk\colorspace_pars_fragment.glsl.js"
"1C6129D9B70BEB4994EC3EFE98113196543A7BDDEF5D0E63A5C8088C89706744","D:\Projetos\Neoeffex\neoeffex-site\modelos\hamburgueria\node_modules\three\src\renderers\shaders\ShaderChunk\color_fragment.glsl.js"
"E91A560E043ADFE6EE0CDDCEC6F6A871F88A0058976EB13083F63B30574808BD","D:\Projetos\Neoeffex\neoeffex-site\modelos\hamburgueria\node_modules\three\src\renderers\shaders\ShaderChunk\color_pars_fragment.glsl.js"
"F2E5F1C19FFD1CB34D8B95EC7909885E8AA331F8A759221DC49DD26ADB113D38","D:\Projetos\Neoeffex\neoeffex-site\modelos\hamburgueria\node_modules\three\src\renderers\shaders\ShaderChunk\color_pars_vertex.glsl.js"
"396755AC09AF665FAC95DA984B445CC649A00CC58440E3421526A244A0FAB4BB","D:\Projetos\Neoeffex\neoeffex-site\modelos\hamburgueria\node_modules\three\src\renderers\shaders\ShaderChunk\color_vertex.glsl.js"
"F84B2F9143003055DD8BC59ECDBC194DFC2E30015F925246EB43CB6502EE6B5D","D:\Projetos\Neoeffex\neoeffex-site\modelos\hamburgueria\node_modules\three\src\renderers\shaders\ShaderChunk\common.glsl.js"
"8610F2598B998C8443C89C24F712CA8C36197F5D7152811C7176F9E0E255553C","D:\Projetos\Neoeffex\neoeffex-site\modelos\hamburgueria\node_modules\three\src\renderers\shaders\ShaderChunk\cube_uv_reflection_fragment.glsl.js"
"6566687EF8D3DDD3CCF617A31D4FCE45EF8549D1A60CBFAF10818D86D85F0AFD","D:\Projetos\Neoeffex\neoeffex-site\modelos\hamburgueria\node_modules\three\src\renderers\shaders\ShaderChunk\defaultnormal_vertex.glsl.js"
"61771F4E12B137B05DA81DC0A08C0F134B82BB4DBC8D39934FDFE0256519EB4A","D:\Projetos\Neoeffex\neoeffex-site\modelos\hamburgueria\node_modules\three\src\renderers\shaders\ShaderChunk\default_fragment.glsl.js"
"C93ED0A4D38DCF36E520588FB3552E6528A5FA7D51377C84F2470EA818477DB2","D:\Projetos\Neoeffex\neoeffex-site\modelos\hamburgueria\node_modules\three\src\renderers\shaders\ShaderChunk\default_vertex.glsl.js"
"2F4C3A4170C9AAC018954532689B28BCB608B20B5848D2562DF9C9FFD824A399","D:\Projetos\Neoeffex\neoeffex-site\modelos\hamburgueria\node_modules\three\src\renderers\shaders\ShaderChunk\displacementmap_pars_vertex.glsl.js"
"BCB7CE41ACA931D9BC13BF34D5D010D07C772A27EC5C779D2D910B1C3B3589EC","D:\Projetos\Neoeffex\neoeffex-site\modelos\hamburgueria\node_modules\three\src\renderers\shaders\ShaderChunk\displacementmap_vertex.glsl.js"
"FEE1F9D401244BDF6C1B4BA2383C3786E7119FE0BEA6532E7DE5A5D4D941DABE","D:\Projetos\Neoeffex\neoeffex-site\modelos\hamburgueria\node_modules\three\src\renderers\shaders\ShaderChunk\dithering_fragment.glsl.js"
"81B09CFA9D6DBC4D04D0E42F87FB45ECF55136FEC497D2C1DF2554B37EB780DF","D:\Projetos\Neoeffex\neoeffex-site\modelos\hamburgueria\node_modules\three\src\renderers\shaders\ShaderChunk\dithering_pars_fragment.glsl.js"
"9E24BE6269B62748A04CA97CA149278AF4F02EFED67925AC59EFBEE8F8C865F0","D:\Projetos\Neoeffex\neoeffex-site\modelos\hamburgueria\node_modules\three\src\renderers\shaders\ShaderChunk\emissivemap_fragment.glsl.js"
"CCA17327F5D3AEBA9903C43A234BEE95BD64FBD9E62B34BFB3E90BC91CFEED74","D:\Projetos\Neoeffex\neoeffex-site\modelos\hamburgueria\node_modules\three\src\renderers\shaders\ShaderChunk\emissivemap_pars_fragment.glsl.js"
"B3A62E30C632B4668FB08EE2B2BE18A01BCABB518CEADE1ADB1A697BAA955D85","D:\Projetos\Neoeffex\neoeffex-site\modelos\hamburgueria\node_modules\three\src\renderers\shaders\ShaderChunk\envmap_common_pars_fragment.glsl.js"
"566942266A6F85B542717030990ACFB92D8E2CD00C9A926920A3186AFBDDC31F","D:\Projetos\Neoeffex\neoeffex-site\modelos\hamburgueria\node_modules\three\src\renderers\shaders\ShaderChunk\envmap_fragment.glsl.js"
"04BD9A2675A8B258F9EC499EA3456FC8AA6ED18CBBA78A288F26004AD050D00A","D:\Projetos\Neoeffex\neoeffex-site\modelos\hamburgueria\node_modules\three\src\renderers\shaders\ShaderChunk\envmap_pars_fragment.glsl.js"
"98C79076D211B0F8ABAC471D10C0BABCB48AC1F0B7C084C9A8180BF493DE3D6B","D:\Projetos\Neoeffex\neoeffex-site\modelos\hamburgueria\node_modules\three\src\renderers\shaders\ShaderChunk\envmap_pars_vertex.glsl.js"
"8F60BBD44D7CFA639B603923E88FE17A1B3084F57E92218FDF8C5C495C15FDED","D:\Projetos\Neoeffex\neoeffex-site\modelos\hamburgueria\node_modules\three\src\renderers\shaders\ShaderChunk\envmap_physical_pars_fragment.glsl.js"
"0B63B933204723D976FB5B25EE8993DCF997324155C0F10CFEDADEA2D0D85A5E","D:\Projetos\Neoeffex\neoeffex-site\modelos\hamburgueria\node_modules\three\src\renderers\shaders\ShaderChunk\envmap_vertex.glsl.js"
"611D35FE58F82CD1BA3F85DA61206351B6FB7BE95A100FBB7B3800018072309A","D:\Projetos\Neoeffex\neoeffex-site\modelos\hamburgueria\node_modules\three\src\renderers\shaders\ShaderChunk\fog_fragment.glsl.js"
"4047F5F9DBAC598C27717A9A4A77447230FBAB48106E6AC6780565DEBFEA5582","D:\Projetos\Neoeffex\neoeffex-site\modelos\hamburgueria\node_modules\three\src\renderers\shaders\ShaderChunk\fog_pars_fragment.glsl.js"
"A5F8C0EAD9AD03C34917B22CE85F3FF7EE193B5335B86F3103F0DBB03A4E0F55","D:\Projetos\Neoeffex\neoeffex-site\modelos\hamburgueria\node_modules\three\src\renderers\shaders\ShaderChunk\fog_pars_vertex.glsl.js"
"8D7433A889503CEEE56F505E4642F570CE079CB187C13BA545E28FE17476A9B8","D:\Projetos\Neoeffex\neoeffex-site\modelos\hamburgueria\node_modules\three\src\renderers\shaders\ShaderChunk\fog_vertex.glsl.js"
"4CCE38A33747CEEACA0C077AFC0F9886CA05013B306E9AEFCCA907C9D4EA8B04","D:\Projetos\Neoeffex\neoeffex-site\modelos\hamburgueria\node_modules\three\src\renderers\shaders\ShaderChunk\gradientmap_pars_fragment.glsl.js"
"92568A7A97493AC1AF7995FA054D5FAFCD3789B1C715C805983AF9790AB4F345","D:\Projetos\Neoeffex\neoeffex-site\modelos\hamburgueria\node_modules\three\src\renderers\shaders\ShaderChunk\iridescence_fragment.glsl.js"
"370BEABA9B3664A83656D63F7EF00FF653E8D1A91B1BC144CA11DF8EDEE50A2F","D:\Projetos\Neoeffex\neoeffex-site\modelos\hamburgueria\node_modules\three\src\renderers\shaders\ShaderChunk\iridescence_pars_fragment.glsl.js"
"9BAB85D200C0F2F525E4EBB494E5EA7272F407132A92E71D957CEA7ABF3CB366","D:\Projetos\Neoeffex\neoeffex-site\modelos\hamburgueria\node_modules\three\src\renderers\shaders\ShaderChunk\lightmap_pars_fragment.glsl.js"
"8275F4D42336BC715EC466C87B9DDA2873C91A36858C2F585F3308533F04368D","D:\Projetos\Neoeffex\neoeffex-site\modelos\hamburgueria\node_modules\three\src\renderers\shaders\ShaderChunk\lights_fragment_begin.glsl.js"
"C45AA2234C3F7BED6D985BCE636C65813D7AF888474A31A1ADCC0727D86D17CA","D:\Projetos\Neoeffex\neoeffex-site\modelos\hamburgueria\node_modules\three\src\renderers\shaders\ShaderChunk\lights_fragment_end.glsl.js"
"BE1A1D8D9E1C59D1AD2785F8598519779AA6B44EC8CAD0FA9E462F19C6E6E5AD","D:\Projetos\Neoeffex\neoeffex-site\modelos\hamburgueria\node_modules\three\src\renderers\shaders\ShaderChunk\lights_fragment_maps.glsl.js"
"EC5AAAA26B9CE0F98CE60035524DCA729AA6606E529D04DC471B815027A5D05C","D:\Projetos\Neoeffex\neoeffex-site\modelos\hamburgueria\node_modules\three\src\renderers\shaders\ShaderChunk\lights_lambert_fragment.glsl.js"
"4550B02E83FA8FFD5064449E33BF97457878EDEFC633EB4CA35034BF8C43C08D","D:\Projetos\Neoeffex\neoeffex-site\modelos\hamburgueria\node_modules\three\src\renderers\shaders\ShaderChunk\lights_lambert_pars_fragment.glsl.js"
"CEBDE39AB2B24D5A2C059AD869743464AB2470624A492F57D2A07B1EA88CFA78","D:\Projetos\Neoeffex\neoeffex-site\modelos\hamburgueria\node_modules\three\src\renderers\shaders\ShaderChunk\lights_pars_begin.glsl.js"
"A800314E97CEAFDEF9D52E5A8D5E8413A5EC321D105F485EC71E738CC9E89E72","D:\Projetos\Neoeffex\neoeffex-site\modelos\hamburgueria\node_modules\three\src\renderers\shaders\ShaderChunk\lights_phong_fragment.glsl.js"
"F8BE7271FC207651837930583B74E08F95FCA5D951AF2AF6A16AD1FA00AC4871","D:\Projetos\Neoeffex\neoeffex-site\modelos\hamburgueria\node_modules\three\src\renderers\shaders\ShaderChunk\lights_phong_pars_fragment.glsl.js"
"9B8B7D86FA70E2064977AEA207C0CFCD44BC6975A86E36CE38EBC009FC22A2EE","D:\Projetos\Neoeffex\neoeffex-site\modelos\hamburgueria\node_modules\three\src\renderers\shaders\ShaderChunk\lights_physical_fragment.glsl.js"
"1B4146E447C9FC15356058907F2BC544DA644B5DB6C6693E17D86CA67A4ACCE8","D:\Projetos\Neoeffex\neoeffex-site\modelos\hamburgueria\node_modules\three\src\renderers\shaders\ShaderChunk\lights_physical_pars_fragment.glsl.js"
"C3732624DA5B10E41FB28E95F4210C9DFEF4071E452360866821A74FF44D39B3","D:\Projetos\Neoeffex\neoeffex-site\modelos\hamburgueria\node_modules\three\src\renderers\shaders\ShaderChunk\lights_toon_fragment.glsl.js"
"31EF0879BD75DB20937B994328EF5B880053043224D1C801A6E30BF75AA075E8","D:\Projetos\Neoeffex\neoeffex-site\modelos\hamburgueria\node_modules\three\src\renderers\shaders\ShaderChunk\lights_toon_pars_fragment.glsl.js"
"86182A73CD956728CAA1D9C0E757E380D3121D12B94455C4A88C429C445A9F6B","D:\Projetos\Neoeffex\neoeffex-site\modelos\hamburgueria\node_modules\three\src\renderers\shaders\ShaderChunk\logdepthbuf_fragment.glsl.js"
"90CBDD01231D363236A6DAD82AC11BEDA1DA75D4B719F76A64A9C2B247451A21","D:\Projetos\Neoeffex\neoeffex-site\modelos\hamburgueria\node_modules\three\src\renderers\shaders\ShaderChunk\logdepthbuf_pars_fragment.glsl.js"
"666318E28E5B38E8318552AE2BDEDAE417F00BB450D82B95AD21AA2878736AD3","D:\Projetos\Neoeffex\neoeffex-site\modelos\hamburgueria\node_modules\three\src\renderers\shaders\ShaderChunk\logdepthbuf_pars_vertex.glsl.js"
"2BE7C4ABCFD70402722A4F11F987C49E33A661D9D1C99D26B1C094AA189ECE73","D:\Projetos\Neoeffex\neoeffex-site\modelos\hamburgueria\node_modules\three\src\renderers\shaders\ShaderChunk\logdepthbuf_vertex.glsl.js"
"0965B7AEA34DA013A1286F0A90A801C280B0FA0C516661B8E3F4F4F539431CB3","D:\Projetos\Neoeffex\neoeffex-site\modelos\hamburgueria\node_modules\three\src\renderers\shaders\ShaderChunk\map_fragment.glsl.js"
"B3EFC62FA9A1BD38D70CD0F1D2612B40E688C8EF70821D5B59733A032B72281E","D:\Projetos\Neoeffex\neoeffex-site\modelos\hamburgueria\node_modules\three\src\renderers\shaders\ShaderChunk\map_pars_fragment.glsl.js"
"8EB4B1DF5C3926152648B068F6365516787703EE150E574DA21BD2896B8DF0FE","D:\Projetos\Neoeffex\neoeffex-site\modelos\hamburgueria\node_modules\three\src\renderers\shaders\ShaderChunk\map_particle_fragment.glsl.js"
"FB1F05DC9665DCF96341685A5B6C9C9107029420A566E8BE52D559B432E16EC7","D:\Projetos\Neoeffex\neoeffex-site\modelos\hamburgueria\node_modules\three\src\renderers\shaders\ShaderChunk\map_particle_pars_fragment.glsl.js"
"5B1C3DF1697D096C315C723103E55E9FD506D829DA98F45F23D6C643CBD94C64","D:\Projetos\Neoeffex\neoeffex-site\modelos\hamburgueria\node_modules\three\src\renderers\shaders\ShaderChunk\metalnessmap_fragment.glsl.js"
"DF938EBB57AD229CBB17128ABFE4E69D06A5CDA65306801E1175B3D1A7A4665D","D:\Projetos\Neoeffex\neoeffex-site\modelos\hamburgueria\node_modules\three\src\renderers\shaders\ShaderChunk\metalnessmap_pars_fragment.glsl.js"
"961D07B672BA39450833CFAA2949EB2B44C14481AB65BAC11C3CDC23B8626886","D:\Projetos\Neoeffex\neoeffex-site\modelos\hamburgueria\node_modules\three\src\renderers\shaders\ShaderChunk\morphcolor_vertex.glsl.js"
"4158D4C04BF73A9BE231240AD6DCBE93C6DBACA20F0EC9D8AF309294877C4150","D:\Projetos\Neoeffex\neoeffex-site\modelos\hamburgueria\node_modules\three\src\renderers\shaders\ShaderChunk\morphinstance_vertex.glsl.js"
"A5833B2D2B8FFC70A4D9FF76A9FFEDA6BF5C2754374CDE6A3F32BC0899A3E30C","D:\Projetos\Neoeffex\neoeffex-site\modelos\hamburgueria\node_modules\three\src\renderers\shaders\ShaderChunk\morphnormal_vertex.glsl.js"
"2C5AECB0D8AAB6057D2791B06B92ABCDE363896CC95DB2B0C55C9C37EF78B08A","D:\Projetos\Neoeffex\neoeffex-site\modelos\hamburgueria\node_modules\three\src\renderers\shaders\ShaderChunk\morphtarget_pars_vertex.glsl.js"
"9D1BABAD50BC8B1FFF96E1BA9D6BFF1E2126C2CE9C580B7A95365463FBA84EA9","D:\Projetos\Neoeffex\neoeffex-site\modelos\hamburgueria\node_modules\three\src\renderers\shaders\ShaderChunk\morphtarget_vertex.glsl.js"
"9EAF54E726BBC9727F61597F43FA6F9E446FAA13389D96A4D025CAEA5FDC01DE","D:\Projetos\Neoeffex\neoeffex-site\modelos\hamburgueria\node_modules\three\src\renderers\shaders\ShaderChunk\normalmap_pars_fragment.glsl.js"
"37945CF80F1241EFA3D3016C09F6E7602A17671EBCBA7ACB4B1F8293C0522C23","D:\Projetos\Neoeffex\neoeffex-site\modelos\hamburgueria\node_modules\three\src\renderers\shaders\ShaderChunk\normal_fragment_begin.glsl.js"
"12E259E9FC6CC918CC9D981B0626106BD486255D888755EA4076D9156D7ADCBF","D:\Projetos\Neoeffex\neoeffex-site\modelos\hamburgueria\node_modules\three\src\renderers\shaders\ShaderChunk\normal_fragment_maps.glsl.js"
"E171ED98C15CB8FFF0FA55C21258D3884A15841AB29D3B9318F61DA8FAB7F131","D:\Projetos\Neoeffex\neoeffex-site\modelos\hamburgueria\node_modules\three\src\renderers\shaders\ShaderChunk\normal_pars_fragment.glsl.js"
"E171ED98C15CB8FFF0FA55C21258D3884A15841AB29D3B9318F61DA8FAB7F131","D:\Projetos\Neoeffex\neoeffex-site\modelos\hamburgueria\node_modules\three\src\renderers\shaders\ShaderChunk\normal_pars_vertex.glsl.js"
"C8630B22331FFF249236960A55BD4632EA0939D5E8B568474F2C8252804EB33D","D:\Projetos\Neoeffex\neoeffex-site\modelos\hamburgueria\node_modules\three\src\renderers\shaders\ShaderChunk\normal_vertex.glsl.js"
"324862640144661F29B44F4CB485BF407CEDBCDEF99ABB78F058680F75868966","D:\Projetos\Neoeffex\neoeffex-site\modelos\hamburgueria\node_modules\three\src\renderers\shaders\ShaderChunk\opaque_fragment.glsl.js"
"0A83DA52570B06621FD8973A9E76C3557FAC877B8D5493E66712A1EF0755398A","D:\Projetos\Neoeffex\neoeffex-site\modelos\hamburgueria\node_modules\three\src\renderers\shaders\ShaderChunk\packing.glsl.js"
"D44116EE8DFF394BF823239B7BB23E749BADB08A58C7F4490015AA4579A62B90","D:\Projetos\Neoeffex\neoeffex-site\modelos\hamburgueria\node_modules\three\src\renderers\shaders\ShaderChunk\premultiplied_alpha_fragment.glsl.js"
"74632CAA5CC4A9812B1BB423AAC7574748E648613C18898C6BF57D26B85600D3","D:\Projetos\Neoeffex\neoeffex-site\modelos\hamburgueria\node_modules\three\src\renderers\shaders\ShaderChunk\project_vertex.glsl.js"
"6566652068D55F54EDE23F6D6F4E58009CDD3B764C9174340EBBFB64887BFFAA","D:\Projetos\Neoeffex\neoeffex-site\modelos\hamburgueria\node_modules\three\src\renderers\shaders\ShaderChunk\roughnessmap_fragment.glsl.js"
"1FB30448FA3F616860CAC0FCD0EBC5D71428E7CCCE6A972741E95F3EE047D4EF","D:\Projetos\Neoeffex\neoeffex-site\modelos\hamburgueria\node_modules\three\src\renderers\shaders\ShaderChunk\roughnessmap_pars_fragment.glsl.js"
"7DC71646FC224152F251BB7878660FC7B0D7E99851FBF43C41E84551DB1B83B3","D:\Projetos\Neoeffex\neoeffex-site\modelos\hamburgueria\node_modules\three\src\renderers\shaders\ShaderChunk\shadowmap_pars_fragment.glsl.js"
"73CDAB4947D51FEBD2B37733D0AA8FCD8429636B57ECA57BF02DA7F79DB23561","D:\Projetos\Neoeffex\neoeffex-site\modelos\hamburgueria\node_modules\three\src\renderers\shaders\ShaderChunk\shadowmap_pars_vertex.glsl.js"
"E9305551CF151085E32AB7FC5221393979FFE2C1F00DB6EE41861F4C175FF58A","D:\Projetos\Neoeffex\neoeffex-site\modelos\hamburgueria\node_modules\three\src\renderers\shaders\ShaderChunk\shadowmap_vertex.glsl.js"
"3B52B7649644E5B7B4634730DE907CCF901B3CED6F16EE528105ADB522B099B5","D:\Projetos\Neoeffex\neoeffex-site\modelos\hamburgueria\node_modules\three\src\renderers\shaders\ShaderChunk\shadowmask_pars_fragment.glsl.js"
"B7C3BD51471E993F8FAE0463733B534529E32CB91CDABB423B4D89ED3CA7C5BF","D:\Projetos\Neoeffex\neoeffex-site\modelos\hamburgueria\node_modules\three\src\renderers\shaders\ShaderChunk\skinbase_vertex.glsl.js"
"6B67ABCFF3043A161C55A11E2994A1D0EE9C37626AA6FBE35A81F63893E7CE26","D:\Projetos\Neoeffex\neoeffex-site\modelos\hamburgueria\node_modules\three\src\renderers\shaders\ShaderChunk\skinning_pars_vertex.glsl.js"
"4422467001348636551CE64F1E6631D8A5032B7AC2788596C2DC5269618C7602","D:\Projetos\Neoeffex\neoeffex-site\modelos\hamburgueria\node_modules\three\src\renderers\shaders\ShaderChunk\skinning_vertex.glsl.js"
"5E6F1857D196E7CA79CC4E2EE35FBD128CA74003AD8B96484723D918CA631E49","D:\Projetos\Neoeffex\neoeffex-site\modelos\hamburgueria\node_modules\three\src\renderers\shaders\ShaderChunk\skinnormal_vertex.glsl.js"
"098D8AB59B11C5B06ACD176C56EF71AB4749A013A51BC5CF981E4701E458930A","D:\Projetos\Neoeffex\neoeffex-site\modelos\hamburgueria\node_modules\three\src\renderers\shaders\ShaderChunk\specularmap_fragment.glsl.js"
"AC921DB9035362E206A1A1A27FE6DD5808E76F02E859C4D118EFEF8E9068B9CC","D:\Projetos\Neoeffex\neoeffex-site\modelos\hamburgueria\node_modules\three\src\renderers\shaders\ShaderChunk\specularmap_pars_fragment.glsl.js"
"F03F887404CEB572E1197D7A8F9A47AA23E3C5EF53DDF3B84AF22EBCE4954F21","D:\Projetos\Neoeffex\neoeffex-site\modelos\hamburgueria\node_modules\three\src\renderers\shaders\ShaderChunk\tonemapping_fragment.glsl.js"
"447958B93D07616C83D9273829ED810EB734D02EBBE60F12FC9BDDA4F7928F44","D:\Projetos\Neoeffex\neoeffex-site\modelos\hamburgueria\node_modules\three\src\renderers\shaders\ShaderChunk\tonemapping_pars_fragment.glsl.js"
"C3C5F9E3AFD3139ED55B20B876E76366943A9998F2D66B8F57DDF5947F0C3676","D:\Projetos\Neoeffex\neoeffex-site\modelos\hamburgueria\node_modules\three\src\renderers\shaders\ShaderChunk\transmission_fragment.glsl.js"
"586F774384F3442BDCA1270D203B19F4CC318FD56EE522CDECC4A8B1CB9FC8FC","D:\Projetos\Neoeffex\neoeffex-site\modelos\hamburgueria\node_modules\three\src\renderers\shaders\ShaderChunk\transmission_pars_fragment.glsl.js"
"1B7F24F0A10B67355A8629620FF0075EB0E85943F8546639AE827F5B36CA5751","D:\Projetos\Neoeffex\neoeffex-site\modelos\hamburgueria\node_modules\three\src\renderers\shaders\ShaderChunk\uv_pars_fragment.glsl.js"
"24CC0D8C4D32DFBA83C7880E5EEAB3F6A69D6257432791392C8DE885CF9E76F0","D:\Projetos\Neoeffex\neoeffex-site\modelos\hamburgueria\node_modules\three\src\renderers\shaders\ShaderChunk\uv_pars_vertex.glsl.js"
"5D29F5E50B8BFD59DB1AB0D6BADA406DA6FAC531D45ED4FC3DE8BED94FD9AF21","D:\Projetos\Neoeffex\neoeffex-site\modelos\hamburgueria\node_modules\three\src\renderers\shaders\ShaderChunk\uv_vertex.glsl.js"
"D291CA05988F57312C060B33FA271472B3756B6A6B737934F5A04F882BF4F17F","D:\Projetos\Neoeffex\neoeffex-site\modelos\hamburgueria\node_modules\three\src\renderers\shaders\ShaderChunk\worldpos_vertex.glsl.js"
"0C8CFC87B295B403F46F77BF238DD464181C32E1409CB654AB0871A0C361C77B","D:\Projetos\Neoeffex\neoeffex-site\modelos\hamburgueria\node_modules\three\src\renderers\shaders\ShaderLib\background.glsl.js"
"C5949F6C4099452AB5DB242DC92F7908034410C7ACA7AFE332A3A836DD5DA338","D:\Projetos\Neoeffex\neoeffex-site\modelos\hamburgueria\node_modules\three\src\renderers\shaders\ShaderLib\backgroundCube.glsl.js"
"A63DB157216812253AB882CD4777B7F165CBBC34E38DF49C7B7A003F61BBC36E","D:\Projetos\Neoeffex\neoeffex-site\modelos\hamburgueria\node_modules\three\src\renderers\shaders\ShaderLib\cube.glsl.js"
"0B62D2ED2795F0052CDD00064ACEAB4B6F13BA5B2B282BD7C0CE25A58A2795B0","D:\Projetos\Neoeffex\neoeffex-site\modelos\hamburgueria\node_modules\three\src\renderers\shaders\ShaderLib\depth.glsl.js"
"460AE6685E8BA2AFCA9327D01B5FC58155B893F47BCCA652F662BB6ED11EE25A","D:\Projetos\Neoeffex\neoeffex-site\modelos\hamburgueria\node_modules\three\src\renderers\shaders\ShaderLib\distanceRGBA.glsl.js"
"D51F0E2635714FFA6E4E04D360F27E7ADB3E8563A32013EB4CD86BA312AB91E8","D:\Projetos\Neoeffex\neoeffex-site\modelos\hamburgueria\node_modules\three\src\renderers\shaders\ShaderLib\equirect.glsl.js"
"1B850FF1A6F8690C8EBE5D19F9268DAC08A298D3F0EB92CFE11A52AB3B00E0D2","D:\Projetos\Neoeffex\neoeffex-site\modelos\hamburgueria\node_modules\three\src\renderers\shaders\ShaderLib\linedashed.glsl.js"
"DA0944DC1E73D0D77A5CDE9B93F7D1BDC5C1E825E28E8C582AB1F06692992495","D:\Projetos\Neoeffex\neoeffex-site\modelos\hamburgueria\node_modules\three\src\renderers\shaders\ShaderLib\meshbasic.glsl.js"
"A32844736BDB29B558F6B92DD75A3D0677F9C3EF0304FFFC207A18AF797D6F85","D:\Projetos\Neoeffex\neoeffex-site\modelos\hamburgueria\node_modules\three\src\renderers\shaders\ShaderLib\meshlambert.glsl.js"
"6E0F370AFD832A4802BC9AA05D9B6FB6543EA0184BFDC87C8F635DE564B405D6","D:\Projetos\Neoeffex\neoeffex-site\modelos\hamburgueria\node_modules\three\src\renderers\shaders\ShaderLib\meshmatcap.glsl.js"
"068CAD37E886F2C30396445B684C1174944B212AB368F8032D98C6EE2A4CB585","D:\Projetos\Neoeffex\neoeffex-site\modelos\hamburgueria\node_modules\three\src\renderers\shaders\ShaderLib\meshnormal.glsl.js"
"B8C3FB8D1779F1B5CD1E0A1162CB567F5BDBBFBA01A83E2B073A857C773FE3FB","D:\Projetos\Neoeffex\neoeffex-site\modelos\hamburgueria\node_modules\three\src\renderers\shaders\ShaderLib\meshphong.glsl.js"
"7D48A4017F014606599EBB7C7325F3892EBA92D74A68955BAE90AA58852347F4","D:\Projetos\Neoeffex\neoeffex-site\modelos\hamburgueria\node_modules\three\src\renderers\shaders\ShaderLib\meshphysical.glsl.js"
"17098DE7F9439BE97D56F544D8B83B6E709905C5042F150A57AB7959E7B99B00","D:\Projetos\Neoeffex\neoeffex-site\modelos\hamburgueria\node_modules\three\src\renderers\shaders\ShaderLib\meshtoon.glsl.js"
"9568F49EBBAB4445979B1027F1FAAB0FA3D2C14A47D344B36E97323ECEE67E13","D:\Projetos\Neoeffex\neoeffex-site\modelos\hamburgueria\node_modules\three\src\renderers\shaders\ShaderLib\points.glsl.js"
"B07418184908F4B1819E4D595587F3D517785945F8C96879CA74CA00ECA84736","D:\Projetos\Neoeffex\neoeffex-site\modelos\hamburgueria\node_modules\three\src\renderers\shaders\ShaderLib\shadow.glsl.js"
"EC697FFB9101A43D40AD223F1C692DFAB15329353EEE7603C4F74B75023F6EF8","D:\Projetos\Neoeffex\neoeffex-site\modelos\hamburgueria\node_modules\three\src\renderers\shaders\ShaderLib\sprite.glsl.js"
"A7A1D551621E3083D7AADB00F5560CD6EDD0F6F0050EA1EA8EC1CCF16685CE8D","D:\Projetos\Neoeffex\neoeffex-site\modelos\hamburgueria\node_modules\three\src\renderers\shaders\ShaderLib\vsm.glsl.js"
"D8CB397892E0EB190C260777E59F8313E2CFC627D24428DE5B2B425BD05A6192","D:\Projetos\Neoeffex\neoeffex-site\modelos\hamburgueria\node_modules\three\src\renderers\webgl\WebGLAnimation.js"
"9132425F2359093927D6208CEEDF7447E8157C1A3325CDA45F941428B166FBF2","D:\Projetos\Neoeffex\neoeffex-site\modelos\hamburgueria\node_modules\three\src\renderers\webgl\WebGLAttributes.js"
"DA1770F82C1BD112215CDBFAF6374DBDBFDA91E8349879C61DD090AA67571BF5","D:\Projetos\Neoeffex\neoeffex-site\modelos\hamburgueria\node_modules\three\src\renderers\webgl\WebGLBackground.js"
"4545D5CCA0FD43D77A41A73EDA63F8312CC753F446831E7F981286EDBA8BDA17","D:\Projetos\Neoeffex\neoeffex-site\modelos\hamburgueria\node_modules\three\src\renderers\webgl\WebGLBindingStates.js"
"E0F4A6F1EDC8F72B901A2FE179548946EB11DE54C6CEF58A0ABA59A32376FBD8","D:\Projetos\Neoeffex\neoeffex-site\modelos\hamburgueria\node_modules\three\src\renderers\webgl\WebGLBufferRenderer.js"
"51D64EDD7205BDDEF77F43FA1625F63B50009B8A2F8D074455DA471850EAAB04","D:\Projetos\Neoeffex\neoeffex-site\modelos\hamburgueria\node_modules\three\src\renderers\webgl\WebGLCapabilities.js"
"5728F4EE3F35167E7B258E1519BFF7F7A43F219C53760FEDB113164310639D7D","D:\Projetos\Neoeffex\neoeffex-site\modelos\hamburgueria\node_modules\three\src\renderers\webgl\WebGLClipping.js"
"01AB233BFF503CAAF46C5029530868E0A336FCF012CBFDA638AB523A69BE6D28","D:\Projetos\Neoeffex\neoeffex-site\modelos\hamburgueria\node_modules\three\src\renderers\webgl\WebGLCubeMaps.js"
"19F5F08FEF7331E808826AFC68CE445B8799036C84C4D49938F0F85629DFC999","D:\Projetos\Neoeffex\neoeffex-site\modelos\hamburgueria\node_modules\three\src\renderers\webgl\WebGLCubeUVMaps.js"
"73DFECAFAFFF9CF93505258A529D6FEE2C20120407D8458F8D519B1546997D1C","D:\Projetos\Neoeffex\neoeffex-site\modelos\hamburgueria\node_modules\three\src\renderers\webgl\WebGLExtensions.js"
"ECCC56454C15928169C19DDE94C13AE4EA2DB8711D2F074A14B0FA41DDCD8992","D:\Projetos\Neoeffex\neoeffex-site\modelos\hamburgueria\node_modules\three\src\renderers\webgl\WebGLGeometries.js"
"35667F433FDEB02106AD4474489E59819AB14DFF91F43EEABC42E7ED52A89776","D:\Projetos\Neoeffex\neoeffex-site\modelos\hamburgueria\node_modules\three\src\renderers\webgl\WebGLIndexedBufferRenderer.js"
"E6C56A02EAED28924CE31B76A67D7CEBC717818F1AB5B87BC07320F975DEBDDD","D:\Projetos\Neoeffex\neoeffex-site\modelos\hamburgueria\node_modules\three\src\renderers\webgl\WebGLInfo.js"
"96B9B68A9B9108C6F98A01E9D1EC5174453C9D66F2158425924C333A3CEAC58C","D:\Projetos\Neoeffex\neoeffex-site\modelos\hamburgueria\node_modules\three\src\renderers\webgl\WebGLLights.js"
"7F388B17FEB29D5BFAC07D6F9FCDA3BC0CCB9E2EA5C8ED72A79550FA20007395","D:\Projetos\Neoeffex\neoeffex-site\modelos\hamburgueria\node_modules\three\src\renderers\webgl\WebGLMaterials.js"
"2CE90A7FBE8D817B2ADDEC2E70047C5C240DD366BA2B5A4FFB52ACF5B5758907","D:\Projetos\Neoeffex\neoeffex-site\modelos\hamburgueria\node_modules\three\src\renderers\webgl\WebGLMorphtargets.js"
"6CC2FD61BC05896E420FACEDC2736DC96625010973C2B5AE3D42AE8D8FA0F336","D:\Projetos\Neoeffex\neoeffex-site\modelos\hamburgueria\node_modules\three\src\renderers\webgl\WebGLObjects.js"
"D1CE381D6BFD7A632E708B1CD49B3332C16C5D0165A9532AB20788F6FAFCC7FA","D:\Projetos\Neoeffex\neoeffex-site\modelos\hamburgueria\node_modules\three\src\renderers\webgl\WebGLProgram.js"
"18ECC3548865997851EE8FC1C7758AAE078C572DA38609205D1B6AC139C7B453","D:\Projetos\Neoeffex\neoeffex-site\modelos\hamburgueria\node_modules\three\src\renderers\webgl\WebGLPrograms.js"
"FEFB713D30E2DF865B867E725592E8949C5735805A7D8963B98EB471C06C1589","D:\Projetos\Neoeffex\neoeffex-site\modelos\hamburgueria\node_modules\three\src\renderers\webgl\WebGLProperties.js"
"60355CFADED59C50E2A846EB30702B80BF1B84AE201300685A0889411B032F73","D:\Projetos\Neoeffex\neoeffex-site\modelos\hamburgueria\node_modules\three\src\renderers\webgl\WebGLRenderLists.js"
"1A23FE3517A2524F7B26BDD1A24058B6C9D029C54D20EE789ED5A27C0CB771C3","D:\Projetos\Neoeffex\neoeffex-site\modelos\hamburgueria\node_modules\three\src\renderers\webgl\WebGLRenderStates.js"
"19A7DC05063C1367FD718806028EFF6F30C4B4C5CABFEC21EFF0A11EA4459F98","D:\Projetos\Neoeffex\neoeffex-site\modelos\hamburgueria\node_modules\three\src\renderers\webgl\WebGLShader.js"
"2C5BC9A8FA3B58DB23C8FB675C86001036AC98E2920FFAD4E89AC0DFC024233F","D:\Projetos\Neoeffex\neoeffex-site\modelos\hamburgueria\node_modules\three\src\renderers\webgl\WebGLShaderCache.js"
"7C157A05D05D1F3F4D1090DBB923A6F14F0F03E799D64680D278D2A55F915041","D:\Projetos\Neoeffex\neoeffex-site\modelos\hamburgueria\node_modules\three\src\renderers\webgl\WebGLShadowMap.js"
"1F45F4E32C41CB59C7C913E946CD3B0AB945A42C08DF2BF304F1209F6D77C91C","D:\Projetos\Neoeffex\neoeffex-site\modelos\hamburgueria\node_modules\three\src\renderers\webgl\WebGLState.js"
"B163F0D958D36ED9985EBECFA8B69E6496642BB26E56A5AF1B499A92B350FF79","D:\Projetos\Neoeffex\neoeffex-site\modelos\hamburgueria\node_modules\three\src\renderers\webgl\WebGLTextures.js"
"5D856CBCB1FA946D82FD1AD5CAEE985A40128A5A09AE63D9897221B97175B6BE","D:\Projetos\Neoeffex\neoeffex-site\modelos\hamburgueria\node_modules\three\src\renderers\webgl\WebGLUniforms.js"
"63AABA855305D1431140097A82498C7F3E4AB9A7416E6354D5F8B3F2A4677554","D:\Projetos\Neoeffex\neoeffex-site\modelos\hamburgueria\node_modules\three\src\renderers\webgl\WebGLUniformsGroups.js"
"50F09098F9D0472B7F4E7E1FA2FED1AD98182D5192098E8CBB52EE2AD1406F4C","D:\Projetos\Neoeffex\neoeffex-site\modelos\hamburgueria\node_modules\three\src\renderers\webgl\WebGLUtils.js"
"DAE323CD6B68F14422D89953D69673CB8D0BD4E4A9FD4497D6E1B6097047449E","D:\Projetos\Neoeffex\neoeffex-site\modelos\hamburgueria\node_modules\three\src\renderers\webgl-fallback\WebGLBackend.js"
"79E6139336115C5EE3D9A8CF2C3ACB6F493C2F4D40741C621A7EA2C0ECB5BEC5","D:\Projetos\Neoeffex\neoeffex-site\modelos\hamburgueria\node_modules\three\src\renderers\webgl-fallback\WebGLBufferRenderer.js"
"82182ED00378CBE8FBB98DCCF0EE4DFED3EC58792BF29D1A7141D74F53FD8943","D:\Projetos\Neoeffex\neoeffex-site\modelos\hamburgueria\node_modules\three\src\renderers\webgl-fallback\nodes\GLSLNodeBuilder.js"
"3D3CDF5A920389CD30DD5271DD099DA11DD95FA264844BE33FF7AD3CA05325B2","D:\Projetos\Neoeffex\neoeffex-site\modelos\hamburgueria\node_modules\three\src\renderers\webgl-fallback\utils\WebGLAttributeUtils.js"
"C1EA5E88AB73B7B8BF82CA913F462215B3A18CFDEE0D4F7C2F72383EAE4A693A","D:\Projetos\Neoeffex\neoeffex-site\modelos\hamburgueria\node_modules\three\src\renderers\webgl-fallback\utils\WebGLCapabilities.js"
"B91E6BA7A270DD47F8CCD1D45FE6D45F7F4FA82582EE2186638D1AB32D164DE5","D:\Projetos\Neoeffex\neoeffex-site\modelos\hamburgueria\node_modules\three\src\renderers\webgl-fallback\utils\WebGLConstants.js"
"7376618F1A6F89A15C56ABB7ECB4AED4CABCC7A518D78748DC8628594B3FD5D0","D:\Projetos\Neoeffex\neoeffex-site\modelos\hamburgueria\node_modules\three\src\renderers\webgl-fallback\utils\WebGLExtensions.js"
"4A7BD1D109FCDE153AFE2D7507CC6ACB387DF1EED3C3AEF2837DA0786B8C944C","D:\Projetos\Neoeffex\neoeffex-site\modelos\hamburgueria\node_modules\three\src\renderers\webgl-fallback\utils\WebGLState.js"
"CFFA4A6804C9538B215E9AA9733D88AD51A531AD02C15DFFFCA0A3168D1FEF83","D:\Projetos\Neoeffex\neoeffex-site\modelos\hamburgueria\node_modules\three\src\renderers\webgl-fallback\utils\WebGLTextureUtils.js"
"D2F65241FDCF75C656C02EEFEAC57BAA9C0D8F96AC56BFA3B9F3A485D4022245","D:\Projetos\Neoeffex\neoeffex-site\modelos\hamburgueria\node_modules\three\src\renderers\webgl-fallback\utils\WebGLTimestampQueryPool.js"
"0959A4CD3DA481D398C37ECBE3C94B7115FDA212474B92035BC68C68AB7AA2B3","D:\Projetos\Neoeffex\neoeffex-site\modelos\hamburgueria\node_modules\three\src\renderers\webgl-fallback\utils\WebGLUtils.js"
"E394BAC8164B844B0BF9DF425E90EDAAC96A1DF2C0ADC710BCF3623CD313DDC3","D:\Projetos\Neoeffex\neoeffex-site\modelos\hamburgueria\node_modules\three\src\renderers\webgpu\WebGPUBackend.js"
"53DE76BC549A74FB515D914AE6B583BF5BEF9EDF7F3A43E05D2C893848F88D93","D:\Projetos\Neoeffex\neoeffex-site\modelos\hamburgueria\node_modules\three\src\renderers\webgpu\WebGPURenderer.js"
"247A22B1EFBDC4BC53D73009E25A6C6B0BBAD1FCBBE673F7D496B80E22EE0E19","D:\Projetos\Neoeffex\neoeffex-site\modelos\hamburgueria\node_modules\three\src\renderers\webgpu\WebGPURenderer.Nodes.js"
"1BD6BCF537749B26BBCDB596C9A779476BC178CA11A50044BD0E195D14BEC576","D:\Projetos\Neoeffex\neoeffex-site\modelos\hamburgueria\node_modules\three\src\renderers\webgpu\nodes\BasicNodeLibrary.js"
"720435234D33AB2654FF9B2873EE45E860A22D84FB6C4783AA1782E49E6D84E6","D:\Projetos\Neoeffex\neoeffex-site\modelos\hamburgueria\node_modules\three\src\renderers\webgpu\nodes\StandardNodeLibrary.js"
"D975D45AF6F58A1270A34EAC77B4D17D8CCE2C25EB8BD52970D663C58ADED088","D:\Projetos\Neoeffex\neoeffex-site\modelos\hamburgueria\node_modules\three\src\renderers\webgpu\nodes\WGSLNodeBuilder.js"
"BD6E292EE15EDB53F7FB6CAA403085A482817355AF14DC51612A7AC0B17339F4","D:\Projetos\Neoeffex\neoeffex-site\modelos\hamburgueria\node_modules\three\src\renderers\webgpu\nodes\WGSLNodeFunction.js"
"EB8C8BB893A503CE802EEAF4486D6E83DEC60493C28EB90ECD57056CCAE31474","D:\Projetos\Neoeffex\neoeffex-site\modelos\hamburgueria\node_modules\three\src\renderers\webgpu\nodes\WGSLNodeParser.js"
"72966429353066DB259E52D0288356C2A16078C75024D3BFD5A88E17FF9A1CA6","D:\Projetos\Neoeffex\neoeffex-site\modelos\hamburgueria\node_modules\three\src\renderers\webgpu\utils\WebGPUAttributeUtils.js"
"1A797C61AADD3C72CA5D52450C2F34F2DF9DF8459C486FDFF93034ED176B73AA","D:\Projetos\Neoeffex\neoeffex-site\modelos\hamburgueria\node_modules\three\src\renderers\webgpu\utils\WebGPUBindingUtils.js"
"F4BA4316B12ED9EF1D8BAEF592161AA0A82A268E3E3748DE7A9C58909D82A60F","D:\Projetos\Neoeffex\neoeffex-site\modelos\hamburgueria\node_modules\three\src\renderers\webgpu\utils\WebGPUConstants.js"
"F6A1FBDE0F117B2652C023B0BC4D8BA5DB42B137BDA32E2CBBD5829538ECF41B","D:\Projetos\Neoeffex\neoeffex-site\modelos\hamburgueria\node_modules\three\src\renderers\webgpu\utils\WebGPUPipelineUtils.js"
"C1DCABD23FE0279E583FA40B1D332377076D378CD261638A7811D1E88BE69AAD","D:\Projetos\Neoeffex\neoeffex-site\modelos\hamburgueria\node_modules\three\src\renderers\webgpu\utils\WebGPUTexturePassUtils.js"
"43A9D31FFE839542CD275AFF8D1C48CE165F044D14E28D1A8E5BA54FAF508843","D:\Projetos\Neoeffex\neoeffex-site\modelos\hamburgueria\node_modules\three\src\renderers\webgpu\utils\WebGPUTextureUtils.js"
"1EA8E2F3A678F947A3236DED7D52288A7DD90AD064D4619FEC7D6E06FBA3E093","D:\Projetos\Neoeffex\neoeffex-site\modelos\hamburgueria\node_modules\three\src\renderers\webgpu\utils\WebGPUTimestampQueryPool.js"
"2A8A222C9994D28E1F3390E03A3F75DAB5EE62337605596BE12C21068EBAFFE7","D:\Projetos\Neoeffex\neoeffex-site\modelos\hamburgueria\node_modules\three\src\renderers\webgpu\utils\WebGPUUtils.js"
"03C8D9B602EAC4E04A7FE97652AEAA21B320E2DFE6F6DF5816BC2614ACEE06BB","D:\Projetos\Neoeffex\neoeffex-site\modelos\hamburgueria\node_modules\three\src\renderers\webxr\WebXRController.js"
"C0FD937DCEF48F7667C54B9DD2FDB9285E4D2681CB094569B73A47AB0F6D482E","D:\Projetos\Neoeffex\neoeffex-site\modelos\hamburgueria\node_modules\three\src\renderers\webxr\WebXRDepthSensing.js"
"74C02BE9D9687A75CADEDAD0D36E9E0E9510BC8C08C32BED03F43225E5CE49DD","D:\Projetos\Neoeffex\neoeffex-site\modelos\hamburgueria\node_modules\three\src\renderers\webxr\WebXRManager.js"
"BC0C369CC86B5B84E035BC50D2FA0DD569C6D44E9AAD9C4C0342C4521CAD3306","D:\Projetos\Neoeffex\neoeffex-site\modelos\hamburgueria\node_modules\three\src\scenes\Fog.js"
"C1FBAFFFB04670FC17FC64EC313C5209A0BDC7191A064FD50D8A3E8AC30FF43C","D:\Projetos\Neoeffex\neoeffex-site\modelos\hamburgueria\node_modules\three\src\scenes\FogExp2.js"
"C6DCB7E8D243D31B08F7AC80BE8B1D7E1337C10E837C2B38204B789D8CC4917C","D:\Projetos\Neoeffex\neoeffex-site\modelos\hamburgueria\node_modules\three\src\scenes\Scene.js"
"F6258EA9F08F511B79C86C530665747F7152E5345ABBFE4DFF7D7EA60BCA634B","D:\Projetos\Neoeffex\neoeffex-site\modelos\hamburgueria\node_modules\three\src\textures\CanvasTexture.js"
"C8CBEAE2E300C82E2DFE749EF185600C37600830FE39B758A2B39BDBEBD18488","D:\Projetos\Neoeffex\neoeffex-site\modelos\hamburgueria\node_modules\three\src\textures\CompressedArrayTexture.js"
"7A8266C421B691D3BD1FC6829B4029ED06978E77707F45BA45460BFA9B0E7CFA","D:\Projetos\Neoeffex\neoeffex-site\modelos\hamburgueria\node_modules\three\src\textures\CompressedCubeTexture.js"
"26B1FD0AFEE60A738282661332CC7CCE8AEAB7771490998F9864699FED3CB8F4","D:\Projetos\Neoeffex\neoeffex-site\modelos\hamburgueria\node_modules\three\src\textures\CompressedTexture.js"
"3D53B1529EEEA457A2A48F72AD68289B7DF0A2FE0745A439A36A2D0245EF5231","D:\Projetos\Neoeffex\neoeffex-site\modelos\hamburgueria\node_modules\three\src\textures\CubeTexture.js"
"CA280CAE0EC3771EEABE2E2D4842818D482D196B18193EF30E5BBFB791C542B9","D:\Projetos\Neoeffex\neoeffex-site\modelos\hamburgueria\node_modules\three\src\textures\Data3DTexture.js"
"99C0ABFBC7FAD10E4C807C881CB4EEC87FE75059CF89D50BFF17E0F6A3411827","D:\Projetos\Neoeffex\neoeffex-site\modelos\hamburgueria\node_modules\three\src\textures\DataArrayTexture.js"
"2C2A008A69A4BE320698F24DBEA286DE80E73A2AEC4F5BB4AD88A4C2ECB0C9AA","D:\Projetos\Neoeffex\neoeffex-site\modelos\hamburgueria\node_modules\three\src\textures\DataTexture.js"
"4BAEE58241C075CF56BFED526A3C280F40E03B3E3161919D2958CEFC05E18E5B","D:\Projetos\Neoeffex\neoeffex-site\modelos\hamburgueria\node_modules\three\src\textures\DepthTexture.js"
"045E77EAA5EBEABDB460FD13082C883850AC434448F4DE1D1EDBA0B2E24EABC4","D:\Projetos\Neoeffex\neoeffex-site\modelos\hamburgueria\node_modules\three\src\textures\ExternalTexture.js"
"2C4BAF4AE8984860A42BDA8E7A0C9D4EB15A6401A897A164CF43A73707E8A03F","D:\Projetos\Neoeffex\neoeffex-site\modelos\hamburgueria\node_modules\three\src\textures\FramebufferTexture.js"
"54D1056F3AD8F29846B83A448EA5DF6A84004BC7B2E35D4286CB0B928D093439","D:\Projetos\Neoeffex\neoeffex-site\modelos\hamburgueria\node_modules\three\src\textures\Source.js"
"CA120E07C101C3137FA25B13A2FC07AC7BAF58C7E85690F0A584F7F39393BC87","D:\Projetos\Neoeffex\neoeffex-site\modelos\hamburgueria\node_modules\three\src\textures\Texture.js"
"C4EC3A2F938FA884EF47B53AEFB7686E3DBEA6786D590B34E95AC17AAD49D339","D:\Projetos\Neoeffex\neoeffex-site\modelos\hamburgueria\node_modules\three\src\textures\VideoFrameTexture.js"
"306C389061F728DC7462F628D3C0993915FFDEDE9E456AF3D85D8B9BB186A0C6","D:\Projetos\Neoeffex\neoeffex-site\modelos\hamburgueria\node_modules\three\src\textures\VideoTexture.js"
"22C68811E174CBBFB3813D4135918DF4F540959C14D872E601D9ABE83D3CDE8F","D:\Projetos\Neoeffex\neoeffex-site\modelos\hamburgueria\node_modules\tinyglobby\LICENSE"
"BD2B2AF3C9BA0580F1ACFB22C55D0B6D29ABF683AF5CAC8A2EFE82FA7C943F23","D:\Projetos\Neoeffex\neoeffex-site\modelos\hamburgueria\node_modules\tinyglobby\package.json"
"657D808498DDDF2EA2049DD44F008CD18C260893EF73920285D7B3E9AFCB7072","D:\Projetos\Neoeffex\neoeffex-site\modelos\hamburgueria\node_modules\tinyglobby\README.md"
"EE408BBC9665CBA5800A6B2A0C89DD3DF9820BAA30D4FF3BA2F2435F16CE9F94","D:\Projetos\Neoeffex\neoeffex-site\modelos\hamburgueria\node_modules\tinyglobby\dist\index.cjs"
"737DA79B3269B992ED4AA9A9F799EC85AE0EB5236A3F63125382E52E02E0C832","D:\Projetos\Neoeffex\neoeffex-site\modelos\hamburgueria\node_modules\tinyglobby\dist\index.d.cts"
"737DA79B3269B992ED4AA9A9F799EC85AE0EB5236A3F63125382E52E02E0C832","D:\Projetos\Neoeffex\neoeffex-site\modelos\hamburgueria\node_modules\tinyglobby\dist\index.d.mts"
"FC1BED0D5DA56D4638002AF7DEAF6D179E183A85DE648C180839CA36B21B3B50","D:\Projetos\Neoeffex\neoeffex-site\modelos\hamburgueria\node_modules\tinyglobby\dist\index.mjs"
"1EEF826BC4A19DE22155487984E345A34C9CD511DD1170EDC7A447CB8231DD4A","D:\Projetos\Neoeffex\neoeffex-site\modelos\hamburgueria\node_modules\vite\client.d.ts"
"A77A1C089806B39AD339535BDF3677F636C91D96693E8AD7B11FE733F650EA64","D:\Projetos\Neoeffex\neoeffex-site\modelos\hamburgueria\node_modules\vite\LICENSE.md"
"E5ED0F85215F871FE22A48987DCD77FCFBE14064A53C0C9F7F48186A6B7E2CF0","D:\Projetos\Neoeffex\neoeffex-site\modelos\hamburgueria\node_modules\vite\package.json"
"223635A2336DD42AC73EC67BBEA116086875F640BC28FCEB8846C572A496D673","D:\Projetos\Neoeffex\neoeffex-site\modelos\hamburgueria\node_modules\vite\README.md"
"6378265753D5B712ADC837BB07DB3169B1BE8A3C6179571B821AA7BE2E2ED308","D:\Projetos\Neoeffex\neoeffex-site\modelos\hamburgueria\node_modules\vite\bin\openChrome.js"
"FA03478846D229651A3C6AA64833BA2C6CBF580A798B92BD8F47C7480BAFB5D8","D:\Projetos\Neoeffex\neoeffex-site\modelos\hamburgueria\node_modules\vite\bin\vite.js"
"ADC8D1D9BAB80984E8F7136074AF8EE8E6F63BCF8EE75D8950577E4BD73AF23A","D:\Projetos\Neoeffex\neoeffex-site\modelos\hamburgueria\node_modules\vite\dist\client\client.mjs"
"98339370FA9A7F50C9DEBE091DB27248CBB7280E29CC9770D214E6DFA7B6F73A","D:\Projetos\Neoeffex\neoeffex-site\modelos\hamburgueria\node_modules\vite\dist\client\env.mjs"
"6B9001816EB5FB0979CBE380ED2116DB93E315FF22EBF7FE55A4FC60458FA067","D:\Projetos\Neoeffex\neoeffex-site\modelos\hamburgueria\node_modules\vite\dist\node\cli.js"
"CBB1C5BA5DBABE42C19CA31B83E48FEC95895484FE1D1A8FB649B69EA224C5B8","D:\Projetos\Neoeffex\neoeffex-site\modelos\hamburgueria\node_modules\vite\dist\node\index.d.ts"
"8B142BD1231A46BF2CAD4C05B3F76DE5B183064EE771B9934FBAFFB70B914652","D:\Projetos\Neoeffex\neoeffex-site\modelos\hamburgueria\node_modules\vite\dist\node\index.js"
"FF0A83C9A0489A627E264FFCB63F2264B935B20A502AFA3A018848139E3D8575","D:\Projetos\Neoeffex\neoeffex-site\modelos\hamburgueria\node_modules\vite\dist\node\module-runner.d.ts"
"E9E66CBA21FC780AE9A5A64DA48503AFA49BF9BC25C69007333C7835B763B89C","D:\Projetos\Neoeffex\neoeffex-site\modelos\hamburgueria\node_modules\vite\dist\node\module-runner.js"
"F228B2FCE893CF356A609B538462FE26E2CE918D49B887F6312176E2923857E2","D:\Projetos\Neoeffex\neoeffex-site\modelos\hamburgueria\node_modules\vite\dist\node\chunks\build.js"
"129CEA220306A5054D78ACE4A48D88CBC5C0F093C9B6499CDD1C4539742E3077","D:\Projetos\Neoeffex\neoeffex-site\modelos\hamburgueria\node_modules\vite\dist\node\chunks\build2.js"
"4A512EDEB87A37ABC7FD2574A176DDDDA623EBD49E041F0B77A8ECD373F91BA5","D:\Projetos\Neoeffex\neoeffex-site\modelos\hamburgueria\node_modules\vite\dist\node\chunks\chunk.js"
"C2FCFA51206DC1F8D22120EF4A82AF8B9ACDC02F4476520B6A0897D12A724BA3","D:\Projetos\Neoeffex\neoeffex-site\modelos\hamburgueria\node_modules\vite\dist\node\chunks\config.js"
"041E72699A9BE7AB6BA99B771E5A0BC6BEB2CFAE02673630DECE92B99CA3912C","D:\Projetos\Neoeffex\neoeffex-site\modelos\hamburgueria\node_modules\vite\dist\node\chunks\config2.js"
"3B2D73DCAC21BAB6A1D49EE88CD3F083A1D70F79B0733B5CAD9E8BAC20B76867","D:\Projetos\Neoeffex\neoeffex-site\modelos\hamburgueria\node_modules\vite\dist\node\chunks\dist.js"
"96C7CBD2A91D962962BE93F256E83643E59EBC0EEC1F63EF1700E6114D037CE7","D:\Projetos\Neoeffex\neoeffex-site\modelos\hamburgueria\node_modules\vite\dist\node\chunks\lib.js"
"88C4E6E2D6D81A4EF7EEA5CB12D0E47150F405E5642AA94EB8A199DE8E40ED2E","D:\Projetos\Neoeffex\neoeffex-site\modelos\hamburgueria\node_modules\vite\dist\node\chunks\logger.js"
"10073CDCF56982064C5337787CC59B79586131E1B28C106EDE5BFF362F912B70","D:\Projetos\Neoeffex\neoeffex-site\modelos\hamburgueria\node_modules\vite\dist\node\chunks\moduleRunnerTransport.d.ts"
"564BE35D0C93033678A68F2D1D80658EBA9750B6BF41571222C1C04ACFFAC506","D:\Projetos\Neoeffex\neoeffex-site\modelos\hamburgueria\node_modules\vite\dist\node\chunks\optimizer.js"
"A66E817C638F539B5C3876576302454413A03AF7B4BC084C62B2A3E4E0B60EBD","D:\Projetos\Neoeffex\neoeffex-site\modelos\hamburgueria\node_modules\vite\dist\node\chunks\postcss-import.js"
"E4FBF251258588CD0048AADED7FC414014B4A65028B42838CA5B2E522D7FCA3A","D:\Projetos\Neoeffex\neoeffex-site\modelos\hamburgueria\node_modules\vite\dist\node\chunks\preview.js"
"5EAE10DA11AA502440652E25CF92B14EA5EEC7A3D88B95E7D4132062AA6FDCB9","D:\Projetos\Neoeffex\neoeffex-site\modelos\hamburgueria\node_modules\vite\dist\node\chunks\server.js"
"3F405F8C82812B5FD5A6CA325A1B9039479BF9DE3EE1EF51D76EA80FBA7D486C","D:\Projetos\Neoeffex\neoeffex-site\modelos\hamburgueria\node_modules\vite\misc\false.js"
"1CA1FF5B531880DE960715F4622CB4BFE61620AD0AB56764A00F3AFE2BF2981A","D:\Projetos\Neoeffex\neoeffex-site\modelos\hamburgueria\node_modules\vite\misc\true.js"
"72950913F4900B680F44D8CAB6DD1EA0311698FC1EEFB014EB9CDFC37AC4A734","D:\Projetos\Neoeffex\neoeffex-site\modelos\hamburgueria\node_modules\vite\types\customEvent.d.ts"
"A7CA8DF4F2931BEF2AA4118078584D84A0B16539598EAADF7DCE9104DFAA381C","D:\Projetos\Neoeffex\neoeffex-site\modelos\hamburgueria\node_modules\vite\types\hmrPayload.d.ts"
"36977C14A7F7BFC8C0426AE4343875689949FB699F3F84ECBE5B300EBF9A2C55","D:\Projetos\Neoeffex\neoeffex-site\modelos\hamburgueria\node_modules\vite\types\hot.d.ts"
"28A9D5C4741FDD62A94FAEA49EF7585D825E8379E5D23A2D773F723CE56D6B50","D:\Projetos\Neoeffex\neoeffex-site\modelos\hamburgueria\node_modules\vite\types\import-meta.d.ts"
"59F8DC89B9E724A6A667F52CDF4B90B6816AE6C9842CE176D38FCC973669009E","D:\Projetos\Neoeffex\neoeffex-site\modelos\hamburgueria\node_modules\vite\types\importGlob.d.ts"
"474EBA6689E97BF58EDD28C90524E70F4FB11820DF66752182A1AD1FF9970BB2","D:\Projetos\Neoeffex\neoeffex-site\modelos\hamburgueria\node_modules\vite\types\importMeta.d.ts"
"E4AF494F7A14B226BBE732E9C130D8811F8C7025911D7C58DD97121A85519715","D:\Projetos\Neoeffex\neoeffex-site\modelos\hamburgueria\node_modules\vite\types\metadata.d.ts"
"22FE256AB91F03F1E8DDB5182CEDF07448ACE5AB09C6A73467CA1BE3E83BEAF4","D:\Projetos\Neoeffex\neoeffex-site\modelos\hamburgueria\node_modules\vite\types\package.json"
"960BD764C62AC43EDC24EAA2AF958A4B4F1FA5D27DF5237E176D0143B36A39C6","D:\Projetos\Neoeffex\neoeffex-site\modelos\hamburgueria\node_modules\vite\types\internal\cssPreprocessorOptions.d.ts"
"4EC16D7A4E366C06A4573D299E15FE6207FC080F41BEAC5DA06F4AF33EA9761E","D:\Projetos\Neoeffex\neoeffex-site\modelos\hamburgueria\node_modules\vite\types\internal\lightningcssOptions.d.ts"
"F582B0FCBF1EEA9B318AB92FB89EA9AB2EBB84F9B60AF89328A91155E1AFCE72","D:\Projetos\Neoeffex\neoeffex-site\modelos\hamburgueria\node_modules\vite\types\internal\terserOptions.d.ts"
"84FD7DA25244EDCF60C45CA3B87906A493CDDFF456398B0CD6416C1C77E17653","D:\Projetos\Neoeffex\neoeffex-site\modelos\hamburgueria\public\hdr\burger-studio.hdr"
"4D1BF6410F196F7964ECA34381A13D49DE492AEF6DCBA8F232F8387C3F02FB94","D:\Projetos\Neoeffex\neoeffex-site\modelos\hamburgueria\public\models\burger.glb"
"F9395A3842A17AAF047AB7C60558C343524CE182E46FA6A7A385FD3AE27F1FE0","D:\Projetos\Neoeffex\neoeffex-site\modelos\hamburgueria\source\GEMINI.md"
"0C7557E7DD7190178CCB292F3593751869D21E24D021FF43AB35B828991EF256","D:\Projetos\Neoeffex\neoeffex-site\modelos\hamburgueria\source\index.html"
"84FD7DA25244EDCF60C45CA3B87906A493CDDFF456398B0CD6416C1C77E17653","D:\Projetos\Neoeffex\neoeffex-site\modelos\hamburgueria\source\public\hdr\burger-studio.hdr"
"270C6013EC4E0D7792A20B7C483779AE702DF5317E08FEB151B296BC74007532","D:\Projetos\Neoeffex\neoeffex-site\modelos\hamburgueria\source\public\models\burger.glb"
"CA84C58DA7BF2AFDAC09BC45E4748C216DCD69C2379D217CF14B3FF69CDF371D","D:\Projetos\Neoeffex\neoeffex-site\modelos\hamburgueria\source\src\burger3d.js"
"A660C5C5F4791E98DBE281FE0A054316BBE4E88347806700AB67681BC0314AE5","D:\Projetos\Neoeffex\neoeffex-site\modelos\hamburgueria\source\src\catalog.js"
"E045ECC1DE26EF894CC8DF4A02D7C736A5C2C1CDCA38047FBB27FBEB8C0FDCE6","D:\Projetos\Neoeffex\neoeffex-site\modelos\hamburgueria\source\src\config.js"
"5D7D3BA4322099C897CAFAB035AA8EFFF02F558562321907BCC35DF8544CE6B6","D:\Projetos\Neoeffex\neoeffex-site\modelos\hamburgueria\source\src\main.js"
"807DCD775957661A658B0D6E7C9374E440AEEC43A82864BF61F97FC416306AAE","D:\Projetos\Neoeffex\neoeffex-site\modelos\hamburgueria\source\src\site.css"
"D6484FFB487BB61EDA6B8FABA32B11153A440AEC9029045AFDD0635732D5F493","D:\Projetos\Neoeffex\neoeffex-site\modelos\hamburgueria\source\src\site.js"
"FA57020616D8D8ED9074FF5A8137B0D21EC33784DB634EDD77CA1CC6DF0F0D29","D:\Projetos\Neoeffex\neoeffex-site\modelos\hamburgueria\src\burger3d.js"
"A3B8C80B4BFD0BDC17C908CF6B72B91A36221D82D042787706F92A011E2B48F8","D:\Projetos\Neoeffex\neoeffex-site\modelos\hamburgueria\src\catalog.js"
"0AC0ABD243B677BD2A9AF773F63F6E9A84E4B912D6747CDF5CA2FB2CFEECB112","D:\Projetos\Neoeffex\neoeffex-site\modelos\hamburgueria\src\config.js"
"18D90432A50B33F4FC09E3735F1FCD4E532F05AEE166570A6392903BD98E7D7E","D:\Projetos\Neoeffex\neoeffex-site\modelos\hamburgueria\src\main.js"
"E98349ADAFE1104C29ACEA271DF5DB844A0A0AFAD61CA02CBF9EAFA5C3001B37","D:\Projetos\Neoeffex\neoeffex-site\modelos\hamburgueria\src\site.css"
"D6484FFB487BB61EDA6B8FABA32B11153A440AEC9029045AFDD0635732D5F493","D:\Projetos\Neoeffex\neoeffex-site\modelos\hamburgueria\src\site.js"
"03FE845A925B21F877FD6C718794A6F88CEB6E14CF8DFDDF9DFC8304063A6B19","D:\Projetos\Neoeffex\neoeffex-site\modelos\hamburgueria\tests\validate.mjs"
"220FFAF6BBCE09092890D322CA1BC8F5237A3E50228F650F1B8EEE385CCD59A8","D:\Projetos\Neoeffex\neoeffex-site\modelos\hamburgueria\tools\publish-build.mjs"
"5999CBF13FD434B314FAF49039C7E7AC4A68505BE021472190E833CC0D096540","D:\Projetos\Neoeffex\neoeffex-site\modelos\hamburgueria\tools\sync-live.mjs"
"B9AE0711C7D47C7515EA55DC1725355205738442FF55BE2ACA105C65FAE329F6","D:\Projetos\Neoeffex\neoeffex-site\modelos\hortifruti\GEMINI.md"
"8F4AE58002A6627A9F27A3CFC5588995D8E76065356A40AFAD3423FD48EA2D22","D:\Projetos\Neoeffex\neoeffex-site\modelos\hortifruti\index.html"
"6C77D9D57E76DB6E643B0219D0A202FA43A2E85B2E8C53495758DA5D972FF063","D:\Projetos\Neoeffex\neoeffex-site\modelos\hortifruti\README.md"
"16C5B86F2D339D431BD4BC6A0D66E1A6F3A340DB5EDF6584FA3AE1D03FDAB623","D:\Projetos\Neoeffex\neoeffex-site\modelos\hortifruti\VALIDACAO.md"
"F0BEFBAC711FD9D41E6ED901F93C6369964E29BD0175CCCBCCF46390E2874CAA","D:\Projetos\Neoeffex\neoeffex-site\modelos\hortifruti\assets\css\style.css"
"96D9588D336E8CB80AAE546F86450339DB423B0EFA7DC2A8582AF83D6BD40C29","D:\Projetos\Neoeffex\neoeffex-site\modelos\hortifruti\assets\img\banca.webp"
"07BFBCF52003B10E4E553F27C1D796585942F96283A9FDD488C952F5F15DAD02","D:\Projetos\Neoeffex\neoeffex-site\modelos\hortifruti\assets\img\hero-mobile.webp"
"169437B71FF942643CC65B739E8C687F9DC98EE8B950B9274E20574CF359A63B","D:\Projetos\Neoeffex\neoeffex-site\modelos\hortifruti\assets\img\hero.webp"
"0E8860B91D14CB5E1E0D8ED36EBD16EF61D490C67254120F98EDA74248AFA6D9","D:\Projetos\Neoeffex\neoeffex-site\modelos\hortifruti\assets\img\salada.webp"
"E6BF5FA53AFDD6BE1FB2D7279DEE13C9B76E2EA3F89B2D3F5487BB6B5F847B70","D:\Projetos\Neoeffex\neoeffex-site\modelos\hortifruti\assets\img\vegetais.webp"
"84EC85BA71CE771A3628683B0AA427C44619C2021A6DCFDB12C2B7DB0E41B549","D:\Projetos\Neoeffex\neoeffex-site\modelos\hortifruti\assets\js\catalog.js"
"0C51E6FB99473A85A9F1EAE7EE7A111D4D5C0AB10D61347D98AE6041935FDAC8","D:\Projetos\Neoeffex\neoeffex-site\modelos\hortifruti\assets\js\config.js"
"8ACC767072C4EC82B0811D928A718F601E7DE5933E93741B914FFC9D5C50C4D5","D:\Projetos\Neoeffex\neoeffex-site\modelos\hortifruti\assets\js\main.js"
"5AFE67369577EA2FA37A6C7C56CE806807B5A381F690A7F711378422E46F6042","D:\Projetos\Neoeffex\neoeffex-site\modelos\hortifruti\assets\js\theme.js"
"4BC0F381296BBF0BD8A6A999AE66D86E6DEF3F6C261BD9F98198AD02F0DE60A4","D:\Projetos\Neoeffex\neoeffex-site\sites\lu-leve-e-saudavel\.editorconfig"
"11E971CF9A787B12796220765AEABD66F1D4D5BB5C8718FEAFA92A8B82A0D26F","D:\Projetos\Neoeffex\neoeffex-site\sites\lu-leve-e-saudavel\.gitattributes"
"920C5A76C41F414D4A42FAE0A1A4DE45A0DDB6785EED48F68B193D5B1D12F1A5","D:\Projetos\Neoeffex\neoeffex-site\sites\lu-leve-e-saudavel\.gitignore"
"A43A5BA387F621F4BE2B26A31158F7ABD8B172A56699F4180376B6168AD3B599","D:\Projetos\Neoeffex\neoeffex-site\sites\lu-leve-e-saudavel\CHANGELOG.md"
"ACF9421AF77C7283AF21F8A1A161E048300B6A8AC42BA80C12A1FCE4498F188E","D:\Projetos\Neoeffex\neoeffex-site\sites\lu-leve-e-saudavel\GEMINI.md"
"26AC33001B85FD234D141967BB15099CBF0EB8EE20EA1E41EBF36B04FFA152CC","D:\Projetos\Neoeffex\neoeffex-site\sites\lu-leve-e-saudavel\index.html"
"247122CB934D5D854719AAD36A8C3729ED9FC623513B78DE89BF0C593CA700FD","D:\Projetos\Neoeffex\neoeffex-site\sites\lu-leve-e-saudavel\README.md"
"0325F4D1419FBFC6BEBD249C288932FB9435C2B00A952839F8126D08EE6AADBE","D:\Projetos\Neoeffex\neoeffex-site\sites\lu-leve-e-saudavel\VERSION"
"566E722DE1FAF0C7F7B35F74B1B09DD5F227D7C5CECD43982D2452FF15100D8B","D:\Projetos\Neoeffex\neoeffex-site\sites\lu-leve-e-saudavel\assets\decorations\dumbbell.svg"
"C79C86C0DE9C926B70E9ED88D5B8F7EA6EE0F263E686D739CD2ACFF6B341843C","D:\Projetos\Neoeffex\neoeffex-site\sites\lu-leve-e-saudavel\assets\decorations\leaf.svg"
"B495047BD93A9B06913511076F504DABA17D5BBEB3E0650F3BB53A4220329C57","D:\Projetos\Neoeffex\neoeffex-site\sites\lu-leve-e-saudavel\assets\decorations\LICENSE-LUCIDE.txt"
"C652A963193F42D7BB63BD97FEF71646A069602B7D8EFB2FAAC474D1D7E525BD","D:\Projetos\Neoeffex\neoeffex-site\sites\lu-leve-e-saudavel\assets\decorations\README.md"
"B92AFDF2A5FFCF6AA1E95AEF4BACC5B214B7C174462F9555FF134A077796977F","D:\Projetos\Neoeffex\neoeffex-site\sites\lu-leve-e-saudavel\assets\decorations\salad.svg"
"83A89437F950E1DB19F4C3E1A811B64E458BE22B3A0112F166338F1BEC7AD297","D:\Projetos\Neoeffex\neoeffex-site\sites\lu-leve-e-saudavel\assets\decorations\sprout.svg"
"EDEE014FE616A2BCFBD469FD3404C87CF6D6E0623EB2C6EEC820C6C76400AFBB","D:\Projetos\Neoeffex\neoeffex-site\sites\lu-leve-e-saudavel\assets\decorations\sun.svg"
"C449C4BC3430940F8F9A181BCD72AF42BE0C8AD457D9BC0A9146DC8D71ECAEA5","D:\Projetos\Neoeffex\neoeffex-site\sites\lu-leve-e-saudavel\assets\decorations\wheat.svg"
"E391A6AC08AE3DAF2A2CD250425A2C7FB6C46947983FF7DBAC8E5A8202314E0D","D:\Projetos\Neoeffex\neoeffex-site\sites\lu-leve-e-saudavel\assets\fonts\manrope-variable.woff2"
"E01B637272E0CBDFB240184DD98EA5CC671556D9894DAE2668D92AB2C906787C","D:\Projetos\Neoeffex\neoeffex-site\sites\lu-leve-e-saudavel\assets\fonts\OFL-Manrope.txt"
"BA0B9729C9428BA79A0459AB8EC575791B51509DBEC213E383D0316D37FEC299","D:\Projetos\Neoeffex\neoeffex-site\sites\lu-leve-e-saudavel\assets\fonts\OFL-Sora.txt"
"FB522438ED2BB43DBE144BE0B7C32E8348F35A01FBBAECC2E0BEFB5F449B2AED","D:\Projetos\Neoeffex\neoeffex-site\sites\lu-leve-e-saudavel\assets\fonts\README.md"
"0E65A6701CC0D013C8FED9904787FDBF64DD9014C4C0736F7C732EB978A528A7","D:\Projetos\Neoeffex\neoeffex-site\sites\lu-leve-e-saudavel\assets\fonts\sora-variable.woff2"
"A1E48EBE44D0B3D87C2D7BB41B0E4A9A04CE1EA625DF01576E95728F4DE9B8E9","D:\Projetos\Neoeffex\neoeffex-site\sites\lu-leve-e-saudavel\assets\icons\README.md"
"55AFE870A323BB903E43EA90E43661A40A35379982F24DC7B370689CE544BDA0","D:\Projetos\Neoeffex\neoeffex-site\sites\lu-leve-e-saudavel\assets\images\brand\logo-header.webp"
"E479B66DC6E79FEF870FE405CF578ABFB85C63F51CA6DAEE3E5C93D08FFF1263","D:\Projetos\Neoeffex\neoeffex-site\sites\lu-leve-e-saudavel\assets\images\brand\logo-horizontal-marmitas-simbolo-direita.png"
"636827906E9FB9168450301D822990871CA51581993A4E554A173953B79E1FC2","D:\Projetos\Neoeffex\neoeffex-site\sites\lu-leve-e-saudavel\assets\images\brand\logo-horizontal-simbolo-direita-v1.png"
"02712680F7DE86ED848DC98BE802CD799ADC71088068E44A53C2987D2A9A44D0","D:\Projetos\Neoeffex\neoeffex-site\sites\lu-leve-e-saudavel\assets\images\brand\logo-horizontal-simbolo-direita-v2.png"
"D9C7E64D4C3D0BE279C092D9B954EDD2F61DF7AB1C6DBB867BBD642DD6E674DD","D:\Projetos\Neoeffex\neoeffex-site\sites\lu-leve-e-saudavel\assets\images\brand\logo-horizontal-simbolo-esquerda-v1.png"
"2AD4F00318C5BED247047D71D9C65AA70A23ECD412818C2654937CE93C3AAE94","D:\Projetos\Neoeffex\neoeffex-site\sites\lu-leve-e-saudavel\assets\images\brand\logo-horizontal-simbolo-esquerda-v2.png"
"4ECD4E785CE07C3807A5961168B19F47EDA2E96B36856F70573AFE06D0BB3E96","D:\Projetos\Neoeffex\neoeffex-site\sites\lu-leve-e-saudavel\assets\images\brand\logo-horizontal-simbolo-esquerda-v3.png"
"1BFB427E26FFCB77F07AA416AFB128492DCB8B510B28F85928B834D7BDE4AB18","D:\Projetos\Neoeffex\neoeffex-site\sites\lu-leve-e-saudavel\assets\images\brand\README.md"
"ACE311C275CC6C319A8F36172B41D687D67D1E3E205D5D63E64FA4CF648D09EC","D:\Projetos\Neoeffex\neoeffex-site\sites\lu-leve-e-saudavel\assets\images\hero\marmita-640.webp"
"C76EC3EEC1F4DD6AE806DAFDAE1748FE988D8E06474C58C2F8D1BA04ED2F92D8","D:\Projetos\Neoeffex\neoeffex-site\sites\lu-leve-e-saudavel\assets\images\hero\marmita-960.webp"
"618C730A672AC6CAA13135B1F6F04E2FD81722F32CEB7C5CA7DD877BF8B2C86E","D:\Projetos\Neoeffex\neoeffex-site\sites\lu-leve-e-saudavel\assets\images\hero\README.md"
"205AD1B05EE729302DBBF9DF3BB68F98C55A0641137294B545D6B23651BDBFC5","D:\Projetos\Neoeffex\neoeffex-site\sites\lu-leve-e-saudavel\assets\images\instagram\legumes-400.webp"
"5A6BA21B75158F5D751213310E45C8071AFC26143E5476AAE952DA673C9C7F32","D:\Projetos\Neoeffex\neoeffex-site\sites\lu-leve-e-saudavel\assets\images\instagram\legumes-640.webp"
"B75E8267730C5E0236775E5115A24707884F881D9D9DB099CA25760B7067B575","D:\Projetos\Neoeffex\neoeffex-site\sites\lu-leve-e-saudavel\assets\images\instagram\marmitas-640.webp"
"1DEAA6B520690C38101B19BA80B511E53D3C7C8D3EF7CE1EEDE7FEF101831E27","D:\Projetos\Neoeffex\neoeffex-site\sites\lu-leve-e-saudavel\assets\images\instagram\marmitas-960.webp"
"C747D840BA5726405EAF3B2C6245C2C5F212CBDAA24AF3FB7E4225C9D67D0453","D:\Projetos\Neoeffex\neoeffex-site\sites\lu-leve-e-saudavel\assets\images\instagram\PROMPTS.md"
"753A225724479143B3488F8167152A14B15D64C4C5ACF353DB92C1B69BA0284B","D:\Projetos\Neoeffex\neoeffex-site\sites\lu-leve-e-saudavel\assets\images\instagram\README.md"
"228CD47911B5E2DC22042A52E8B075729E748EA377F839C3664D6DD2E333BDD2","D:\Projetos\Neoeffex\neoeffex-site\sites\lu-leve-e-saudavel\assets\images\instagram\rotina-400.webp"
"B73D66DFBF4A51D22B47BA3B48CE9D243E1F859A5BBFAE8C8B3F102268675BDC","D:\Projetos\Neoeffex\neoeffex-site\sites\lu-leve-e-saudavel\assets\images\instagram\rotina-640.webp"
"E479B66DC6E79FEF870FE405CF578ABFB85C63F51CA6DAEE3E5C93D08FFF1263","D:\Projetos\Neoeffex\neoeffex-site\sites\lu-leve-e-saudavel\assets\images\lu-leve-e-saudavel\logo-com-texto-na-direita.png"
"30EEB1287E929E976424B917AED5CA0AC45DF940419D7AFDDF42CCEE8D1ECF99","D:\Projetos\Neoeffex\neoeffex-site\sites\lu-leve-e-saudavel\assets\images\lu-leve-e-saudavel\logo-com-texto-na-esquerda.png"
"1A26B343E54A7A6D9B1A51112ED8888FFCCCF48DB4FB176E02EA31B692966535","D:\Projetos\Neoeffex\neoeffex-site\sites\lu-leve-e-saudavel\assets\images\lu-leve-e-saudavel\logo-quadrada-com-texto.png"
"ED5708B1AFECD2DEB846836D7879ED7B7774CD3C781DAB1AC6BDFC53E154892E","D:\Projetos\Neoeffex\neoeffex-site\sites\lu-leve-e-saudavel\assets\images\lu-leve-e-saudavel\logo-quadrada-sem-texto.png"
"F2B1E481EE04CDDA8DAE5F9B6472D551583D866B3A1BE9700684E8596A4C1E3B","D:\Projetos\Neoeffex\neoeffex-site\sites\lu-leve-e-saudavel\assets\images\products\README.md"
"5037DA72B46AB883E9D6845A968FD2B78F69A77C734CBF6AF199A87D6B039A16","D:\Projetos\Neoeffex\neoeffex-site\sites\lu-leve-e-saudavel\data\menu.json"
"6F1CF893E7FFD5A44B16486AA0820F1E00DFFAE6485AC30D90865DD540950E91","D:\Projetos\Neoeffex\neoeffex-site\sites\lu-leve-e-saudavel\docs\ANIMACOES.md"
"97800380A7497E3D4BDF662AA65A1D77E3E120196DB12809AF0CD7F3E5924BAB","D:\Projetos\Neoeffex\neoeffex-site\sites\lu-leve-e-saudavel\docs\ARQUITETURA.md"
"2B812E04893E7E10641588F2FC1380FACE0C74CE1E3091C4C4C95F8FEE382045","D:\Projetos\Neoeffex\neoeffex-site\sites\lu-leve-e-saudavel\docs\CARDAPIO.md"
"DCCF048C8DA99DA4D4228B21DFA78EC06F1E14E12F1FCFEA357B4161105775F3","D:\Projetos\Neoeffex\neoeffex-site\sites\lu-leve-e-saudavel\docs\CATALOGO.md"
"4C5BEFE939DA5F736E1DA7D9CF350502144A0A5B0B48127D77653A025CC7B90B","D:\Projetos\Neoeffex\neoeffex-site\sites\lu-leve-e-saudavel\docs\CONTATOS.md"
"3C4BA1A1C7878246BBF2CDF70085F2E266FBB92AAC83952A15B793CA5582CFCD","D:\Projetos\Neoeffex\neoeffex-site\sites\lu-leve-e-saudavel\docs\DECORACOES.md"
"3E4829EB0EFDDCF89C6827E9880E79EB3606E378F07FA832375A0805D9A5157C","D:\Projetos\Neoeffex\neoeffex-site\sites\lu-leve-e-saudavel\docs\ETAPAS.md"
"97525DD36DD3F69F69CC33016282445C78BC35EDAF614669553A455A9CAD1378","D:\Projetos\Neoeffex\neoeffex-site\sites\lu-leve-e-saudavel\docs\FUNDOS-ORGANICOS.md"
"E7B62C668F3F153291AEBB82AD3239AC39E66865564FD07E887B229C3E73D0FC","D:\Projetos\Neoeffex\neoeffex-site\sites\lu-leve-e-saudavel\docs\MOBILE-ACESSIBILIDADE.md"
"5A5E5E09259C95F2754E396618C6C8DEBA431CB76648C2563839DC618DD31202","D:\Projetos\Neoeffex\neoeffex-site\sites\lu-leve-e-saudavel\docs\PROMOCOES.md"
"AB31130220F90BD4FA6C32337B96CBAC98C14F1B760ACD2B7880F56D9B317BAF","D:\Projetos\Neoeffex\neoeffex-site\sites\lu-leve-e-saudavel\docs\PUBLICACAO.md"
"6B43B66151218743F0AAABAAF330F719F686C0B909F059047DE874644B4AD91B","D:\Projetos\Neoeffex\neoeffex-site\sites\lu-leve-e-saudavel\docs\RELATORIO-CORRECOES-v0.1.18.md"
"7B30D9E076102E0E38D72E1C1B304A0008843CAD8BBAD63EE9BB29D011A58425","D:\Projetos\Neoeffex\neoeffex-site\sites\lu-leve-e-saudavel\docs\RELATORIO-ETAPA-8.md"
"1CB0BE18A224D97BC9EB372AC2B0662096E8A335647A640C3B16F3C3BFD232DA","D:\Projetos\Neoeffex\neoeffex-site\sites\lu-leve-e-saudavel\docs\SISTEMA-VISUAL.md"
"6715FE58B536F91422AA9DCA5C0CFCC77882BFAFA88F300B3B9E9F83115230C7","D:\Projetos\Neoeffex\neoeffex-site\sites\lu-leve-e-saudavel\docs\TESTES.md"
"A71A910D1BD1513370592B38DC1C60C3F1A1C35DBC5E7EB933D920D40F251BD7","D:\Projetos\Neoeffex\neoeffex-site\sites\lu-leve-e-saudavel\scripts\animations.js"
"FE65001E45A45242E2097DB601CE7A0D0C9A1B9F49ED694C209B7CF9A17F5B01","D:\Projetos\Neoeffex\neoeffex-site\sites\lu-leve-e-saudavel\scripts\catalog.js"
"0336BBA8A99754B967E0B14F8B4700068B7DC3DB48DBA44E1B47FC24D78818FD","D:\Projetos\Neoeffex\neoeffex-site\sites\lu-leve-e-saudavel\scripts\config.js"
"E2049E23104898D34794A23F5BCF7FFA10B0A270EC9031E41EDD7FFC5BEAEC48","D:\Projetos\Neoeffex\neoeffex-site\sites\lu-leve-e-saudavel\scripts\contact-jump.js"
"8E3D57ECE7EA1B2893EE3CE1201DE6DC321E55CD673F62C5997DBF58386CAD83","D:\Projetos\Neoeffex\neoeffex-site\sites\lu-leve-e-saudavel\scripts\fork-highlight.js"
"A127AA00616F973C3A7792848C74366E3597D131C17377A4616809129994EA1D","D:\Projetos\Neoeffex\neoeffex-site\sites\lu-leve-e-saudavel\scripts\hero-intro.js"
"C7631A7CB249BF7F949ADC3E16D81EE8F44A76CA39D972B73CC50A7FB9283CB3","D:\Projetos\Neoeffex\neoeffex-site\sites\lu-leve-e-saudavel\scripts\main.js"
"71AE8DEB75A21B86F6676A4E42437146AA61E1F0E2015E96CEDD1FAEA8C6A7E1","D:\Projetos\Neoeffex\neoeffex-site\sites\lu-leve-e-saudavel\scripts\mobile-order.js"
"1E29C966A6F9ACA9CD33485CBA11036D711AE257AD90207B7D1D34EC01A15F58","D:\Projetos\Neoeffex\neoeffex-site\sites\lu-leve-e-saudavel\scripts\navigation.js"
"E7CC7AA54FA7A0C9A873FCF341E1BBB2D7C842255299929DB570F7BE9FE41003","D:\Projetos\Neoeffex\neoeffex-site\sites\lu-leve-e-saudavel\scripts\price-countup.js"
"5CCEDFF51386EB2874721CCF5702829AB5C3038A5B148EEBA1512566A7699EB3","D:\Projetos\Neoeffex\neoeffex-site\sites\lu-leve-e-saudavel\scripts\promotion.js"
"10E36FF3149DD41DBA39EE082F1E07E52B7B1D174E3268D9094994271BA4E6E8","D:\Projetos\Neoeffex\neoeffex-site\sites\lu-leve-e-saudavel\scripts\whatsapp.js"
"C87A84B06CB7E03F84EFEC8388BEE5B44243C832453FDE87A6380D9C08CB9E11","D:\Projetos\Neoeffex\neoeffex-site\sites\lu-leve-e-saudavel\styles\main.css"
"4DB73F4D6F309CD25AA5D6E5E7A9144C1C8EB791E899FD63D56EFB0D2489FDA3","D:\Projetos\Neoeffex\neoeffex-site\sites\lu-leve-e-saudavel\styles\base\fonts.css"
"A2691F1E0B2F67C4F3AAA900B17337FA45155654DB12DB0DAC9491B93BFD81ED","D:\Projetos\Neoeffex\neoeffex-site\sites\lu-leve-e-saudavel\styles\base\motion.css"
"D66820529C2BE4EC56B5BA526255D19DDC76A5AA96649C66C51175EAD3BA52F5","D:\Projetos\Neoeffex\neoeffex-site\sites\lu-leve-e-saudavel\styles\base\reset.css"
"C7048BBD0463C83FF002A1E9E190E7880A7EA818E0244D3A1781CE3FB9FC9CD5","D:\Projetos\Neoeffex\neoeffex-site\sites\lu-leve-e-saudavel\styles\base\themes.css"
"56846C4DFEC080E030D92EE0EA8E0B69593F3E6149743F2B9E0693EE16B03D42","D:\Projetos\Neoeffex\neoeffex-site\sites\lu-leve-e-saudavel\styles\base\typography.css"
"4C9554C6F1CAA338D57E0650ECE231AB26A1FED6A20884B11D91B6BD0CD74C5B","D:\Projetos\Neoeffex\neoeffex-site\sites\lu-leve-e-saudavel\styles\base\variables.css"
"E8689F68ED0EEF95EF32B2E3E69105DDB11F9AA1C2E3F79E0A0B98192A8BF0AF","D:\Projetos\Neoeffex\neoeffex-site\sites\lu-leve-e-saudavel\styles\components\buttons.css"
"DB852AFB3981EEADD7E5BA8DFF09C2C35A178426887C4832D152070FEB54B912","D:\Projetos\Neoeffex\neoeffex-site\sites\lu-leve-e-saudavel\styles\components\card-hover.css"
"D38D7D32E38FF39D76336A84D1C18B77344734AA98D5FF4C8ED39FAC34C9B1E2","D:\Projetos\Neoeffex\neoeffex-site\sites\lu-leve-e-saudavel\styles\components\contact-card.css"
"A6FEFE189901996F77249D1A0A0379C0554BBAA02F709FF9DFD1BA07AB8330F4","D:\Projetos\Neoeffex\neoeffex-site\sites\lu-leve-e-saudavel\styles\components\contact-jump.css"
"6B7F1FDC5269B60FD1268446F46007F05E24752BB95DFAEA38C6DC8A00E5C8F9","D:\Projetos\Neoeffex\neoeffex-site\sites\lu-leve-e-saudavel\styles\components\decorations.css"
"18F4ECAF06D2FE592E58A5A000B01DA35D732BF278D5EE8ECADA8AF0FCDE74F6","D:\Projetos\Neoeffex\neoeffex-site\sites\lu-leve-e-saudavel\styles\components\fork-highlight.css"
"4BD0EDA30F22B381DD958B5B3D250FC3D46A496675EE82EDAD2016D460227DF5","D:\Projetos\Neoeffex\neoeffex-site\sites\lu-leve-e-saudavel\styles\components\hero-intro.css"
"66CC148CECB0AE9A4DC3A32C0D2E782029C2F9104BD75A41F8FA3159F134BFB4","D:\Projetos\Neoeffex\neoeffex-site\sites\lu-leve-e-saudavel\styles\components\mobile-order.css"
"77D5C21FE7488B50F1723ED706B9CF11082FC478DC889D29C802790E3E849661","D:\Projetos\Neoeffex\neoeffex-site\sites\lu-leve-e-saudavel\styles\components\organic-backgrounds.css"
"43A98DA05B8AB6CAEA9E95199231FCF18ACFB5D7D58F5FB33004B9198860C67E","D:\Projetos\Neoeffex\neoeffex-site\sites\lu-leve-e-saudavel\styles\components\price-card.css"
"8BCB1D698CE8E137FF85F196B4DC7F004EC98BE3AF567088962C9631A63B1A39","D:\Projetos\Neoeffex\neoeffex-site\sites\lu-leve-e-saudavel\styles\components\price-countup.css"
"8D375E61928C7941A7B4CF1BDA55D50C40A3AFA333831FE0CC298AB0E981E0CC","D:\Projetos\Neoeffex\neoeffex-site\sites\lu-leve-e-saudavel\styles\components\promotion.css"
"AC1A72B42ECF543AF72565252D528C2E20592217A8B2026A2BBC73E52382500B","D:\Projetos\Neoeffex\neoeffex-site\sites\lu-leve-e-saudavel\styles\components\surfaces.css"
"6C403216EF4E2731616F8F4AD7036F80FBC391009D538A82A550AFC7971C963E","D:\Projetos\Neoeffex\neoeffex-site\sites\lu-leve-e-saudavel\styles\layout\footer.css"
"BA5CAC498B8576B79701EA369DCE0A593D17A01184D09428DBE551D7A6763158","D:\Projetos\Neoeffex\neoeffex-site\sites\lu-leve-e-saudavel\styles\layout\grid.css"
"B49ABE5363CECC959C72A4C24B65CB721C04C1F67CD407E79AA9348E20CC8998","D:\Projetos\Neoeffex\neoeffex-site\sites\lu-leve-e-saudavel\styles\layout\header.css"
"CD019B3AA53D7C5CBAFA701E96676D1810BA303AC375878AC0A8915213B16752","D:\Projetos\Neoeffex\neoeffex-site\sites\lu-leve-e-saudavel\styles\sections\contact.css"
"BF5C272230729A26E0AC969EE64B5903E2B7254913AEE4D0F05EB92E14C9A5FA","D:\Projetos\Neoeffex\neoeffex-site\sites\lu-leve-e-saudavel\styles\sections\final-cta.css"
"1DD4CE9FEDDBC2AE7EA9D7F38C7C4BD1E9DFA676336C1790292FACD37DBDDAC3","D:\Projetos\Neoeffex\neoeffex-site\sites\lu-leve-e-saudavel\styles\sections\hero.css"
"1D7A25968C15D11F6DE39CEE28519991F9D884BC3F34121981D03058036E929B","D:\Projetos\Neoeffex\neoeffex-site\sites\lu-leve-e-saudavel\styles\sections\how-it-works.css"
"3F8FBFD28C325C1B18056BC232BAF8FABCE9C1B2797E289DA98892DF81DD3BE5","D:\Projetos\Neoeffex\neoeffex-site\sites\lu-leve-e-saudavel\styles\sections\instagram.css"
"68A66AEE20F58BD7A873D1725E7155D866E3799065D613E808AA0895F2B4E32A","D:\Projetos\Neoeffex\neoeffex-site\sites\lu-leve-e-saudavel\styles\sections\products.css"
"6688374355A18F7EF4374F0E4D43E93FCF2BA1124DA8F4963423D9D6572313DE","D:\Projetos\Neoeffex\neoeffex-site\sites\lu-leve-e-saudavel\tests\card-hover.mjs"
"8F5ADF070DF80DB8E11DD97E63C4E77EFA00CEBB66BA30C652757074CD315EDE","D:\Projetos\Neoeffex\neoeffex-site\sites\lu-leve-e-saudavel\tests\catalog-link.mjs"
"53CAC2757CC3578527FDB55B08B22900E061AE4EE8FC5BE56FE7420B1670693D","D:\Projetos\Neoeffex\neoeffex-site\sites\lu-leve-e-saudavel\tests\contact-jump.mjs"
"AF12D37C7342753D45230D0E51F8E36B1CD365C96183C7FBD95B5B0EA3D0E5C4","D:\Projetos\Neoeffex\neoeffex-site\sites\lu-leve-e-saudavel\tests\curve-geometry.mjs"
"617B792975A24A5AB6FED66C67764434581EC3F836886474436F2430F21B08DC","D:\Projetos\Neoeffex\neoeffex-site\sites\lu-leve-e-saudavel\tests\decorations.mjs"
"9806C0472433EE5120BE97B8D5961588BA96F47DC3368197D6AE2BE6E5AA8631","D:\Projetos\Neoeffex\neoeffex-site\sites\lu-leve-e-saudavel\tests\enhancements.mjs"
"7E43629287A4F18163CE44940765DC110796ED6A241CBC8A8F783AEA9BE56BA9","D:\Projetos\Neoeffex\neoeffex-site\sites\lu-leve-e-saudavel\tests\fork-highlight.mjs"
"05937938C213C85A3A57500073512E45EB7863040E05227FDDDF78A7634B28A2","D:\Projetos\Neoeffex\neoeffex-site\sites\lu-leve-e-saudavel\tests\hero-intro.mjs"
"8E08CD5501F7600F654BF4CE302A07017B044B84318E0BB3BE13F547B6A84A4C","D:\Projetos\Neoeffex\neoeffex-site\sites\lu-leve-e-saudavel\tests\intro-fixture.mjs"
"2EFDF85CACB09D40EC0219BFF6CB1184AEEBE4ECEF78F14C38C9B832A52D0735","D:\Projetos\Neoeffex\neoeffex-site\sites\lu-leve-e-saudavel\tests\motion.mjs"
"98FD595C09BC5F2829EE037D92448D6ACCE2E49E2076E0E3C6BEAB7B3057CCFA","D:\Projetos\Neoeffex\neoeffex-site\sites\lu-leve-e-saudavel\tests\organic-backgrounds.mjs"
"9F922A891CBEFDA8BB94FA7E053B4D79F48D2C89DC941D6106FFB9C2290D4670","D:\Projetos\Neoeffex\neoeffex-site\sites\lu-leve-e-saudavel\tests\price-countup.mjs"
"2D67EADDDD0B45477F5C4EB7CCBB2555895C357534BAEEACD78FFBD0B16BC572","D:\Projetos\Neoeffex\neoeffex-site\sites\lu-leve-e-saudavel\tests\release.mjs"
"F3ABF50314B4F0E3A73592C101A06CDED547BB3C04C0D77AEB69F7A1C5898C8A","D:\Projetos\Neoeffex\neoeffex-site\sites\lu-leve-e-saudavel\tests\test-v0.1.18.mjs"
"FE060BF5DA8631BA6AE854155CCF337CE693FAA1620FB964D960572471A9E4AF","D:\Projetos\Neoeffex\neoeffex-site\sites\lu-leve-e-saudavel\tests\validate.mjs"
"4A79CA97C65259600BC6F41EF5B9C7F777DEF3FB0EC65736052406132BA197B6","D:\Projetos\Neoeffex\neoeffex-site\sites\lu-leve-e-saudavel\tools\build-decorations.mjs"
"A61A7A20B92BD4CDFA7EC8C153B533A44D2011B8AF37BD83F09C50C8C0842009","D:\Projetos\Neoeffex\neoeffex-site\sites\lu-leve-e-saudavel\tools\build-menu.mjs"
"D0590625C704B154076FA294F7A5562C2AB6EFB8E5B84948DA0A4C443E009395","D:\Projetos\Neoeffex\neoeffex-site\sites\lu-leve-e-saudavel\tools\check-release.mjs"
"50FF897047E6AE4922B163C63C23355FF4186478CDDBAF2984987DC6510A9AC6","D:\Projetos\Neoeffex\neoeffex-site\sites\lu-leve-e-saudavel\tools\menu-template.mjs"
